<?xml version="1.0" encoding="utf-8"?>
<gpx version="1.1" creator="NetTopologySuite.IO.GPX" xmlns="http://www.topografix.com/GPX/1/1">
  <trk>
    <trkseg>
      <trkpt lat="50.1523" lon="14.86005">
        <ele>215</ele>
        <time>2025-03-28T15:29:28Z</time>
      </trkpt>
      <trkpt lat="50.1523" lon="14.86005">
        <ele>215</ele>
        <time>2025-03-28T15:29:29Z</time>
      </trkpt>
      <trkpt lat="50.1523" lon="14.86005">
        <ele>215</ele>
        <time>2025-03-28T15:29:30Z</time>
      </trkpt>
      <trkpt lat="50.1523" lon="14.86005">
        <ele>215</ele>
        <time>2025-03-28T15:29:31Z</time>
      </trkpt>
      <trkpt lat="50.1523" lon="14.86005">
        <ele>215</ele>
        <time>2025-03-28T15:29:32Z</time>
      </trkpt>
      <trkpt lat="50.1523" lon="14.86005">
        <ele>215</ele>
        <time>2025-03-28T15:29:33Z</time>
      </trkpt>
      <trkpt lat="50.1523" lon="14.86005">
        <ele>215</ele>
        <time>2025-03-28T15:29:34Z</time>
      </trkpt>
      <trkpt lat="50.1523" lon="14.86005">
        <ele>215</ele>
        <time>2025-03-28T15:29:35Z</time>
      </trkpt>
      <trkpt lat="50.1523" lon="14.86005">
        <ele>215</ele>
        <time>2025-03-28T15:29:36Z</time>
      </trkpt>
      <trkpt lat="50.1523" lon="14.86005">
        <ele>215</ele>
        <time>2025-03-28T15:29:37Z</time>
      </trkpt>
      <trkpt lat="50.1523" lon="14.86005">
        <ele>215</ele>
        <time>2025-03-28T15:29:38Z</time>
      </trkpt>
      <trkpt lat="50.1523" lon="14.86005">
        <ele>215</ele>
        <time>2025-03-28T15:29:39Z</time>
      </trkpt>
      <trkpt lat="50.1523" lon="14.86005">
        <ele>215</ele>
        <time>2025-03-28T15:29:40Z</time>
      </trkpt>
      <trkpt lat="50.1523" lon="14.86005">
        <ele>215</ele>
        <time>2025-03-28T15:29:41Z</time>
      </trkpt>
      <trkpt lat="50.1523" lon="14.86005">
        <ele>215</ele>
        <time>2025-03-28T15:29:42Z</time>
      </trkpt>
      <trkpt lat="50.15228333333334" lon="14.860066666666667">
        <ele>215</ele>
        <time>2025-03-28T15:29:43Z</time>
      </trkpt>
      <trkpt lat="50.15228333333334" lon="14.860066666666667">
        <ele>215</ele>
        <time>2025-03-28T15:29:44Z</time>
      </trkpt>
      <trkpt lat="50.15228333333334" lon="14.860083333333334">
        <ele>215</ele>
        <time>2025-03-28T15:29:45Z</time>
      </trkpt>
      <trkpt lat="50.15228333333334" lon="14.860066666666667">
        <ele>215</ele>
        <time>2025-03-28T15:29:46Z</time>
      </trkpt>
      <trkpt lat="50.15228333333334" lon="14.86005">
        <ele>215</ele>
        <time>2025-03-28T15:29:47Z</time>
      </trkpt>
      <trkpt lat="50.152233333333335" lon="14.860033333333334">
        <ele>215</ele>
        <time>2025-03-28T15:29:48Z</time>
      </trkpt>
      <trkpt lat="50.152166666666666" lon="14.860033333333334">
        <ele>216</ele>
        <time>2025-03-28T15:29:49Z</time>
      </trkpt>
      <trkpt lat="50.1521" lon="14.86">
        <ele>216</ele>
        <time>2025-03-28T15:29:50Z</time>
      </trkpt>
      <trkpt lat="50.15201666666667" lon="14.859966666666667">
        <ele>217</ele>
        <time>2025-03-28T15:29:51Z</time>
      </trkpt>
      <trkpt lat="50.15193333333333" lon="14.859916666666667">
        <ele>217</ele>
        <time>2025-03-28T15:29:52Z</time>
      </trkpt>
      <trkpt lat="50.15186666666666" lon="14.8599">
        <ele>218</ele>
        <time>2025-03-28T15:29:53Z</time>
      </trkpt>
      <trkpt lat="50.1518" lon="14.859883333333334">
        <ele>219</ele>
        <time>2025-03-28T15:29:54Z</time>
      </trkpt>
      <trkpt lat="50.151716666666665" lon="14.8599">
        <ele>220</ele>
        <time>2025-03-28T15:29:55Z</time>
      </trkpt>
      <trkpt lat="50.151633333333336" lon="14.8599">
        <ele>221</ele>
        <time>2025-03-28T15:29:56Z</time>
      </trkpt>
      <trkpt lat="50.15153333333333" lon="14.859866666666667">
        <ele>222</ele>
        <time>2025-03-28T15:29:57Z</time>
      </trkpt>
      <trkpt lat="50.15145" lon="14.85985">
        <ele>223</ele>
        <time>2025-03-28T15:29:58Z</time>
      </trkpt>
      <trkpt lat="50.15136666666667" lon="14.859833333333333">
        <ele>224</ele>
        <time>2025-03-28T15:29:59Z</time>
      </trkpt>
      <trkpt lat="50.15128333333333" lon="14.859833333333333">
        <ele>226</ele>
        <time>2025-03-28T15:30:00Z</time>
      </trkpt>
      <trkpt lat="50.15123333333333" lon="14.859833333333333">
        <ele>228</ele>
        <time>2025-03-28T15:30:01Z</time>
      </trkpt>
      <trkpt lat="50.15115" lon="14.85985">
        <ele>229</ele>
        <time>2025-03-28T15:30:02Z</time>
      </trkpt>
      <trkpt lat="50.15108333333333" lon="14.859883333333334">
        <ele>231</ele>
        <time>2025-03-28T15:30:03Z</time>
      </trkpt>
      <trkpt lat="50.151" lon="14.85995">
        <ele>233</ele>
        <time>2025-03-28T15:30:04Z</time>
      </trkpt>
      <trkpt lat="50.15095" lon="14.86005">
        <ele>234</ele>
        <time>2025-03-28T15:30:05Z</time>
      </trkpt>
      <trkpt lat="50.15091666666667" lon="14.860183333333334">
        <ele>235</ele>
        <time>2025-03-28T15:30:06Z</time>
      </trkpt>
      <trkpt lat="50.15091666666667" lon="14.860333333333333">
        <ele>236</ele>
        <time>2025-03-28T15:30:07Z</time>
      </trkpt>
      <trkpt lat="50.15091666666667" lon="14.8605">
        <ele>236</ele>
        <time>2025-03-28T15:30:08Z</time>
      </trkpt>
      <trkpt lat="50.150933333333334" lon="14.86065">
        <ele>237</ele>
        <time>2025-03-28T15:30:09Z</time>
      </trkpt>
      <trkpt lat="50.15095" lon="14.8608">
        <ele>238</ele>
        <time>2025-03-28T15:30:10Z</time>
      </trkpt>
      <trkpt lat="50.150983333333336" lon="14.860966666666666">
        <ele>239</ele>
        <time>2025-03-28T15:30:11Z</time>
      </trkpt>
      <trkpt lat="50.15101666666666" lon="14.861116666666666">
        <ele>240</ele>
        <time>2025-03-28T15:30:12Z</time>
      </trkpt>
      <trkpt lat="50.15105" lon="14.861283333333333">
        <ele>241</ele>
        <time>2025-03-28T15:30:13Z</time>
      </trkpt>
      <trkpt lat="50.151066666666665" lon="14.861433333333334">
        <ele>241</ele>
        <time>2025-03-28T15:30:14Z</time>
      </trkpt>
      <trkpt lat="50.15108333333333" lon="14.8616">
        <ele>241</ele>
        <time>2025-03-28T15:30:15Z</time>
      </trkpt>
      <trkpt lat="50.15111666666667" lon="14.86175">
        <ele>240</ele>
        <time>2025-03-28T15:30:16Z</time>
      </trkpt>
      <trkpt lat="50.151133333333334" lon="14.861883333333333">
        <ele>240</ele>
        <time>2025-03-28T15:30:17Z</time>
      </trkpt>
      <trkpt lat="50.151183333333336" lon="14.862016666666667">
        <ele>239</ele>
        <time>2025-03-28T15:30:18Z</time>
      </trkpt>
      <trkpt lat="50.15121666666667" lon="14.86215">
        <ele>238</ele>
        <time>2025-03-28T15:30:19Z</time>
      </trkpt>
      <trkpt lat="50.151266666666665" lon="14.862316666666667">
        <ele>236</ele>
        <time>2025-03-28T15:30:20Z</time>
      </trkpt>
      <trkpt lat="50.1513" lon="14.8625">
        <ele>233</ele>
        <time>2025-03-28T15:30:21Z</time>
      </trkpt>
      <trkpt lat="50.15135" lon="14.8627">
        <ele>231</ele>
        <time>2025-03-28T15:30:22Z</time>
      </trkpt>
      <trkpt lat="50.151383333333335" lon="14.862883333333333">
        <ele>228</ele>
        <time>2025-03-28T15:30:23Z</time>
      </trkpt>
      <trkpt lat="50.151383333333335" lon="14.863033333333334">
        <ele>228</ele>
        <time>2025-03-28T15:30:24Z</time>
      </trkpt>
      <trkpt lat="50.15135" lon="14.863166666666666">
        <ele>230</ele>
        <time>2025-03-28T15:30:25Z</time>
      </trkpt>
      <trkpt lat="50.151316666666666" lon="14.863283333333333">
        <ele>232</ele>
        <time>2025-03-28T15:30:26Z</time>
      </trkpt>
      <trkpt lat="50.15128333333333" lon="14.863416666666666">
        <ele>233</ele>
        <time>2025-03-28T15:30:27Z</time>
      </trkpt>
      <trkpt lat="50.151266666666665" lon="14.863583333333333">
        <ele>233</ele>
        <time>2025-03-28T15:30:28Z</time>
      </trkpt>
      <trkpt lat="50.15128333333333" lon="14.863766666666667">
        <ele>231</ele>
        <time>2025-03-28T15:30:29Z</time>
      </trkpt>
      <trkpt lat="50.151316666666666" lon="14.863983333333334">
        <ele>230</ele>
        <time>2025-03-28T15:30:30Z</time>
      </trkpt>
      <trkpt lat="50.15133333333333" lon="14.864166666666666">
        <ele>229</ele>
        <time>2025-03-28T15:30:31Z</time>
      </trkpt>
      <trkpt lat="50.15128333333333" lon="14.864316666666667">
        <ele>230</ele>
        <time>2025-03-28T15:30:32Z</time>
      </trkpt>
      <trkpt lat="50.151183333333336" lon="14.864383333333333">
        <ele>230</ele>
        <time>2025-03-28T15:30:33Z</time>
      </trkpt>
      <trkpt lat="50.151066666666665" lon="14.864383333333333">
        <ele>231</ele>
        <time>2025-03-28T15:30:34Z</time>
      </trkpt>
      <trkpt lat="50.150983333333336" lon="14.864383333333333">
        <ele>231</ele>
        <time>2025-03-28T15:30:35Z</time>
      </trkpt>
      <trkpt lat="50.15091666666667" lon="14.8644">
        <ele>233</ele>
        <time>2025-03-28T15:30:36Z</time>
      </trkpt>
      <trkpt lat="50.15085" lon="14.864433333333332">
        <ele>234</ele>
        <time>2025-03-28T15:30:37Z</time>
      </trkpt>
      <trkpt lat="50.15076666666667" lon="14.864466666666667">
        <ele>236</ele>
        <time>2025-03-28T15:30:38Z</time>
      </trkpt>
      <trkpt lat="50.15068333333333" lon="14.864466666666667">
        <ele>237</ele>
        <time>2025-03-28T15:30:39Z</time>
      </trkpt>
      <trkpt lat="50.1506" lon="14.864433333333332">
        <ele>238</ele>
        <time>2025-03-28T15:30:40Z</time>
      </trkpt>
      <trkpt lat="50.15051666666667" lon="14.86435">
        <ele>238</ele>
        <time>2025-03-28T15:30:41Z</time>
      </trkpt>
      <trkpt lat="50.15045" lon="14.864216666666668">
        <ele>238</ele>
        <time>2025-03-28T15:30:42Z</time>
      </trkpt>
      <trkpt lat="50.15043333333333" lon="14.864066666666666">
        <ele>239</ele>
        <time>2025-03-28T15:30:43Z</time>
      </trkpt>
      <trkpt lat="50.150416666666665" lon="14.863916666666666">
        <ele>239</ele>
        <time>2025-03-28T15:30:44Z</time>
      </trkpt>
      <trkpt lat="50.150416666666665" lon="14.863766666666667">
        <ele>240</ele>
        <time>2025-03-28T15:30:45Z</time>
      </trkpt>
      <trkpt lat="50.15043333333333" lon="14.8636">
        <ele>241</ele>
        <time>2025-03-28T15:30:46Z</time>
      </trkpt>
      <trkpt lat="50.15045" lon="14.863416666666666">
        <ele>242</ele>
        <time>2025-03-28T15:30:47Z</time>
      </trkpt>
      <trkpt lat="50.15046666666667" lon="14.863233333333334">
        <ele>242</ele>
        <time>2025-03-28T15:30:48Z</time>
      </trkpt>
      <trkpt lat="50.150483333333334" lon="14.863033333333334">
        <ele>243</ele>
        <time>2025-03-28T15:30:49Z</time>
      </trkpt>
      <trkpt lat="50.1505" lon="14.862833333333333">
        <ele>244</ele>
        <time>2025-03-28T15:30:50Z</time>
      </trkpt>
      <trkpt lat="50.150533333333335" lon="14.862666666666666">
        <ele>245</ele>
        <time>2025-03-28T15:30:51Z</time>
      </trkpt>
      <trkpt lat="50.15058333333333" lon="14.862516666666666">
        <ele>248</ele>
        <time>2025-03-28T15:30:52Z</time>
      </trkpt>
      <trkpt lat="50.15063333333333" lon="14.8624">
        <ele>250</ele>
        <time>2025-03-28T15:30:53Z</time>
      </trkpt>
      <trkpt lat="50.15068333333333" lon="14.862266666666667">
        <ele>252</ele>
        <time>2025-03-28T15:30:54Z</time>
      </trkpt>
      <trkpt lat="50.15071666666667" lon="14.8621">
        <ele>254</ele>
        <time>2025-03-28T15:30:55Z</time>
      </trkpt>
      <trkpt lat="50.15078333333334" lon="14.861933333333333">
        <ele>254</ele>
        <time>2025-03-28T15:30:56Z</time>
      </trkpt>
      <trkpt lat="50.150866666666666" lon="14.86175">
        <ele>253</ele>
        <time>2025-03-28T15:30:57Z</time>
      </trkpt>
      <trkpt lat="50.15096666666667" lon="14.8616">
        <ele>252</ele>
        <time>2025-03-28T15:30:58Z</time>
      </trkpt>
      <trkpt lat="50.15108333333333" lon="14.861466666666667">
        <ele>251</ele>
        <time>2025-03-28T15:30:59Z</time>
      </trkpt>
      <trkpt lat="50.151183333333336" lon="14.86135">
        <ele>251</ele>
        <time>2025-03-28T15:31:00Z</time>
      </trkpt>
      <trkpt lat="50.151266666666665" lon="14.8612">
        <ele>252</ele>
        <time>2025-03-28T15:31:01Z</time>
      </trkpt>
      <trkpt lat="50.151316666666666" lon="14.861066666666666">
        <ele>253</ele>
        <time>2025-03-28T15:31:02Z</time>
      </trkpt>
      <trkpt lat="50.15136666666667" lon="14.860916666666666">
        <ele>253</ele>
        <time>2025-03-28T15:31:03Z</time>
      </trkpt>
      <trkpt lat="50.15143333333334" lon="14.860766666666667">
        <ele>254</ele>
        <time>2025-03-28T15:31:04Z</time>
      </trkpt>
      <trkpt lat="50.151516666666666" lon="14.860616666666667">
        <ele>253</ele>
        <time>2025-03-28T15:31:05Z</time>
      </trkpt>
      <trkpt lat="50.151583333333335" lon="14.86045">
        <ele>252</ele>
        <time>2025-03-28T15:31:06Z</time>
      </trkpt>
      <trkpt lat="50.15165" lon="14.860266666666666">
        <ele>251</ele>
        <time>2025-03-28T15:31:07Z</time>
      </trkpt>
      <trkpt lat="50.151716666666665" lon="14.8601">
        <ele>250</ele>
        <time>2025-03-28T15:31:08Z</time>
      </trkpt>
      <trkpt lat="50.15176666666667" lon="14.859933333333334">
        <ele>249</ele>
        <time>2025-03-28T15:31:09Z</time>
      </trkpt>
      <trkpt lat="50.15185" lon="14.8598">
        <ele>249</ele>
        <time>2025-03-28T15:31:10Z</time>
      </trkpt>
      <trkpt lat="50.151916666666665" lon="14.85965">
        <ele>249</ele>
        <time>2025-03-28T15:31:11Z</time>
      </trkpt>
      <trkpt lat="50.151983333333334" lon="14.859483333333333">
        <ele>249</ele>
        <time>2025-03-28T15:31:12Z</time>
      </trkpt>
      <trkpt lat="50.15205" lon="14.8593">
        <ele>249</ele>
        <time>2025-03-28T15:31:13Z</time>
      </trkpt>
      <trkpt lat="50.1521" lon="14.859133333333334">
        <ele>249</ele>
        <time>2025-03-28T15:31:14Z</time>
      </trkpt>
      <trkpt lat="50.152166666666666" lon="14.85895">
        <ele>248</ele>
        <time>2025-03-28T15:31:15Z</time>
      </trkpt>
      <trkpt lat="50.152233333333335" lon="14.858783333333333">
        <ele>247</ele>
        <time>2025-03-28T15:31:16Z</time>
      </trkpt>
      <trkpt lat="50.1523" lon="14.8586">
        <ele>247</ele>
        <time>2025-03-28T15:31:17Z</time>
      </trkpt>
      <trkpt lat="50.152366666666666" lon="14.858416666666667">
        <ele>247</ele>
        <time>2025-03-28T15:31:18Z</time>
      </trkpt>
      <trkpt lat="50.15241666666667" lon="14.85825">
        <ele>247</ele>
        <time>2025-03-28T15:31:19Z</time>
      </trkpt>
      <trkpt lat="50.15246666666667" lon="14.858066666666666">
        <ele>247</ele>
        <time>2025-03-28T15:31:20Z</time>
      </trkpt>
      <trkpt lat="50.15253333333333" lon="14.8579">
        <ele>248</ele>
        <time>2025-03-28T15:31:21Z</time>
      </trkpt>
      <trkpt lat="50.15258333333333" lon="14.85775">
        <ele>248</ele>
        <time>2025-03-28T15:31:22Z</time>
      </trkpt>
      <trkpt lat="50.15261666666667" lon="14.857566666666667">
        <ele>248</ele>
        <time>2025-03-28T15:31:23Z</time>
      </trkpt>
      <trkpt lat="50.15265" lon="14.857366666666667">
        <ele>249</ele>
        <time>2025-03-28T15:31:24Z</time>
      </trkpt>
      <trkpt lat="50.152633333333334" lon="14.8572">
        <ele>249</ele>
        <time>2025-03-28T15:31:25Z</time>
      </trkpt>
      <trkpt lat="50.152566666666665" lon="14.857033333333334">
        <ele>249</ele>
        <time>2025-03-28T15:31:26Z</time>
      </trkpt>
      <trkpt lat="50.1525" lon="14.8569">
        <ele>249</ele>
        <time>2025-03-28T15:31:27Z</time>
      </trkpt>
      <trkpt lat="50.15245" lon="14.856783333333333">
        <ele>250</ele>
        <time>2025-03-28T15:31:28Z</time>
      </trkpt>
      <trkpt lat="50.15238333333333" lon="14.8567">
        <ele>251</ele>
        <time>2025-03-28T15:31:29Z</time>
      </trkpt>
      <trkpt lat="50.1523" lon="14.856616666666667">
        <ele>252</ele>
        <time>2025-03-28T15:31:30Z</time>
      </trkpt>
      <trkpt lat="50.152233333333335" lon="14.856566666666666">
        <ele>253</ele>
        <time>2025-03-28T15:31:31Z</time>
      </trkpt>
      <trkpt lat="50.15215" lon="14.85655">
        <ele>254</ele>
        <time>2025-03-28T15:31:32Z</time>
      </trkpt>
      <trkpt lat="50.15206666666667" lon="14.856516666666666">
        <ele>254</ele>
        <time>2025-03-28T15:31:33Z</time>
      </trkpt>
      <trkpt lat="50.151983333333334" lon="14.8565">
        <ele>253</ele>
        <time>2025-03-28T15:31:34Z</time>
      </trkpt>
      <trkpt lat="50.15188333333333" lon="14.856483333333333">
        <ele>253</ele>
        <time>2025-03-28T15:31:35Z</time>
      </trkpt>
      <trkpt lat="50.1518" lon="14.85645">
        <ele>252</ele>
        <time>2025-03-28T15:31:36Z</time>
      </trkpt>
      <trkpt lat="50.1517" lon="14.856433333333333">
        <ele>253</ele>
        <time>2025-03-28T15:31:37Z</time>
      </trkpt>
      <trkpt lat="50.15161666666667" lon="14.856433333333333">
        <ele>253</ele>
        <time>2025-03-28T15:31:38Z</time>
      </trkpt>
      <trkpt lat="50.151516666666666" lon="14.856433333333333">
        <ele>253</ele>
        <time>2025-03-28T15:31:39Z</time>
      </trkpt>
      <trkpt lat="50.15143333333334" lon="14.856433333333333">
        <ele>254</ele>
        <time>2025-03-28T15:31:40Z</time>
      </trkpt>
      <trkpt lat="50.15133333333333" lon="14.856466666666666">
        <ele>254</ele>
        <time>2025-03-28T15:31:41Z</time>
      </trkpt>
      <trkpt lat="50.15123333333333" lon="14.856483333333333">
        <ele>255</ele>
        <time>2025-03-28T15:31:42Z</time>
      </trkpt>
      <trkpt lat="50.151133333333334" lon="14.8565">
        <ele>257</ele>
        <time>2025-03-28T15:31:43Z</time>
      </trkpt>
      <trkpt lat="50.151066666666665" lon="14.856533333333333">
        <ele>258</ele>
        <time>2025-03-28T15:31:44Z</time>
      </trkpt>
      <trkpt lat="50.15096666666667" lon="14.856566666666666">
        <ele>260</ele>
        <time>2025-03-28T15:31:45Z</time>
      </trkpt>
      <trkpt lat="50.150866666666666" lon="14.8566">
        <ele>261</ele>
        <time>2025-03-28T15:31:46Z</time>
      </trkpt>
      <trkpt lat="50.15078333333334" lon="14.856633333333333">
        <ele>262</ele>
        <time>2025-03-28T15:31:47Z</time>
      </trkpt>
      <trkpt lat="50.15068333333333" lon="14.85665">
        <ele>262</ele>
        <time>2025-03-28T15:31:48Z</time>
      </trkpt>
      <trkpt lat="50.1506" lon="14.856683333333333">
        <ele>263</ele>
        <time>2025-03-28T15:31:49Z</time>
      </trkpt>
      <trkpt lat="50.15051666666667" lon="14.856716666666667">
        <ele>264</ele>
        <time>2025-03-28T15:31:50Z</time>
      </trkpt>
      <trkpt lat="50.15046666666667" lon="14.8568">
        <ele>265</ele>
        <time>2025-03-28T15:31:51Z</time>
      </trkpt>
      <trkpt lat="50.15038333333333" lon="14.85685">
        <ele>265</ele>
        <time>2025-03-28T15:31:52Z</time>
      </trkpt>
      <trkpt lat="50.15031666666667" lon="14.856916666666667">
        <ele>265</ele>
        <time>2025-03-28T15:31:53Z</time>
      </trkpt>
      <trkpt lat="50.150216666666665" lon="14.857">
        <ele>266</ele>
        <time>2025-03-28T15:31:54Z</time>
      </trkpt>
      <trkpt lat="50.150133333333336" lon="14.857066666666666">
        <ele>266</ele>
        <time>2025-03-28T15:31:55Z</time>
      </trkpt>
      <trkpt lat="50.15005" lon="14.857133333333334">
        <ele>267</ele>
        <time>2025-03-28T15:31:56Z</time>
      </trkpt>
      <trkpt lat="50.149966666666664" lon="14.857233333333333">
        <ele>268</ele>
        <time>2025-03-28T15:31:57Z</time>
      </trkpt>
      <trkpt lat="50.14991666666667" lon="14.857333333333333">
        <ele>270</ele>
        <time>2025-03-28T15:31:58Z</time>
      </trkpt>
      <trkpt lat="50.14985" lon="14.857433333333333">
        <ele>273</ele>
        <time>2025-03-28T15:31:59Z</time>
      </trkpt>
      <trkpt lat="50.14978333333333" lon="14.85755">
        <ele>275</ele>
        <time>2025-03-28T15:32:00Z</time>
      </trkpt>
      <trkpt lat="50.14973333333333" lon="14.857666666666667">
        <ele>278</ele>
        <time>2025-03-28T15:32:01Z</time>
      </trkpt>
      <trkpt lat="50.1497" lon="14.857783333333334">
        <ele>280</ele>
        <time>2025-03-28T15:32:02Z</time>
      </trkpt>
      <trkpt lat="50.14965" lon="14.857933333333333">
        <ele>282</ele>
        <time>2025-03-28T15:32:03Z</time>
      </trkpt>
      <trkpt lat="50.149633333333334" lon="14.8581">
        <ele>284</ele>
        <time>2025-03-28T15:32:04Z</time>
      </trkpt>
      <trkpt lat="50.1496" lon="14.85825">
        <ele>286</ele>
        <time>2025-03-28T15:32:05Z</time>
      </trkpt>
      <trkpt lat="50.14958333333333" lon="14.8584">
        <ele>287</ele>
        <time>2025-03-28T15:32:06Z</time>
      </trkpt>
      <trkpt lat="50.14955" lon="14.85855">
        <ele>289</ele>
        <time>2025-03-28T15:32:07Z</time>
      </trkpt>
      <trkpt lat="50.14953333333333" lon="14.858683333333333">
        <ele>291</ele>
        <time>2025-03-28T15:32:08Z</time>
      </trkpt>
      <trkpt lat="50.1495" lon="14.858816666666666">
        <ele>292</ele>
        <time>2025-03-28T15:32:09Z</time>
      </trkpt>
      <trkpt lat="50.149483333333336" lon="14.85895">
        <ele>292</ele>
        <time>2025-03-28T15:32:10Z</time>
      </trkpt>
      <trkpt lat="50.149483333333336" lon="14.8591">
        <ele>292</ele>
        <time>2025-03-28T15:32:11Z</time>
      </trkpt>
      <trkpt lat="50.14946666666667" lon="14.85925">
        <ele>292</ele>
        <time>2025-03-28T15:32:12Z</time>
      </trkpt>
      <trkpt lat="50.14946666666667" lon="14.8594">
        <ele>293</ele>
        <time>2025-03-28T15:32:13Z</time>
      </trkpt>
      <trkpt lat="50.14946666666667" lon="14.859533333333333">
        <ele>294</ele>
        <time>2025-03-28T15:32:14Z</time>
      </trkpt>
      <trkpt lat="50.14946666666667" lon="14.85965">
        <ele>294</ele>
        <time>2025-03-28T15:32:15Z</time>
      </trkpt>
      <trkpt lat="50.14946666666667" lon="14.859766666666667">
        <ele>296</ele>
        <time>2025-03-28T15:32:16Z</time>
      </trkpt>
      <trkpt lat="50.14946666666667" lon="14.8599">
        <ele>296</ele>
        <time>2025-03-28T15:32:17Z</time>
      </trkpt>
      <trkpt lat="50.14946666666667" lon="14.86005">
        <ele>297</ele>
        <time>2025-03-28T15:32:18Z</time>
      </trkpt>
      <trkpt lat="50.14946666666667" lon="14.860183333333334">
        <ele>298</ele>
        <time>2025-03-28T15:32:19Z</time>
      </trkpt>
      <trkpt lat="50.14946666666667" lon="14.8603">
        <ele>297</ele>
        <time>2025-03-28T15:32:20Z</time>
      </trkpt>
      <trkpt lat="50.14945" lon="14.860433333333333">
        <ele>297</ele>
        <time>2025-03-28T15:32:21Z</time>
      </trkpt>
      <trkpt lat="50.14945" lon="14.860583333333333">
        <ele>297</ele>
        <time>2025-03-28T15:32:22Z</time>
      </trkpt>
      <trkpt lat="50.14945" lon="14.860716666666667">
        <ele>298</ele>
        <time>2025-03-28T15:32:23Z</time>
      </trkpt>
      <trkpt lat="50.149483333333336" lon="14.860833333333334">
        <ele>298</ele>
        <time>2025-03-28T15:32:24Z</time>
      </trkpt>
      <trkpt lat="50.1495" lon="14.860983333333333">
        <ele>298</ele>
        <time>2025-03-28T15:32:25Z</time>
      </trkpt>
      <trkpt lat="50.1495" lon="14.861116666666666">
        <ele>298</ele>
        <time>2025-03-28T15:32:26Z</time>
      </trkpt>
      <trkpt lat="50.149483333333336" lon="14.861266666666667">
        <ele>298</ele>
        <time>2025-03-28T15:32:27Z</time>
      </trkpt>
      <trkpt lat="50.1495" lon="14.861433333333334">
        <ele>297</ele>
        <time>2025-03-28T15:32:28Z</time>
      </trkpt>
      <trkpt lat="50.149483333333336" lon="14.861616666666666">
        <ele>296</ele>
        <time>2025-03-28T15:32:29Z</time>
      </trkpt>
      <trkpt lat="50.149483333333336" lon="14.861783333333333">
        <ele>296</ele>
        <time>2025-03-28T15:32:30Z</time>
      </trkpt>
      <trkpt lat="50.14945" lon="14.8619">
        <ele>297</ele>
        <time>2025-03-28T15:32:31Z</time>
      </trkpt>
      <trkpt lat="50.1494" lon="14.862">
        <ele>298</ele>
        <time>2025-03-28T15:32:32Z</time>
      </trkpt>
      <trkpt lat="50.14933333333333" lon="14.862066666666667">
        <ele>298</ele>
        <time>2025-03-28T15:32:33Z</time>
      </trkpt>
      <trkpt lat="50.14926666666667" lon="14.862133333333333">
        <ele>299</ele>
        <time>2025-03-28T15:32:34Z</time>
      </trkpt>
      <trkpt lat="50.14918333333333" lon="14.862183333333334">
        <ele>300</ele>
        <time>2025-03-28T15:32:35Z</time>
      </trkpt>
      <trkpt lat="50.1491" lon="14.862233333333334">
        <ele>300</ele>
        <time>2025-03-28T15:32:36Z</time>
      </trkpt>
      <trkpt lat="50.149" lon="14.86225">
        <ele>301</ele>
        <time>2025-03-28T15:32:37Z</time>
      </trkpt>
      <trkpt lat="50.1489" lon="14.862233333333334">
        <ele>301</ele>
        <time>2025-03-28T15:32:38Z</time>
      </trkpt>
      <trkpt lat="50.14881666666667" lon="14.862233333333334">
        <ele>301</ele>
        <time>2025-03-28T15:32:39Z</time>
      </trkpt>
      <trkpt lat="50.14873333333333" lon="14.862216666666667">
        <ele>302</ele>
        <time>2025-03-28T15:32:40Z</time>
      </trkpt>
      <trkpt lat="50.148666666666664" lon="14.8622">
        <ele>303</ele>
        <time>2025-03-28T15:32:41Z</time>
      </trkpt>
      <trkpt lat="50.14856666666667" lon="14.8622">
        <ele>305</ele>
        <time>2025-03-28T15:32:42Z</time>
      </trkpt>
      <trkpt lat="50.1485" lon="14.8622">
        <ele>306</ele>
        <time>2025-03-28T15:32:43Z</time>
      </trkpt>
      <trkpt lat="50.1484" lon="14.862183333333334">
        <ele>307</ele>
        <time>2025-03-28T15:32:44Z</time>
      </trkpt>
      <trkpt lat="50.1483" lon="14.862166666666667">
        <ele>308</ele>
        <time>2025-03-28T15:32:45Z</time>
      </trkpt>
      <trkpt lat="50.1482" lon="14.862116666666667">
        <ele>309</ele>
        <time>2025-03-28T15:32:46Z</time>
      </trkpt>
      <trkpt lat="50.14811666666667" lon="14.862066666666667">
        <ele>311</ele>
        <time>2025-03-28T15:32:47Z</time>
      </trkpt>
      <trkpt lat="50.14805" lon="14.861983333333333">
        <ele>312</ele>
        <time>2025-03-28T15:32:48Z</time>
      </trkpt>
      <trkpt lat="50.14796666666667" lon="14.8619">
        <ele>313</ele>
        <time>2025-03-28T15:32:49Z</time>
      </trkpt>
      <trkpt lat="50.14788333333333" lon="14.861816666666666">
        <ele>314</ele>
        <time>2025-03-28T15:32:50Z</time>
      </trkpt>
      <trkpt lat="50.1478" lon="14.861733333333333">
        <ele>314</ele>
        <time>2025-03-28T15:32:51Z</time>
      </trkpt>
      <trkpt lat="50.14771666666667" lon="14.861683333333334">
        <ele>314</ele>
        <time>2025-03-28T15:32:52Z</time>
      </trkpt>
      <trkpt lat="50.14765" lon="14.8616">
        <ele>314</ele>
        <time>2025-03-28T15:32:53Z</time>
      </trkpt>
      <trkpt lat="50.14756666666667" lon="14.861516666666667">
        <ele>315</ele>
        <time>2025-03-28T15:32:54Z</time>
      </trkpt>
      <trkpt lat="50.147483333333334" lon="14.861433333333334">
        <ele>316</ele>
        <time>2025-03-28T15:32:55Z</time>
      </trkpt>
      <trkpt lat="50.1474" lon="14.861383333333333">
        <ele>316</ele>
        <time>2025-03-28T15:32:56Z</time>
      </trkpt>
      <trkpt lat="50.14731666666667" lon="14.861316666666667">
        <ele>317</ele>
        <time>2025-03-28T15:32:57Z</time>
      </trkpt>
      <trkpt lat="50.14723333333333" lon="14.861266666666667">
        <ele>318</ele>
        <time>2025-03-28T15:32:58Z</time>
      </trkpt>
      <trkpt lat="50.14715" lon="14.861216666666667">
        <ele>319</ele>
        <time>2025-03-28T15:32:59Z</time>
      </trkpt>
      <trkpt lat="50.14706666666667" lon="14.861166666666668">
        <ele>319</ele>
        <time>2025-03-28T15:33:00Z</time>
      </trkpt>
      <trkpt lat="50.14698333333333" lon="14.861116666666666">
        <ele>320</ele>
        <time>2025-03-28T15:33:01Z</time>
      </trkpt>
      <trkpt lat="50.14691666666667" lon="14.861066666666666">
        <ele>320</ele>
        <time>2025-03-28T15:33:02Z</time>
      </trkpt>
      <trkpt lat="50.14683333333333" lon="14.861016666666666">
        <ele>320</ele>
        <time>2025-03-28T15:33:03Z</time>
      </trkpt>
      <trkpt lat="50.14675" lon="14.860983333333333">
        <ele>319</ele>
        <time>2025-03-28T15:33:04Z</time>
      </trkpt>
      <trkpt lat="50.146683333333335" lon="14.860933333333334">
        <ele>319</ele>
        <time>2025-03-28T15:33:05Z</time>
      </trkpt>
      <trkpt lat="50.1466" lon="14.860916666666666">
        <ele>318</ele>
        <time>2025-03-28T15:33:06Z</time>
      </trkpt>
      <trkpt lat="50.1465" lon="14.860916666666666">
        <ele>317</ele>
        <time>2025-03-28T15:33:07Z</time>
      </trkpt>
      <trkpt lat="50.14641666666667" lon="14.86095">
        <ele>316</ele>
        <time>2025-03-28T15:33:08Z</time>
      </trkpt>
      <trkpt lat="50.14633333333333" lon="14.860983333333333">
        <ele>315</ele>
        <time>2025-03-28T15:33:09Z</time>
      </trkpt>
      <trkpt lat="50.14626666666667" lon="14.861016666666666">
        <ele>315</ele>
        <time>2025-03-28T15:33:10Z</time>
      </trkpt>
      <trkpt lat="50.14618333333333" lon="14.861033333333333">
        <ele>314</ele>
        <time>2025-03-28T15:33:11Z</time>
      </trkpt>
      <trkpt lat="50.146116666666664" lon="14.861083333333333">
        <ele>313</ele>
        <time>2025-03-28T15:33:12Z</time>
      </trkpt>
      <trkpt lat="50.14606666666667" lon="14.86115">
        <ele>311</ele>
        <time>2025-03-28T15:33:13Z</time>
      </trkpt>
      <trkpt lat="50.146" lon="14.861216666666667">
        <ele>309</ele>
        <time>2025-03-28T15:33:14Z</time>
      </trkpt>
      <trkpt lat="50.14593333333333" lon="14.861283333333333">
        <ele>307</ele>
        <time>2025-03-28T15:33:15Z</time>
      </trkpt>
      <trkpt lat="50.14586666666667" lon="14.86135">
        <ele>305</ele>
        <time>2025-03-28T15:33:16Z</time>
      </trkpt>
      <trkpt lat="50.145783333333334" lon="14.861383333333333">
        <ele>303</ele>
        <time>2025-03-28T15:33:17Z</time>
      </trkpt>
      <trkpt lat="50.145716666666665" lon="14.861383333333333">
        <ele>301</ele>
        <time>2025-03-28T15:33:18Z</time>
      </trkpt>
      <trkpt lat="50.14565" lon="14.86135">
        <ele>299</ele>
        <time>2025-03-28T15:33:19Z</time>
      </trkpt>
      <trkpt lat="50.14555" lon="14.8613">
        <ele>297</ele>
        <time>2025-03-28T15:33:20Z</time>
      </trkpt>
      <trkpt lat="50.14545" lon="14.861216666666667">
        <ele>294</ele>
        <time>2025-03-28T15:33:21Z</time>
      </trkpt>
      <trkpt lat="50.14536666666667" lon="14.861133333333333">
        <ele>292</ele>
        <time>2025-03-28T15:33:22Z</time>
      </trkpt>
      <trkpt lat="50.145266666666664" lon="14.861033333333333">
        <ele>289</ele>
        <time>2025-03-28T15:33:23Z</time>
      </trkpt>
      <trkpt lat="50.14516666666667" lon="14.86095">
        <ele>287</ele>
        <time>2025-03-28T15:33:24Z</time>
      </trkpt>
      <trkpt lat="50.145066666666665" lon="14.860833333333334">
        <ele>286</ele>
        <time>2025-03-28T15:33:25Z</time>
      </trkpt>
      <trkpt lat="50.14496666666667" lon="14.860733333333334">
        <ele>287</ele>
        <time>2025-03-28T15:33:26Z</time>
      </trkpt>
      <trkpt lat="50.14488333333333" lon="14.860616666666667">
        <ele>287</ele>
        <time>2025-03-28T15:33:27Z</time>
      </trkpt>
      <trkpt lat="50.1448" lon="14.860533333333333">
        <ele>287</ele>
        <time>2025-03-28T15:33:28Z</time>
      </trkpt>
      <trkpt lat="50.14471666666667" lon="14.860433333333333">
        <ele>288</ele>
        <time>2025-03-28T15:33:29Z</time>
      </trkpt>
      <trkpt lat="50.14463333333333" lon="14.860333333333333">
        <ele>289</ele>
        <time>2025-03-28T15:33:30Z</time>
      </trkpt>
      <trkpt lat="50.14455" lon="14.860216666666666">
        <ele>290</ele>
        <time>2025-03-28T15:33:31Z</time>
      </trkpt>
      <trkpt lat="50.14445" lon="14.860116666666666">
        <ele>290</ele>
        <time>2025-03-28T15:33:32Z</time>
      </trkpt>
      <trkpt lat="50.14435" lon="14.860033333333334">
        <ele>290</ele>
        <time>2025-03-28T15:33:33Z</time>
      </trkpt>
      <trkpt lat="50.14425" lon="14.859933333333334">
        <ele>290</ele>
        <time>2025-03-28T15:33:34Z</time>
      </trkpt>
      <trkpt lat="50.14416666666666" lon="14.859816666666667">
        <ele>291</ele>
        <time>2025-03-28T15:33:35Z</time>
      </trkpt>
      <trkpt lat="50.144083333333334" lon="14.859716666666667">
        <ele>292</ele>
        <time>2025-03-28T15:33:36Z</time>
      </trkpt>
      <trkpt lat="50.144016666666666" lon="14.859633333333333">
        <ele>293</ele>
        <time>2025-03-28T15:33:37Z</time>
      </trkpt>
      <trkpt lat="50.14393333333334" lon="14.85955">
        <ele>295</ele>
        <time>2025-03-28T15:33:38Z</time>
      </trkpt>
      <trkpt lat="50.14385" lon="14.859466666666666">
        <ele>297</ele>
        <time>2025-03-28T15:33:39Z</time>
      </trkpt>
      <trkpt lat="50.143766666666664" lon="14.859383333333334">
        <ele>298</ele>
        <time>2025-03-28T15:33:40Z</time>
      </trkpt>
      <trkpt lat="50.14366666666667" lon="14.859283333333334">
        <ele>298</ele>
        <time>2025-03-28T15:33:41Z</time>
      </trkpt>
      <trkpt lat="50.143566666666665" lon="14.859166666666667">
        <ele>298</ele>
        <time>2025-03-28T15:33:42Z</time>
      </trkpt>
      <trkpt lat="50.14346666666667" lon="14.859066666666667">
        <ele>298</ele>
        <time>2025-03-28T15:33:43Z</time>
      </trkpt>
      <trkpt lat="50.14338333333333" lon="14.858983333333333">
        <ele>298</ele>
        <time>2025-03-28T15:33:44Z</time>
      </trkpt>
      <trkpt lat="50.143283333333336" lon="14.858883333333333">
        <ele>299</ele>
        <time>2025-03-28T15:33:45Z</time>
      </trkpt>
      <trkpt lat="50.14321666666667" lon="14.858783333333333">
        <ele>301</ele>
        <time>2025-03-28T15:33:46Z</time>
      </trkpt>
      <trkpt lat="50.14313333333333" lon="14.858666666666666">
        <ele>302</ele>
        <time>2025-03-28T15:33:47Z</time>
      </trkpt>
      <trkpt lat="50.14305" lon="14.858566666666666">
        <ele>304</ele>
        <time>2025-03-28T15:33:48Z</time>
      </trkpt>
      <trkpt lat="50.142966666666666" lon="14.858483333333334">
        <ele>305</ele>
        <time>2025-03-28T15:33:49Z</time>
      </trkpt>
      <trkpt lat="50.14288333333333" lon="14.858416666666667">
        <ele>306</ele>
        <time>2025-03-28T15:33:50Z</time>
      </trkpt>
      <trkpt lat="50.142783333333334" lon="14.85835">
        <ele>308</ele>
        <time>2025-03-28T15:33:51Z</time>
      </trkpt>
      <trkpt lat="50.1427" lon="14.858283333333333">
        <ele>309</ele>
        <time>2025-03-28T15:33:52Z</time>
      </trkpt>
      <trkpt lat="50.14261666666667" lon="14.8582">
        <ele>310</ele>
        <time>2025-03-28T15:33:53Z</time>
      </trkpt>
      <trkpt lat="50.14253333333333" lon="14.858083333333333">
        <ele>311</ele>
        <time>2025-03-28T15:33:54Z</time>
      </trkpt>
      <trkpt lat="50.14245" lon="14.857966666666666">
        <ele>311</ele>
        <time>2025-03-28T15:33:55Z</time>
      </trkpt>
      <trkpt lat="50.14236666666667" lon="14.85785">
        <ele>312</ele>
        <time>2025-03-28T15:33:56Z</time>
      </trkpt>
      <trkpt lat="50.1423" lon="14.857716666666667">
        <ele>313</ele>
        <time>2025-03-28T15:33:57Z</time>
      </trkpt>
      <trkpt lat="50.14221666666667" lon="14.8576">
        <ele>313</ele>
        <time>2025-03-28T15:33:58Z</time>
      </trkpt>
      <trkpt lat="50.142133333333334" lon="14.8575">
        <ele>314</ele>
        <time>2025-03-28T15:33:59Z</time>
      </trkpt>
      <trkpt lat="50.14205" lon="14.8574">
        <ele>315</ele>
        <time>2025-03-28T15:34:00Z</time>
      </trkpt>
      <trkpt lat="50.14196666666667" lon="14.857333333333333">
        <ele>316</ele>
        <time>2025-03-28T15:34:01Z</time>
      </trkpt>
      <trkpt lat="50.1419" lon="14.857266666666666">
        <ele>318</ele>
        <time>2025-03-28T15:34:02Z</time>
      </trkpt>
      <trkpt lat="50.14183333333333" lon="14.85715">
        <ele>319</ele>
        <time>2025-03-28T15:34:03Z</time>
      </trkpt>
      <trkpt lat="50.14176666666667" lon="14.857033333333334">
        <ele>320</ele>
        <time>2025-03-28T15:34:04Z</time>
      </trkpt>
      <trkpt lat="50.14168333333333" lon="14.856916666666667">
        <ele>321</ele>
        <time>2025-03-28T15:34:05Z</time>
      </trkpt>
      <trkpt lat="50.1416" lon="14.8568">
        <ele>321</ele>
        <time>2025-03-28T15:34:06Z</time>
      </trkpt>
      <trkpt lat="50.14151666666667" lon="14.856666666666667">
        <ele>321</ele>
        <time>2025-03-28T15:34:07Z</time>
      </trkpt>
      <trkpt lat="50.14145" lon="14.8565">
        <ele>321</ele>
        <time>2025-03-28T15:34:08Z</time>
      </trkpt>
      <trkpt lat="50.1414" lon="14.85635">
        <ele>322</ele>
        <time>2025-03-28T15:34:09Z</time>
      </trkpt>
      <trkpt lat="50.141333333333336" lon="14.85625">
        <ele>322</ele>
        <time>2025-03-28T15:34:10Z</time>
      </trkpt>
      <trkpt lat="50.14126666666667" lon="14.85615">
        <ele>323</ele>
        <time>2025-03-28T15:34:11Z</time>
      </trkpt>
      <trkpt lat="50.1412" lon="14.85605">
        <ele>323</ele>
        <time>2025-03-28T15:34:12Z</time>
      </trkpt>
      <trkpt lat="50.141133333333336" lon="14.855933333333333">
        <ele>323</ele>
        <time>2025-03-28T15:34:13Z</time>
      </trkpt>
      <trkpt lat="50.14105" lon="14.8558">
        <ele>322</ele>
        <time>2025-03-28T15:34:14Z</time>
      </trkpt>
      <trkpt lat="50.140966666666664" lon="14.855666666666666">
        <ele>321</ele>
        <time>2025-03-28T15:34:15Z</time>
      </trkpt>
      <trkpt lat="50.140883333333335" lon="14.855566666666666">
        <ele>321</ele>
        <time>2025-03-28T15:34:16Z</time>
      </trkpt>
      <trkpt lat="50.1408" lon="14.855466666666667">
        <ele>321</ele>
        <time>2025-03-28T15:34:17Z</time>
      </trkpt>
      <trkpt lat="50.14073333333333" lon="14.855383333333334">
        <ele>321</ele>
        <time>2025-03-28T15:34:18Z</time>
      </trkpt>
      <trkpt lat="50.140633333333334" lon="14.8553">
        <ele>321</ele>
        <time>2025-03-28T15:34:19Z</time>
      </trkpt>
      <trkpt lat="50.14055" lon="14.855216666666667">
        <ele>321</ele>
        <time>2025-03-28T15:34:20Z</time>
      </trkpt>
      <trkpt lat="50.140483333333336" lon="14.855116666666667">
        <ele>322</ele>
        <time>2025-03-28T15:34:21Z</time>
      </trkpt>
      <trkpt lat="50.1404" lon="14.855033333333333">
        <ele>323</ele>
        <time>2025-03-28T15:34:22Z</time>
      </trkpt>
      <trkpt lat="50.14031666666666" lon="14.854966666666666">
        <ele>324</ele>
        <time>2025-03-28T15:34:23Z</time>
      </trkpt>
      <trkpt lat="50.14025" lon="14.854883333333333">
        <ele>325</ele>
        <time>2025-03-28T15:34:24Z</time>
      </trkpt>
      <trkpt lat="50.140166666666666" lon="14.854816666666666">
        <ele>326</ele>
        <time>2025-03-28T15:34:25Z</time>
      </trkpt>
      <trkpt lat="50.14008333333334" lon="14.854733333333334">
        <ele>326</ele>
        <time>2025-03-28T15:34:26Z</time>
      </trkpt>
      <trkpt lat="50.14" lon="14.854616666666667">
        <ele>327</ele>
        <time>2025-03-28T15:34:27Z</time>
      </trkpt>
      <trkpt lat="50.139916666666664" lon="14.8545">
        <ele>328</ele>
        <time>2025-03-28T15:34:28Z</time>
      </trkpt>
      <trkpt lat="50.139833333333335" lon="14.8544">
        <ele>330</ele>
        <time>2025-03-28T15:34:29Z</time>
      </trkpt>
      <trkpt lat="50.13976666666667" lon="14.854316666666668">
        <ele>331</ele>
        <time>2025-03-28T15:34:30Z</time>
      </trkpt>
      <trkpt lat="50.1397" lon="14.854233333333333">
        <ele>333</ele>
        <time>2025-03-28T15:34:31Z</time>
      </trkpt>
      <trkpt lat="50.139633333333336" lon="14.854116666666666">
        <ele>335</ele>
        <time>2025-03-28T15:34:32Z</time>
      </trkpt>
      <trkpt lat="50.139583333333334" lon="14.854">
        <ele>336</ele>
        <time>2025-03-28T15:34:33Z</time>
      </trkpt>
      <trkpt lat="50.139516666666665" lon="14.85385">
        <ele>336</ele>
        <time>2025-03-28T15:34:34Z</time>
      </trkpt>
      <trkpt lat="50.13945" lon="14.853716666666667">
        <ele>336</ele>
        <time>2025-03-28T15:34:35Z</time>
      </trkpt>
      <trkpt lat="50.1394" lon="14.853566666666667">
        <ele>335</ele>
        <time>2025-03-28T15:34:36Z</time>
      </trkpt>
      <trkpt lat="50.13935" lon="14.8534">
        <ele>336</ele>
        <time>2025-03-28T15:34:37Z</time>
      </trkpt>
      <trkpt lat="50.139316666666666" lon="14.853233333333334">
        <ele>336</ele>
        <time>2025-03-28T15:34:38Z</time>
      </trkpt>
      <trkpt lat="50.139266666666664" lon="14.853066666666667">
        <ele>337</ele>
        <time>2025-03-28T15:34:39Z</time>
      </trkpt>
      <trkpt lat="50.13921666666667" lon="14.852916666666667">
        <ele>337</ele>
        <time>2025-03-28T15:34:40Z</time>
      </trkpt>
      <trkpt lat="50.13916666666667" lon="14.852766666666666">
        <ele>338</ele>
        <time>2025-03-28T15:34:41Z</time>
      </trkpt>
      <trkpt lat="50.139116666666666" lon="14.8526">
        <ele>338</ele>
        <time>2025-03-28T15:34:42Z</time>
      </trkpt>
      <trkpt lat="50.13908333333333" lon="14.852433333333334">
        <ele>338</ele>
        <time>2025-03-28T15:34:43Z</time>
      </trkpt>
      <trkpt lat="50.13905" lon="14.85225">
        <ele>338</ele>
        <time>2025-03-28T15:34:44Z</time>
      </trkpt>
      <trkpt lat="50.13901666666667" lon="14.852066666666667">
        <ele>338</ele>
        <time>2025-03-28T15:34:45Z</time>
      </trkpt>
      <trkpt lat="50.139" lon="14.8519">
        <ele>338</ele>
        <time>2025-03-28T15:34:46Z</time>
      </trkpt>
      <trkpt lat="50.13896666666667" lon="14.851733333333334">
        <ele>339</ele>
        <time>2025-03-28T15:34:47Z</time>
      </trkpt>
      <trkpt lat="50.138933333333334" lon="14.851583333333334">
        <ele>339</ele>
        <time>2025-03-28T15:34:48Z</time>
      </trkpt>
      <trkpt lat="50.1389" lon="14.851416666666667">
        <ele>339</ele>
        <time>2025-03-28T15:34:49Z</time>
      </trkpt>
      <trkpt lat="50.13885" lon="14.85125">
        <ele>338</ele>
        <time>2025-03-28T15:34:50Z</time>
      </trkpt>
      <trkpt lat="50.138783333333336" lon="14.8511">
        <ele>337</ele>
        <time>2025-03-28T15:34:51Z</time>
      </trkpt>
      <trkpt lat="50.1387" lon="14.850983333333334">
        <ele>336</ele>
        <time>2025-03-28T15:34:52Z</time>
      </trkpt>
      <trkpt lat="50.138616666666664" lon="14.850866666666667">
        <ele>336</ele>
        <time>2025-03-28T15:34:53Z</time>
      </trkpt>
      <trkpt lat="50.138533333333335" lon="14.850783333333334">
        <ele>336</ele>
        <time>2025-03-28T15:34:54Z</time>
      </trkpt>
      <trkpt lat="50.13845" lon="14.850683333333333">
        <ele>337</ele>
        <time>2025-03-28T15:34:55Z</time>
      </trkpt>
      <trkpt lat="50.13838333333333" lon="14.850583333333333">
        <ele>337</ele>
        <time>2025-03-28T15:34:56Z</time>
      </trkpt>
      <trkpt lat="50.13831666666667" lon="14.850466666666666">
        <ele>338</ele>
        <time>2025-03-28T15:34:57Z</time>
      </trkpt>
      <trkpt lat="50.13823333333333" lon="14.850366666666666">
        <ele>338</ele>
        <time>2025-03-28T15:34:58Z</time>
      </trkpt>
      <trkpt lat="50.13816666666666" lon="14.850283333333334">
        <ele>338</ele>
        <time>2025-03-28T15:34:59Z</time>
      </trkpt>
      <trkpt lat="50.138083333333334" lon="14.850216666666666">
        <ele>337</ele>
        <time>2025-03-28T15:35:00Z</time>
      </trkpt>
      <trkpt lat="50.138" lon="14.850166666666667">
        <ele>337</ele>
        <time>2025-03-28T15:35:01Z</time>
      </trkpt>
      <trkpt lat="50.13791666666667" lon="14.850116666666667">
        <ele>336</ele>
        <time>2025-03-28T15:35:02Z</time>
      </trkpt>
      <trkpt lat="50.13783333333333" lon="14.850083333333334">
        <ele>336</ele>
        <time>2025-03-28T15:35:03Z</time>
      </trkpt>
      <trkpt lat="50.13775" lon="14.850033333333334">
        <ele>335</ele>
        <time>2025-03-28T15:35:04Z</time>
      </trkpt>
      <trkpt lat="50.13766666666667" lon="14.850016666666667">
        <ele>334</ele>
        <time>2025-03-28T15:35:05Z</time>
      </trkpt>
      <trkpt lat="50.1376" lon="14.85">
        <ele>334</ele>
        <time>2025-03-28T15:35:06Z</time>
      </trkpt>
      <trkpt lat="50.13751666666667" lon="14.849983333333334">
        <ele>333</ele>
        <time>2025-03-28T15:35:07Z</time>
      </trkpt>
      <trkpt lat="50.137433333333334" lon="14.85">
        <ele>332</ele>
        <time>2025-03-28T15:35:08Z</time>
      </trkpt>
      <trkpt lat="50.13735" lon="14.849983333333334">
        <ele>332</ele>
        <time>2025-03-28T15:35:09Z</time>
      </trkpt>
      <trkpt lat="50.13726666666667" lon="14.849966666666667">
        <ele>331</ele>
        <time>2025-03-28T15:35:10Z</time>
      </trkpt>
      <trkpt lat="50.137166666666666" lon="14.849933333333333">
        <ele>330</ele>
        <time>2025-03-28T15:35:11Z</time>
      </trkpt>
      <trkpt lat="50.13706666666667" lon="14.8499">
        <ele>329</ele>
        <time>2025-03-28T15:35:12Z</time>
      </trkpt>
      <trkpt lat="50.13698333333333" lon="14.849866666666667">
        <ele>329</ele>
        <time>2025-03-28T15:35:13Z</time>
      </trkpt>
      <trkpt lat="50.1369" lon="14.84985">
        <ele>329</ele>
        <time>2025-03-28T15:35:14Z</time>
      </trkpt>
      <trkpt lat="50.13681666666667" lon="14.849816666666667">
        <ele>330</ele>
        <time>2025-03-28T15:35:15Z</time>
      </trkpt>
      <trkpt lat="50.13673333333333" lon="14.849783333333333">
        <ele>331</ele>
        <time>2025-03-28T15:35:16Z</time>
      </trkpt>
      <trkpt lat="50.136633333333336" lon="14.849716666666666">
        <ele>332</ele>
        <time>2025-03-28T15:35:17Z</time>
      </trkpt>
      <trkpt lat="50.13655" lon="14.849666666666666">
        <ele>334</ele>
        <time>2025-03-28T15:35:18Z</time>
      </trkpt>
      <trkpt lat="50.136466666666664" lon="14.849633333333333">
        <ele>335</ele>
        <time>2025-03-28T15:35:19Z</time>
      </trkpt>
      <trkpt lat="50.1364" lon="14.8496">
        <ele>337</ele>
        <time>2025-03-28T15:35:20Z</time>
      </trkpt>
      <trkpt lat="50.13633333333333" lon="14.849566666666666">
        <ele>339</ele>
        <time>2025-03-28T15:35:21Z</time>
      </trkpt>
      <trkpt lat="50.136266666666664" lon="14.84955">
        <ele>340</ele>
        <time>2025-03-28T15:35:22Z</time>
      </trkpt>
      <trkpt lat="50.1362" lon="14.849516666666666">
        <ele>340</ele>
        <time>2025-03-28T15:35:23Z</time>
      </trkpt>
      <trkpt lat="50.136116666666666" lon="14.8495">
        <ele>339</ele>
        <time>2025-03-28T15:35:24Z</time>
      </trkpt>
      <trkpt lat="50.13603333333333" lon="14.8495">
        <ele>338</ele>
        <time>2025-03-28T15:35:25Z</time>
      </trkpt>
      <trkpt lat="50.13595" lon="14.8495">
        <ele>338</ele>
        <time>2025-03-28T15:35:26Z</time>
      </trkpt>
      <trkpt lat="50.1359" lon="14.849483333333334">
        <ele>338</ele>
        <time>2025-03-28T15:35:27Z</time>
      </trkpt>
      <trkpt lat="50.13583333333333" lon="14.84945">
        <ele>338</ele>
        <time>2025-03-28T15:35:28Z</time>
      </trkpt>
      <trkpt lat="50.13575" lon="14.849416666666666">
        <ele>338</ele>
        <time>2025-03-28T15:35:29Z</time>
      </trkpt>
      <trkpt lat="50.13568333333333" lon="14.849383333333334">
        <ele>339</ele>
        <time>2025-03-28T15:35:30Z</time>
      </trkpt>
      <trkpt lat="50.1356" lon="14.84935">
        <ele>339</ele>
        <time>2025-03-28T15:35:31Z</time>
      </trkpt>
      <trkpt lat="50.13551666666667" lon="14.849333333333334">
        <ele>339</ele>
        <time>2025-03-28T15:35:32Z</time>
      </trkpt>
      <trkpt lat="50.13543333333333" lon="14.849316666666667">
        <ele>339</ele>
        <time>2025-03-28T15:35:33Z</time>
      </trkpt>
      <trkpt lat="50.13536666666667" lon="14.8493">
        <ele>339</ele>
        <time>2025-03-28T15:35:34Z</time>
      </trkpt>
      <trkpt lat="50.135283333333334" lon="14.8493">
        <ele>339</ele>
        <time>2025-03-28T15:35:35Z</time>
      </trkpt>
      <trkpt lat="50.1352" lon="14.8493">
        <ele>340</ele>
        <time>2025-03-28T15:35:36Z</time>
      </trkpt>
      <trkpt lat="50.13511666666667" lon="14.849266666666667">
        <ele>339</ele>
        <time>2025-03-28T15:35:37Z</time>
      </trkpt>
      <trkpt lat="50.13503333333333" lon="14.84925">
        <ele>339</ele>
        <time>2025-03-28T15:35:38Z</time>
      </trkpt>
      <trkpt lat="50.13495" lon="14.849233333333334">
        <ele>339</ele>
        <time>2025-03-28T15:35:39Z</time>
      </trkpt>
      <trkpt lat="50.13486666666667" lon="14.8492">
        <ele>338</ele>
        <time>2025-03-28T15:35:40Z</time>
      </trkpt>
      <trkpt lat="50.13478333333333" lon="14.8492">
        <ele>338</ele>
        <time>2025-03-28T15:35:41Z</time>
      </trkpt>
      <trkpt lat="50.1347" lon="14.8492">
        <ele>338</ele>
        <time>2025-03-28T15:35:42Z</time>
      </trkpt>
      <trkpt lat="50.13463333333333" lon="14.8492">
        <ele>338</ele>
        <time>2025-03-28T15:35:43Z</time>
      </trkpt>
      <trkpt lat="50.13455" lon="14.849216666666667">
        <ele>338</ele>
        <time>2025-03-28T15:35:44Z</time>
      </trkpt>
      <trkpt lat="50.13446666666667" lon="14.849216666666667">
        <ele>338</ele>
        <time>2025-03-28T15:35:45Z</time>
      </trkpt>
      <trkpt lat="50.13438333333333" lon="14.849216666666667">
        <ele>338</ele>
        <time>2025-03-28T15:35:46Z</time>
      </trkpt>
      <trkpt lat="50.1343" lon="14.849233333333334">
        <ele>337</ele>
        <time>2025-03-28T15:35:47Z</time>
      </trkpt>
      <trkpt lat="50.13421666666667" lon="14.84925">
        <ele>337</ele>
        <time>2025-03-28T15:35:48Z</time>
      </trkpt>
      <trkpt lat="50.13415" lon="14.849283333333334">
        <ele>337</ele>
        <time>2025-03-28T15:35:49Z</time>
      </trkpt>
      <trkpt lat="50.134083333333336" lon="14.8493">
        <ele>337</ele>
        <time>2025-03-28T15:35:50Z</time>
      </trkpt>
      <trkpt lat="50.13401666666667" lon="14.849316666666667">
        <ele>337</ele>
        <time>2025-03-28T15:35:51Z</time>
      </trkpt>
      <trkpt lat="50.13393333333333" lon="14.849316666666667">
        <ele>336</ele>
        <time>2025-03-28T15:35:52Z</time>
      </trkpt>
      <trkpt lat="50.133833333333335" lon="14.849316666666667">
        <ele>336</ele>
        <time>2025-03-28T15:35:53Z</time>
      </trkpt>
      <trkpt lat="50.13375" lon="14.849316666666667">
        <ele>336</ele>
        <time>2025-03-28T15:35:54Z</time>
      </trkpt>
      <trkpt lat="50.13366666666667" lon="14.849316666666667">
        <ele>335</ele>
        <time>2025-03-28T15:35:55Z</time>
      </trkpt>
      <trkpt lat="50.133583333333334" lon="14.849316666666667">
        <ele>335</ele>
        <time>2025-03-28T15:35:56Z</time>
      </trkpt>
      <trkpt lat="50.1335" lon="14.849316666666667">
        <ele>335</ele>
        <time>2025-03-28T15:35:57Z</time>
      </trkpt>
      <trkpt lat="50.13341666666667" lon="14.849316666666667">
        <ele>335</ele>
        <time>2025-03-28T15:35:58Z</time>
      </trkpt>
      <trkpt lat="50.133316666666666" lon="14.849283333333334">
        <ele>334</ele>
        <time>2025-03-28T15:35:59Z</time>
      </trkpt>
      <trkpt lat="50.13321666666667" lon="14.849266666666667">
        <ele>334</ele>
        <time>2025-03-28T15:36:00Z</time>
      </trkpt>
      <trkpt lat="50.133116666666666" lon="14.84925">
        <ele>334</ele>
        <time>2025-03-28T15:36:01Z</time>
      </trkpt>
      <trkpt lat="50.13303333333333" lon="14.849266666666667">
        <ele>335</ele>
        <time>2025-03-28T15:36:02Z</time>
      </trkpt>
      <trkpt lat="50.13296666666667" lon="14.8493">
        <ele>336</ele>
        <time>2025-03-28T15:36:03Z</time>
      </trkpt>
      <trkpt lat="50.13288333333333" lon="14.849333333333334">
        <ele>338</ele>
        <time>2025-03-28T15:36:04Z</time>
      </trkpt>
      <trkpt lat="50.132783333333336" lon="14.849333333333334">
        <ele>339</ele>
        <time>2025-03-28T15:36:05Z</time>
      </trkpt>
      <trkpt lat="50.132666666666665" lon="14.849316666666667">
        <ele>339</ele>
        <time>2025-03-28T15:36:06Z</time>
      </trkpt>
      <trkpt lat="50.132533333333335" lon="14.849333333333334">
        <ele>338</ele>
        <time>2025-03-28T15:36:07Z</time>
      </trkpt>
      <trkpt lat="50.132416666666664" lon="14.849366666666667">
        <ele>337</ele>
        <time>2025-03-28T15:36:08Z</time>
      </trkpt>
      <trkpt lat="50.13228333333333" lon="14.849416666666666">
        <ele>336</ele>
        <time>2025-03-28T15:36:09Z</time>
      </trkpt>
      <trkpt lat="50.13218333333333" lon="14.849466666666666">
        <ele>336</ele>
        <time>2025-03-28T15:36:10Z</time>
      </trkpt>
      <trkpt lat="50.13206666666667" lon="14.849516666666666">
        <ele>336</ele>
        <time>2025-03-28T15:36:11Z</time>
      </trkpt>
      <trkpt lat="50.13196666666666" lon="14.84955">
        <ele>337</ele>
        <time>2025-03-28T15:36:12Z</time>
      </trkpt>
      <trkpt lat="50.13186666666667" lon="14.849616666666666">
        <ele>337</ele>
        <time>2025-03-28T15:36:13Z</time>
      </trkpt>
      <trkpt lat="50.131766666666664" lon="14.849666666666666">
        <ele>337</ele>
        <time>2025-03-28T15:36:14Z</time>
      </trkpt>
      <trkpt lat="50.13166666666667" lon="14.849733333333333">
        <ele>338</ele>
        <time>2025-03-28T15:36:15Z</time>
      </trkpt>
      <trkpt lat="50.131566666666664" lon="14.849783333333333">
        <ele>338</ele>
        <time>2025-03-28T15:36:16Z</time>
      </trkpt>
      <trkpt lat="50.13146666666667" lon="14.849816666666667">
        <ele>338</ele>
        <time>2025-03-28T15:36:17Z</time>
      </trkpt>
      <trkpt lat="50.13135" lon="14.849833333333333">
        <ele>339</ele>
        <time>2025-03-28T15:36:18Z</time>
      </trkpt>
      <trkpt lat="50.131233333333334" lon="14.849833333333333">
        <ele>339</ele>
        <time>2025-03-28T15:36:19Z</time>
      </trkpt>
      <trkpt lat="50.13113333333333" lon="14.849866666666667">
        <ele>340</ele>
        <time>2025-03-28T15:36:20Z</time>
      </trkpt>
      <trkpt lat="50.131033333333335" lon="14.8499">
        <ele>341</ele>
        <time>2025-03-28T15:36:21Z</time>
      </trkpt>
      <trkpt lat="50.13095" lon="14.849933333333333">
        <ele>342</ele>
        <time>2025-03-28T15:36:22Z</time>
      </trkpt>
      <trkpt lat="50.13085" lon="14.84995">
        <ele>344</ele>
        <time>2025-03-28T15:36:23Z</time>
      </trkpt>
      <trkpt lat="50.130766666666666" lon="14.84995">
        <ele>345</ele>
        <time>2025-03-28T15:36:24Z</time>
      </trkpt>
      <trkpt lat="50.13068333333333" lon="14.849933333333333">
        <ele>346</ele>
        <time>2025-03-28T15:36:25Z</time>
      </trkpt>
      <trkpt lat="50.130583333333334" lon="14.849933333333333">
        <ele>347</ele>
        <time>2025-03-28T15:36:26Z</time>
      </trkpt>
      <trkpt lat="50.1305" lon="14.849916666666667">
        <ele>347</ele>
        <time>2025-03-28T15:36:27Z</time>
      </trkpt>
      <trkpt lat="50.1304" lon="14.849916666666667">
        <ele>347</ele>
        <time>2025-03-28T15:36:28Z</time>
      </trkpt>
      <trkpt lat="50.130316666666666" lon="14.849916666666667">
        <ele>348</ele>
        <time>2025-03-28T15:36:29Z</time>
      </trkpt>
      <trkpt lat="50.13025" lon="14.8499">
        <ele>350</ele>
        <time>2025-03-28T15:36:30Z</time>
      </trkpt>
      <trkpt lat="50.13016666666667" lon="14.849883333333333">
        <ele>351</ele>
        <time>2025-03-28T15:36:31Z</time>
      </trkpt>
      <trkpt lat="50.13008333333333" lon="14.849866666666667">
        <ele>352</ele>
        <time>2025-03-28T15:36:32Z</time>
      </trkpt>
      <trkpt lat="50.13" lon="14.84985">
        <ele>352</ele>
        <time>2025-03-28T15:36:33Z</time>
      </trkpt>
      <trkpt lat="50.12991666666667" lon="14.849866666666667">
        <ele>351</ele>
        <time>2025-03-28T15:36:34Z</time>
      </trkpt>
      <trkpt lat="50.12983333333333" lon="14.849883333333333">
        <ele>351</ele>
        <time>2025-03-28T15:36:35Z</time>
      </trkpt>
      <trkpt lat="50.12975" lon="14.849883333333333">
        <ele>350</ele>
        <time>2025-03-28T15:36:36Z</time>
      </trkpt>
      <trkpt lat="50.129666666666665" lon="14.849866666666667">
        <ele>351</ele>
        <time>2025-03-28T15:36:37Z</time>
      </trkpt>
      <trkpt lat="50.129583333333336" lon="14.84985">
        <ele>351</ele>
        <time>2025-03-28T15:36:38Z</time>
      </trkpt>
      <trkpt lat="50.1295" lon="14.84985">
        <ele>352</ele>
        <time>2025-03-28T15:36:39Z</time>
      </trkpt>
      <trkpt lat="50.129416666666664" lon="14.849883333333333">
        <ele>352</ele>
        <time>2025-03-28T15:36:40Z</time>
      </trkpt>
      <trkpt lat="50.129333333333335" lon="14.849933333333333">
        <ele>352</ele>
        <time>2025-03-28T15:36:41Z</time>
      </trkpt>
      <trkpt lat="50.12925" lon="14.849966666666667">
        <ele>352</ele>
        <time>2025-03-28T15:36:42Z</time>
      </trkpt>
      <trkpt lat="50.12915" lon="14.85">
        <ele>352</ele>
        <time>2025-03-28T15:36:43Z</time>
      </trkpt>
      <trkpt lat="50.12906666666667" lon="14.850016666666667">
        <ele>352</ele>
        <time>2025-03-28T15:36:44Z</time>
      </trkpt>
      <trkpt lat="50.12898333333333" lon="14.850033333333334">
        <ele>353</ele>
        <time>2025-03-28T15:36:45Z</time>
      </trkpt>
      <trkpt lat="50.128883333333334" lon="14.85005">
        <ele>353</ele>
        <time>2025-03-28T15:36:46Z</time>
      </trkpt>
      <trkpt lat="50.12878333333333" lon="14.85005">
        <ele>354</ele>
        <time>2025-03-28T15:36:47Z</time>
      </trkpt>
      <trkpt lat="50.128683333333335" lon="14.85005">
        <ele>355</ele>
        <time>2025-03-28T15:36:48Z</time>
      </trkpt>
      <trkpt lat="50.1286" lon="14.850033333333334">
        <ele>357</ele>
        <time>2025-03-28T15:36:49Z</time>
      </trkpt>
      <trkpt lat="50.1285" lon="14.850016666666667">
        <ele>359</ele>
        <time>2025-03-28T15:36:50Z</time>
      </trkpt>
      <trkpt lat="50.1284" lon="14.850016666666667">
        <ele>360</ele>
        <time>2025-03-28T15:36:51Z</time>
      </trkpt>
      <trkpt lat="50.1283" lon="14.85">
        <ele>361</ele>
        <time>2025-03-28T15:36:52Z</time>
      </trkpt>
      <trkpt lat="50.1282" lon="14.85">
        <ele>363</ele>
        <time>2025-03-28T15:36:53Z</time>
      </trkpt>
      <trkpt lat="50.128083333333336" lon="14.85">
        <ele>364</ele>
        <time>2025-03-28T15:36:54Z</time>
      </trkpt>
      <trkpt lat="50.12798333333333" lon="14.85">
        <ele>365</ele>
        <time>2025-03-28T15:36:55Z</time>
      </trkpt>
      <trkpt lat="50.12788333333334" lon="14.85">
        <ele>366</ele>
        <time>2025-03-28T15:36:56Z</time>
      </trkpt>
      <trkpt lat="50.12778333333333" lon="14.85">
        <ele>367</ele>
        <time>2025-03-28T15:36:57Z</time>
      </trkpt>
      <trkpt lat="50.12766666666667" lon="14.85">
        <ele>367</ele>
        <time>2025-03-28T15:36:58Z</time>
      </trkpt>
      <trkpt lat="50.12756666666667" lon="14.85">
        <ele>367</ele>
        <time>2025-03-28T15:36:59Z</time>
      </trkpt>
      <trkpt lat="50.12745" lon="14.85">
        <ele>367</ele>
        <time>2025-03-28T15:37:00Z</time>
      </trkpt>
      <trkpt lat="50.12733333333333" lon="14.850016666666667">
        <ele>367</ele>
        <time>2025-03-28T15:37:01Z</time>
      </trkpt>
      <trkpt lat="50.12721666666667" lon="14.85005">
        <ele>367</ele>
        <time>2025-03-28T15:37:02Z</time>
      </trkpt>
      <trkpt lat="50.127116666666666" lon="14.850083333333334">
        <ele>368</ele>
        <time>2025-03-28T15:37:03Z</time>
      </trkpt>
      <trkpt lat="50.12701666666667" lon="14.850133333333334">
        <ele>368</ele>
        <time>2025-03-28T15:37:04Z</time>
      </trkpt>
      <trkpt lat="50.126916666666666" lon="14.850166666666667">
        <ele>369</ele>
        <time>2025-03-28T15:37:05Z</time>
      </trkpt>
      <trkpt lat="50.1268" lon="14.850216666666666">
        <ele>371</ele>
        <time>2025-03-28T15:37:06Z</time>
      </trkpt>
      <trkpt lat="50.1267" lon="14.850266666666666">
        <ele>371</ele>
        <time>2025-03-28T15:37:07Z</time>
      </trkpt>
      <trkpt lat="50.12661666666666" lon="14.850333333333333">
        <ele>372</ele>
        <time>2025-03-28T15:37:08Z</time>
      </trkpt>
      <trkpt lat="50.12651666666667" lon="14.850383333333333">
        <ele>373</ele>
        <time>2025-03-28T15:37:09Z</time>
      </trkpt>
      <trkpt lat="50.12643333333333" lon="14.85045">
        <ele>374</ele>
        <time>2025-03-28T15:37:10Z</time>
      </trkpt>
      <trkpt lat="50.126333333333335" lon="14.850516666666667">
        <ele>374</ele>
        <time>2025-03-28T15:37:11Z</time>
      </trkpt>
      <trkpt lat="50.12623333333333" lon="14.850566666666667">
        <ele>374</ele>
        <time>2025-03-28T15:37:12Z</time>
      </trkpt>
      <trkpt lat="50.126133333333335" lon="14.85065">
        <ele>373</ele>
        <time>2025-03-28T15:37:13Z</time>
      </trkpt>
      <trkpt lat="50.12603333333333" lon="14.850716666666667">
        <ele>373</ele>
        <time>2025-03-28T15:37:14Z</time>
      </trkpt>
      <trkpt lat="50.12595" lon="14.850816666666667">
        <ele>373</ele>
        <time>2025-03-28T15:37:15Z</time>
      </trkpt>
      <trkpt lat="50.12586666666667" lon="14.8509">
        <ele>373</ele>
        <time>2025-03-28T15:37:16Z</time>
      </trkpt>
      <trkpt lat="50.1258" lon="14.850983333333334">
        <ele>374</ele>
        <time>2025-03-28T15:37:17Z</time>
      </trkpt>
      <trkpt lat="50.125733333333336" lon="14.851066666666666">
        <ele>376</ele>
        <time>2025-03-28T15:37:18Z</time>
      </trkpt>
      <trkpt lat="50.12565" lon="14.851133333333333">
        <ele>377</ele>
        <time>2025-03-28T15:37:19Z</time>
      </trkpt>
      <trkpt lat="50.12558333333333" lon="14.851183333333333">
        <ele>379</ele>
        <time>2025-03-28T15:37:20Z</time>
      </trkpt>
      <trkpt lat="50.1255" lon="14.851233333333333">
        <ele>381</ele>
        <time>2025-03-28T15:37:21Z</time>
      </trkpt>
      <trkpt lat="50.12543333333333" lon="14.851316666666667">
        <ele>382</ele>
        <time>2025-03-28T15:37:22Z</time>
      </trkpt>
      <trkpt lat="50.12535" lon="14.851383333333333">
        <ele>383</ele>
        <time>2025-03-28T15:37:23Z</time>
      </trkpt>
      <trkpt lat="50.12526666666667" lon="14.851466666666667">
        <ele>385</ele>
        <time>2025-03-28T15:37:24Z</time>
      </trkpt>
      <trkpt lat="50.1252" lon="14.85155">
        <ele>386</ele>
        <time>2025-03-28T15:37:25Z</time>
      </trkpt>
      <trkpt lat="50.12513333333333" lon="14.851616666666667">
        <ele>388</ele>
        <time>2025-03-28T15:37:26Z</time>
      </trkpt>
      <trkpt lat="50.12505" lon="14.851683333333334">
        <ele>389</ele>
        <time>2025-03-28T15:37:27Z</time>
      </trkpt>
      <trkpt lat="50.12498333333333" lon="14.85175">
        <ele>391</ele>
        <time>2025-03-28T15:37:28Z</time>
      </trkpt>
      <trkpt lat="50.124916666666664" lon="14.85185">
        <ele>393</ele>
        <time>2025-03-28T15:37:29Z</time>
      </trkpt>
      <trkpt lat="50.12485" lon="14.851916666666666">
        <ele>395</ele>
        <time>2025-03-28T15:37:30Z</time>
      </trkpt>
      <trkpt lat="50.12478333333333" lon="14.851983333333333">
        <ele>397</ele>
        <time>2025-03-28T15:37:31Z</time>
      </trkpt>
      <trkpt lat="50.1247" lon="14.85205">
        <ele>399</ele>
        <time>2025-03-28T15:37:32Z</time>
      </trkpt>
      <trkpt lat="50.12461666666667" lon="14.852116666666667">
        <ele>400</ele>
        <time>2025-03-28T15:37:33Z</time>
      </trkpt>
      <trkpt lat="50.124516666666665" lon="14.852183333333333">
        <ele>400</ele>
        <time>2025-03-28T15:37:34Z</time>
      </trkpt>
      <trkpt lat="50.124433333333336" lon="14.85225">
        <ele>402</ele>
        <time>2025-03-28T15:37:35Z</time>
      </trkpt>
      <trkpt lat="50.12435" lon="14.852316666666667">
        <ele>403</ele>
        <time>2025-03-28T15:37:36Z</time>
      </trkpt>
      <trkpt lat="50.124266666666664" lon="14.852366666666667">
        <ele>405</ele>
        <time>2025-03-28T15:37:37Z</time>
      </trkpt>
      <trkpt lat="50.1242" lon="14.852416666666667">
        <ele>406</ele>
        <time>2025-03-28T15:37:38Z</time>
      </trkpt>
      <trkpt lat="50.124116666666666" lon="14.8525">
        <ele>407</ele>
        <time>2025-03-28T15:37:39Z</time>
      </trkpt>
      <trkpt lat="50.12405" lon="14.852566666666666">
        <ele>408</ele>
        <time>2025-03-28T15:37:40Z</time>
      </trkpt>
      <trkpt lat="50.12396666666667" lon="14.852633333333333">
        <ele>407</ele>
        <time>2025-03-28T15:37:41Z</time>
      </trkpt>
      <trkpt lat="50.12388333333333" lon="14.852716666666666">
        <ele>406</ele>
        <time>2025-03-28T15:37:42Z</time>
      </trkpt>
      <trkpt lat="50.1238" lon="14.852816666666667">
        <ele>405</ele>
        <time>2025-03-28T15:37:43Z</time>
      </trkpt>
      <trkpt lat="50.123733333333334" lon="14.852933333333333">
        <ele>404</ele>
        <time>2025-03-28T15:37:44Z</time>
      </trkpt>
      <trkpt lat="50.12365" lon="14.853033333333334">
        <ele>403</ele>
        <time>2025-03-28T15:37:45Z</time>
      </trkpt>
      <trkpt lat="50.123583333333336" lon="14.853133333333334">
        <ele>402</ele>
        <time>2025-03-28T15:37:46Z</time>
      </trkpt>
      <trkpt lat="50.123533333333334" lon="14.853233333333334">
        <ele>401</ele>
        <time>2025-03-28T15:37:47Z</time>
      </trkpt>
      <trkpt lat="50.123466666666666" lon="14.85335">
        <ele>399</ele>
        <time>2025-03-28T15:37:48Z</time>
      </trkpt>
      <trkpt lat="50.123416666666664" lon="14.853483333333333">
        <ele>398</ele>
        <time>2025-03-28T15:37:49Z</time>
      </trkpt>
      <trkpt lat="50.12336666666667" lon="14.8536">
        <ele>397</ele>
        <time>2025-03-28T15:37:50Z</time>
      </trkpt>
      <trkpt lat="50.12331666666667" lon="14.853716666666667">
        <ele>395</ele>
        <time>2025-03-28T15:37:51Z</time>
      </trkpt>
      <trkpt lat="50.12325" lon="14.8538">
        <ele>394</ele>
        <time>2025-03-28T15:37:52Z</time>
      </trkpt>
      <trkpt lat="50.123216666666664" lon="14.8539">
        <ele>393</ele>
        <time>2025-03-28T15:37:53Z</time>
      </trkpt>
      <trkpt lat="50.12316666666667" lon="14.854016666666666">
        <ele>392</ele>
        <time>2025-03-28T15:37:54Z</time>
      </trkpt>
      <trkpt lat="50.123133333333335" lon="14.85415">
        <ele>391</ele>
        <time>2025-03-28T15:37:55Z</time>
      </trkpt>
      <trkpt lat="50.123083333333334" lon="14.854266666666666">
        <ele>389</ele>
        <time>2025-03-28T15:37:56Z</time>
      </trkpt>
      <trkpt lat="50.12303333333333" lon="14.8544">
        <ele>387</ele>
        <time>2025-03-28T15:37:57Z</time>
      </trkpt>
      <trkpt lat="50.123" lon="14.854533333333332">
        <ele>385</ele>
        <time>2025-03-28T15:37:58Z</time>
      </trkpt>
      <trkpt lat="50.12295" lon="14.854666666666667">
        <ele>384</ele>
        <time>2025-03-28T15:37:59Z</time>
      </trkpt>
      <trkpt lat="50.1229" lon="14.854783333333334">
        <ele>385</ele>
        <time>2025-03-28T15:38:00Z</time>
      </trkpt>
      <trkpt lat="50.12283333333333" lon="14.854883333333333">
        <ele>386</ele>
        <time>2025-03-28T15:38:01Z</time>
      </trkpt>
      <trkpt lat="50.122766666666664" lon="14.854966666666666">
        <ele>386</ele>
        <time>2025-03-28T15:38:02Z</time>
      </trkpt>
      <trkpt lat="50.1227" lon="14.855066666666668">
        <ele>386</ele>
        <time>2025-03-28T15:38:03Z</time>
      </trkpt>
      <trkpt lat="50.122616666666666" lon="14.855166666666667">
        <ele>386</ele>
        <time>2025-03-28T15:38:04Z</time>
      </trkpt>
      <trkpt lat="50.12255" lon="14.855266666666667">
        <ele>386</ele>
        <time>2025-03-28T15:38:05Z</time>
      </trkpt>
      <trkpt lat="50.122483333333335" lon="14.85535">
        <ele>386</ele>
        <time>2025-03-28T15:38:06Z</time>
      </trkpt>
      <trkpt lat="50.1224" lon="14.855416666666667">
        <ele>387</ele>
        <time>2025-03-28T15:38:07Z</time>
      </trkpt>
      <trkpt lat="50.12233333333333" lon="14.855466666666667">
        <ele>387</ele>
        <time>2025-03-28T15:38:08Z</time>
      </trkpt>
      <trkpt lat="50.12225" lon="14.855533333333334">
        <ele>388</ele>
        <time>2025-03-28T15:38:09Z</time>
      </trkpt>
      <trkpt lat="50.12218333333333" lon="14.8556">
        <ele>388</ele>
        <time>2025-03-28T15:38:10Z</time>
      </trkpt>
      <trkpt lat="50.12211666666666" lon="14.8557">
        <ele>388</ele>
        <time>2025-03-28T15:38:11Z</time>
      </trkpt>
      <trkpt lat="50.122033333333334" lon="14.855783333333333">
        <ele>388</ele>
        <time>2025-03-28T15:38:12Z</time>
      </trkpt>
      <trkpt lat="50.12195" lon="14.85585">
        <ele>387</ele>
        <time>2025-03-28T15:38:13Z</time>
      </trkpt>
      <trkpt lat="50.12185" lon="14.855883333333333">
        <ele>388</ele>
        <time>2025-03-28T15:38:14Z</time>
      </trkpt>
      <trkpt lat="50.121766666666666" lon="14.855933333333333">
        <ele>388</ele>
        <time>2025-03-28T15:38:15Z</time>
      </trkpt>
      <trkpt lat="50.12168333333333" lon="14.856">
        <ele>388</ele>
        <time>2025-03-28T15:38:16Z</time>
      </trkpt>
      <trkpt lat="50.1216" lon="14.856066666666667">
        <ele>388</ele>
        <time>2025-03-28T15:38:17Z</time>
      </trkpt>
      <trkpt lat="50.121516666666665" lon="14.856133333333334">
        <ele>388</ele>
        <time>2025-03-28T15:38:18Z</time>
      </trkpt>
      <trkpt lat="50.121433333333336" lon="14.8562">
        <ele>387</ele>
        <time>2025-03-28T15:38:19Z</time>
      </trkpt>
      <trkpt lat="50.12133333333333" lon="14.85625">
        <ele>387</ele>
        <time>2025-03-28T15:38:20Z</time>
      </trkpt>
      <trkpt lat="50.121233333333336" lon="14.8563">
        <ele>387</ele>
        <time>2025-03-28T15:38:21Z</time>
      </trkpt>
      <trkpt lat="50.12115" lon="14.856366666666666">
        <ele>387</ele>
        <time>2025-03-28T15:38:22Z</time>
      </trkpt>
      <trkpt lat="50.121066666666664" lon="14.85645">
        <ele>387</ele>
        <time>2025-03-28T15:38:23Z</time>
      </trkpt>
      <trkpt lat="50.120983333333335" lon="14.856516666666666">
        <ele>388</ele>
        <time>2025-03-28T15:38:24Z</time>
      </trkpt>
      <trkpt lat="50.1209" lon="14.856583333333333">
        <ele>389</ele>
        <time>2025-03-28T15:38:25Z</time>
      </trkpt>
      <trkpt lat="50.12081666666667" lon="14.85665">
        <ele>390</ele>
        <time>2025-03-28T15:38:26Z</time>
      </trkpt>
      <trkpt lat="50.120733333333334" lon="14.8567">
        <ele>392</ele>
        <time>2025-03-28T15:38:27Z</time>
      </trkpt>
      <trkpt lat="50.12065" lon="14.856766666666667">
        <ele>394</ele>
        <time>2025-03-28T15:38:28Z</time>
      </trkpt>
      <trkpt lat="50.120583333333336" lon="14.856816666666667">
        <ele>397</ele>
        <time>2025-03-28T15:38:29Z</time>
      </trkpt>
      <trkpt lat="50.12051666666667" lon="14.856866666666667">
        <ele>400</ele>
        <time>2025-03-28T15:38:30Z</time>
      </trkpt>
      <trkpt lat="50.120466666666665" lon="14.856933333333334">
        <ele>402</ele>
        <time>2025-03-28T15:38:31Z</time>
      </trkpt>
      <trkpt lat="50.120383333333336" lon="14.857016666666667">
        <ele>404</ele>
        <time>2025-03-28T15:38:32Z</time>
      </trkpt>
      <trkpt lat="50.12031666666667" lon="14.857083333333334">
        <ele>406</ele>
        <time>2025-03-28T15:38:33Z</time>
      </trkpt>
      <trkpt lat="50.12023333333333" lon="14.857166666666666">
        <ele>408</ele>
        <time>2025-03-28T15:38:34Z</time>
      </trkpt>
      <trkpt lat="50.12016666666667" lon="14.857233333333333">
        <ele>409</ele>
        <time>2025-03-28T15:38:35Z</time>
      </trkpt>
      <trkpt lat="50.1201" lon="14.8573">
        <ele>410</ele>
        <time>2025-03-28T15:38:36Z</time>
      </trkpt>
      <trkpt lat="50.12003333333333" lon="14.857366666666667">
        <ele>411</ele>
        <time>2025-03-28T15:38:37Z</time>
      </trkpt>
      <trkpt lat="50.11998333333333" lon="14.857433333333333">
        <ele>412</ele>
        <time>2025-03-28T15:38:38Z</time>
      </trkpt>
      <trkpt lat="50.119933333333336" lon="14.857516666666667">
        <ele>412</ele>
        <time>2025-03-28T15:38:39Z</time>
      </trkpt>
      <trkpt lat="50.11986666666667" lon="14.8576">
        <ele>412</ele>
        <time>2025-03-28T15:38:40Z</time>
      </trkpt>
      <trkpt lat="50.119816666666665" lon="14.857683333333334">
        <ele>411</ele>
        <time>2025-03-28T15:38:41Z</time>
      </trkpt>
      <trkpt lat="50.11976666666666" lon="14.857766666666667">
        <ele>410</ele>
        <time>2025-03-28T15:38:42Z</time>
      </trkpt>
      <trkpt lat="50.119733333333336" lon="14.85785">
        <ele>409</ele>
        <time>2025-03-28T15:38:43Z</time>
      </trkpt>
      <trkpt lat="50.11966666666667" lon="14.857916666666666">
        <ele>408</ele>
        <time>2025-03-28T15:38:44Z</time>
      </trkpt>
      <trkpt lat="50.119616666666666" lon="14.857983333333333">
        <ele>407</ele>
        <time>2025-03-28T15:38:45Z</time>
      </trkpt>
      <trkpt lat="50.11953333333334" lon="14.85805">
        <ele>406</ele>
        <time>2025-03-28T15:38:46Z</time>
      </trkpt>
      <trkpt lat="50.11945" lon="14.858083333333333">
        <ele>405</ele>
        <time>2025-03-28T15:38:47Z</time>
      </trkpt>
      <trkpt lat="50.119366666666664" lon="14.858133333333333">
        <ele>404</ele>
        <time>2025-03-28T15:38:48Z</time>
      </trkpt>
      <trkpt lat="50.119283333333335" lon="14.858166666666667">
        <ele>404</ele>
        <time>2025-03-28T15:38:49Z</time>
      </trkpt>
      <trkpt lat="50.1192" lon="14.8582">
        <ele>405</ele>
        <time>2025-03-28T15:38:50Z</time>
      </trkpt>
      <trkpt lat="50.11913333333333" lon="14.858233333333333">
        <ele>405</ele>
        <time>2025-03-28T15:38:51Z</time>
      </trkpt>
      <trkpt lat="50.11905" lon="14.858266666666667">
        <ele>405</ele>
        <time>2025-03-28T15:38:52Z</time>
      </trkpt>
      <trkpt lat="50.118966666666665" lon="14.8583">
        <ele>406</ele>
        <time>2025-03-28T15:38:53Z</time>
      </trkpt>
      <trkpt lat="50.118883333333336" lon="14.858333333333333">
        <ele>406</ele>
        <time>2025-03-28T15:38:54Z</time>
      </trkpt>
      <trkpt lat="50.1188" lon="14.858366666666667">
        <ele>406</ele>
        <time>2025-03-28T15:38:55Z</time>
      </trkpt>
      <trkpt lat="50.118716666666664" lon="14.858416666666667">
        <ele>406</ele>
        <time>2025-03-28T15:38:56Z</time>
      </trkpt>
      <trkpt lat="50.118633333333335" lon="14.85845">
        <ele>406</ele>
        <time>2025-03-28T15:38:57Z</time>
      </trkpt>
      <trkpt lat="50.118566666666666" lon="14.858483333333334">
        <ele>406</ele>
        <time>2025-03-28T15:38:58Z</time>
      </trkpt>
      <trkpt lat="50.11848333333333" lon="14.858533333333334">
        <ele>405</ele>
        <time>2025-03-28T15:38:59Z</time>
      </trkpt>
      <trkpt lat="50.1184" lon="14.858566666666666">
        <ele>404</ele>
        <time>2025-03-28T15:39:00Z</time>
      </trkpt>
      <trkpt lat="50.1183" lon="14.8586">
        <ele>403</ele>
        <time>2025-03-28T15:39:01Z</time>
      </trkpt>
      <trkpt lat="50.11821666666667" lon="14.85865">
        <ele>402</ele>
        <time>2025-03-28T15:39:02Z</time>
      </trkpt>
      <trkpt lat="50.11813333333333" lon="14.8587">
        <ele>400</ele>
        <time>2025-03-28T15:39:03Z</time>
      </trkpt>
      <trkpt lat="50.11805" lon="14.858783333333333">
        <ele>399</ele>
        <time>2025-03-28T15:39:04Z</time>
      </trkpt>
      <trkpt lat="50.117983333333335" lon="14.85885">
        <ele>399</ele>
        <time>2025-03-28T15:39:05Z</time>
      </trkpt>
      <trkpt lat="50.117916666666666" lon="14.858916666666667">
        <ele>398</ele>
        <time>2025-03-28T15:39:06Z</time>
      </trkpt>
      <trkpt lat="50.11783333333333" lon="14.858983333333333">
        <ele>398</ele>
        <time>2025-03-28T15:39:07Z</time>
      </trkpt>
      <trkpt lat="50.11776666666667" lon="14.859066666666667">
        <ele>398</ele>
        <time>2025-03-28T15:39:08Z</time>
      </trkpt>
      <trkpt lat="50.11768333333333" lon="14.859166666666667">
        <ele>397</ele>
        <time>2025-03-28T15:39:09Z</time>
      </trkpt>
      <trkpt lat="50.1176" lon="14.859266666666667">
        <ele>396</ele>
        <time>2025-03-28T15:39:10Z</time>
      </trkpt>
      <trkpt lat="50.11751666666667" lon="14.85935">
        <ele>395</ele>
        <time>2025-03-28T15:39:11Z</time>
      </trkpt>
      <trkpt lat="50.11743333333333" lon="14.859416666666666">
        <ele>395</ele>
        <time>2025-03-28T15:39:12Z</time>
      </trkpt>
      <trkpt lat="50.117333333333335" lon="14.859466666666666">
        <ele>396</ele>
        <time>2025-03-28T15:39:13Z</time>
      </trkpt>
      <trkpt lat="50.11725" lon="14.859516666666666">
        <ele>397</ele>
        <time>2025-03-28T15:39:14Z</time>
      </trkpt>
      <trkpt lat="50.11716666666667" lon="14.859583333333333">
        <ele>397</ele>
        <time>2025-03-28T15:39:15Z</time>
      </trkpt>
      <trkpt lat="50.1171" lon="14.859633333333333">
        <ele>398</ele>
        <time>2025-03-28T15:39:16Z</time>
      </trkpt>
      <trkpt lat="50.117016666666665" lon="14.8597">
        <ele>399</ele>
        <time>2025-03-28T15:39:17Z</time>
      </trkpt>
      <trkpt lat="50.11695" lon="14.859766666666667">
        <ele>400</ele>
        <time>2025-03-28T15:39:18Z</time>
      </trkpt>
      <trkpt lat="50.116883333333334" lon="14.859816666666667">
        <ele>400</ele>
        <time>2025-03-28T15:39:19Z</time>
      </trkpt>
      <trkpt lat="50.116816666666665" lon="14.85985">
        <ele>401</ele>
        <time>2025-03-28T15:39:20Z</time>
      </trkpt>
      <trkpt lat="50.11676666666666" lon="14.859866666666667">
        <ele>402</ele>
        <time>2025-03-28T15:39:21Z</time>
      </trkpt>
      <trkpt lat="50.1167" lon="14.8599">
        <ele>402</ele>
        <time>2025-03-28T15:39:22Z</time>
      </trkpt>
      <trkpt lat="50.11663333333333" lon="14.85995">
        <ele>401</ele>
        <time>2025-03-28T15:39:23Z</time>
      </trkpt>
      <trkpt lat="50.11655" lon="14.859983333333334">
        <ele>400</ele>
        <time>2025-03-28T15:39:24Z</time>
      </trkpt>
      <trkpt lat="50.116483333333335" lon="14.860033333333334">
        <ele>399</ele>
        <time>2025-03-28T15:39:25Z</time>
      </trkpt>
      <trkpt lat="50.1164" lon="14.860066666666667">
        <ele>398</ele>
        <time>2025-03-28T15:39:26Z</time>
      </trkpt>
      <trkpt lat="50.11631666666667" lon="14.8601">
        <ele>397</ele>
        <time>2025-03-28T15:39:27Z</time>
      </trkpt>
      <trkpt lat="50.11625" lon="14.860116666666666">
        <ele>397</ele>
        <time>2025-03-28T15:39:28Z</time>
      </trkpt>
      <trkpt lat="50.11618333333333" lon="14.86015">
        <ele>397</ele>
        <time>2025-03-28T15:39:29Z</time>
      </trkpt>
      <trkpt lat="50.11611666666667" lon="14.8602">
        <ele>397</ele>
        <time>2025-03-28T15:39:30Z</time>
      </trkpt>
      <trkpt lat="50.11605" lon="14.860233333333333">
        <ele>396</ele>
        <time>2025-03-28T15:39:31Z</time>
      </trkpt>
      <trkpt lat="50.11595" lon="14.860283333333333">
        <ele>395</ele>
        <time>2025-03-28T15:39:32Z</time>
      </trkpt>
      <trkpt lat="50.11586666666667" lon="14.860316666666666">
        <ele>394</ele>
        <time>2025-03-28T15:39:33Z</time>
      </trkpt>
      <trkpt lat="50.115766666666666" lon="14.86035">
        <ele>393</ele>
        <time>2025-03-28T15:39:34Z</time>
      </trkpt>
      <trkpt lat="50.11566666666667" lon="14.860383333333333">
        <ele>393</ele>
        <time>2025-03-28T15:39:35Z</time>
      </trkpt>
      <trkpt lat="50.11558333333333" lon="14.860416666666667">
        <ele>393</ele>
        <time>2025-03-28T15:39:36Z</time>
      </trkpt>
      <trkpt lat="50.1155" lon="14.86045">
        <ele>393</ele>
        <time>2025-03-28T15:39:37Z</time>
      </trkpt>
      <trkpt lat="50.11541666666667" lon="14.860483333333333">
        <ele>393</ele>
        <time>2025-03-28T15:39:38Z</time>
      </trkpt>
      <trkpt lat="50.11535" lon="14.860516666666667">
        <ele>394</ele>
        <time>2025-03-28T15:39:39Z</time>
      </trkpt>
      <trkpt lat="50.11526666666666" lon="14.86055">
        <ele>395</ele>
        <time>2025-03-28T15:39:40Z</time>
      </trkpt>
      <trkpt lat="50.1152" lon="14.860616666666667">
        <ele>396</ele>
        <time>2025-03-28T15:39:41Z</time>
      </trkpt>
      <trkpt lat="50.11513333333333" lon="14.860683333333334">
        <ele>398</ele>
        <time>2025-03-28T15:39:42Z</time>
      </trkpt>
      <trkpt lat="50.11508333333333" lon="14.86075">
        <ele>399</ele>
        <time>2025-03-28T15:39:43Z</time>
      </trkpt>
      <trkpt lat="50.11501666666667" lon="14.8608">
        <ele>400</ele>
        <time>2025-03-28T15:39:44Z</time>
      </trkpt>
      <trkpt lat="50.11495" lon="14.860866666666666">
        <ele>401</ele>
        <time>2025-03-28T15:39:45Z</time>
      </trkpt>
      <trkpt lat="50.11488333333333" lon="14.860933333333334">
        <ele>401</ele>
        <time>2025-03-28T15:39:46Z</time>
      </trkpt>
      <trkpt lat="50.11483333333333" lon="14.861">
        <ele>402</ele>
        <time>2025-03-28T15:39:47Z</time>
      </trkpt>
      <trkpt lat="50.114783333333335" lon="14.861066666666666">
        <ele>403</ele>
        <time>2025-03-28T15:39:48Z</time>
      </trkpt>
      <trkpt lat="50.114733333333334" lon="14.861116666666666">
        <ele>403</ele>
        <time>2025-03-28T15:39:49Z</time>
      </trkpt>
      <trkpt lat="50.11468333333333" lon="14.86115">
        <ele>404</ele>
        <time>2025-03-28T15:39:50Z</time>
      </trkpt>
      <trkpt lat="50.11463333333333" lon="14.861183333333333">
        <ele>404</ele>
        <time>2025-03-28T15:39:51Z</time>
      </trkpt>
      <trkpt lat="50.11456666666667" lon="14.861216666666667">
        <ele>403</ele>
        <time>2025-03-28T15:39:52Z</time>
      </trkpt>
      <trkpt lat="50.1145" lon="14.86125">
        <ele>402</ele>
        <time>2025-03-28T15:39:53Z</time>
      </trkpt>
      <trkpt lat="50.11443333333333" lon="14.861316666666667">
        <ele>400</ele>
        <time>2025-03-28T15:39:54Z</time>
      </trkpt>
      <trkpt lat="50.11436666666667" lon="14.861366666666667">
        <ele>397</ele>
        <time>2025-03-28T15:39:55Z</time>
      </trkpt>
      <trkpt lat="50.11428333333333" lon="14.861416666666667">
        <ele>395</ele>
        <time>2025-03-28T15:39:56Z</time>
      </trkpt>
      <trkpt lat="50.1142" lon="14.86145">
        <ele>392</ele>
        <time>2025-03-28T15:39:57Z</time>
      </trkpt>
      <trkpt lat="50.114133333333335" lon="14.861483333333334">
        <ele>390</ele>
        <time>2025-03-28T15:39:58Z</time>
      </trkpt>
      <trkpt lat="50.114066666666666" lon="14.861516666666667">
        <ele>389</ele>
        <time>2025-03-28T15:39:59Z</time>
      </trkpt>
      <trkpt lat="50.114" lon="14.861566666666667">
        <ele>387</ele>
        <time>2025-03-28T15:40:00Z</time>
      </trkpt>
      <trkpt lat="50.113933333333335" lon="14.861616666666666">
        <ele>385</ele>
        <time>2025-03-28T15:40:01Z</time>
      </trkpt>
      <trkpt lat="50.11386666666667" lon="14.861666666666666">
        <ele>383</ele>
        <time>2025-03-28T15:40:02Z</time>
      </trkpt>
      <trkpt lat="50.11378333333333" lon="14.8617">
        <ele>382</ele>
        <time>2025-03-28T15:40:03Z</time>
      </trkpt>
      <trkpt lat="50.11371666666667" lon="14.86175">
        <ele>381</ele>
        <time>2025-03-28T15:40:04Z</time>
      </trkpt>
      <trkpt lat="50.11366666666667" lon="14.8618">
        <ele>381</ele>
        <time>2025-03-28T15:40:05Z</time>
      </trkpt>
      <trkpt lat="50.1136" lon="14.86185">
        <ele>381</ele>
        <time>2025-03-28T15:40:06Z</time>
      </trkpt>
      <trkpt lat="50.11355" lon="14.861916666666668">
        <ele>381</ele>
        <time>2025-03-28T15:40:07Z</time>
      </trkpt>
      <trkpt lat="50.113483333333335" lon="14.861983333333333">
        <ele>380</ele>
        <time>2025-03-28T15:40:08Z</time>
      </trkpt>
      <trkpt lat="50.113416666666666" lon="14.862033333333333">
        <ele>380</ele>
        <time>2025-03-28T15:40:09Z</time>
      </trkpt>
      <trkpt lat="50.11335" lon="14.862066666666667">
        <ele>379</ele>
        <time>2025-03-28T15:40:10Z</time>
      </trkpt>
      <trkpt lat="50.113283333333335" lon="14.862116666666667">
        <ele>379</ele>
        <time>2025-03-28T15:40:11Z</time>
      </trkpt>
      <trkpt lat="50.113216666666666" lon="14.86215">
        <ele>380</ele>
        <time>2025-03-28T15:40:12Z</time>
      </trkpt>
      <trkpt lat="50.11315" lon="14.8622">
        <ele>380</ele>
        <time>2025-03-28T15:40:13Z</time>
      </trkpt>
      <trkpt lat="50.1131" lon="14.862266666666667">
        <ele>380</ele>
        <time>2025-03-28T15:40:14Z</time>
      </trkpt>
      <trkpt lat="50.113033333333334" lon="14.862316666666667">
        <ele>380</ele>
        <time>2025-03-28T15:40:15Z</time>
      </trkpt>
      <trkpt lat="50.112966666666665" lon="14.86235">
        <ele>380</ele>
        <time>2025-03-28T15:40:16Z</time>
      </trkpt>
      <trkpt lat="50.1129" lon="14.862383333333334">
        <ele>380</ele>
        <time>2025-03-28T15:40:17Z</time>
      </trkpt>
      <trkpt lat="50.112833333333334" lon="14.862416666666666">
        <ele>381</ele>
        <time>2025-03-28T15:40:18Z</time>
      </trkpt>
      <trkpt lat="50.11278333333333" lon="14.86245">
        <ele>382</ele>
        <time>2025-03-28T15:40:19Z</time>
      </trkpt>
      <trkpt lat="50.112716666666664" lon="14.8625">
        <ele>382</ele>
        <time>2025-03-28T15:40:20Z</time>
      </trkpt>
      <trkpt lat="50.11266666666667" lon="14.86255">
        <ele>383</ele>
        <time>2025-03-28T15:40:21Z</time>
      </trkpt>
      <trkpt lat="50.1126" lon="14.862583333333333">
        <ele>383</ele>
        <time>2025-03-28T15:40:22Z</time>
      </trkpt>
      <trkpt lat="50.11253333333333" lon="14.862616666666666">
        <ele>383</ele>
        <time>2025-03-28T15:40:23Z</time>
      </trkpt>
      <trkpt lat="50.11246666666667" lon="14.862666666666666">
        <ele>383</ele>
        <time>2025-03-28T15:40:24Z</time>
      </trkpt>
      <trkpt lat="50.11241666666667" lon="14.862733333333333">
        <ele>383</ele>
        <time>2025-03-28T15:40:25Z</time>
      </trkpt>
      <trkpt lat="50.11236666666667" lon="14.862783333333333">
        <ele>383</ele>
        <time>2025-03-28T15:40:26Z</time>
      </trkpt>
      <trkpt lat="50.1123" lon="14.86285">
        <ele>383</ele>
        <time>2025-03-28T15:40:27Z</time>
      </trkpt>
      <trkpt lat="50.11225" lon="14.8629">
        <ele>384</ele>
        <time>2025-03-28T15:40:28Z</time>
      </trkpt>
      <trkpt lat="50.11216666666667" lon="14.86295">
        <ele>384</ele>
        <time>2025-03-28T15:40:29Z</time>
      </trkpt>
      <trkpt lat="50.1121" lon="14.863">
        <ele>384</ele>
        <time>2025-03-28T15:40:30Z</time>
      </trkpt>
      <trkpt lat="50.112033333333336" lon="14.86305">
        <ele>384</ele>
        <time>2025-03-28T15:40:31Z</time>
      </trkpt>
      <trkpt lat="50.11196666666667" lon="14.863116666666667">
        <ele>384</ele>
        <time>2025-03-28T15:40:32Z</time>
      </trkpt>
      <trkpt lat="50.111916666666666" lon="14.863166666666666">
        <ele>385</ele>
        <time>2025-03-28T15:40:33Z</time>
      </trkpt>
      <trkpt lat="50.111866666666664" lon="14.863216666666666">
        <ele>386</ele>
        <time>2025-03-28T15:40:34Z</time>
      </trkpt>
      <trkpt lat="50.11183333333334" lon="14.863266666666666">
        <ele>387</ele>
        <time>2025-03-28T15:40:35Z</time>
      </trkpt>
      <trkpt lat="50.111783333333335" lon="14.8633">
        <ele>387</ele>
        <time>2025-03-28T15:40:36Z</time>
      </trkpt>
      <trkpt lat="50.11173333333333" lon="14.86335">
        <ele>387</ele>
        <time>2025-03-28T15:40:37Z</time>
      </trkpt>
      <trkpt lat="50.11165" lon="14.8634">
        <ele>386</ele>
        <time>2025-03-28T15:40:38Z</time>
      </trkpt>
      <trkpt lat="50.1116" lon="14.863466666666667">
        <ele>385</ele>
        <time>2025-03-28T15:40:39Z</time>
      </trkpt>
      <trkpt lat="50.11155" lon="14.863516666666667">
        <ele>385</ele>
        <time>2025-03-28T15:40:40Z</time>
      </trkpt>
      <trkpt lat="50.1115" lon="14.863566666666667">
        <ele>385</ele>
        <time>2025-03-28T15:40:41Z</time>
      </trkpt>
      <trkpt lat="50.11145" lon="14.8636">
        <ele>385</ele>
        <time>2025-03-28T15:40:42Z</time>
      </trkpt>
      <trkpt lat="50.1114" lon="14.86365">
        <ele>385</ele>
        <time>2025-03-28T15:40:43Z</time>
      </trkpt>
      <trkpt lat="50.11135" lon="14.8637">
        <ele>385</ele>
        <time>2025-03-28T15:40:44Z</time>
      </trkpt>
      <trkpt lat="50.11131666666667" lon="14.863766666666667">
        <ele>385</ele>
        <time>2025-03-28T15:40:45Z</time>
      </trkpt>
      <trkpt lat="50.11125" lon="14.863833333333334">
        <ele>384</ele>
        <time>2025-03-28T15:40:46Z</time>
      </trkpt>
      <trkpt lat="50.1112" lon="14.8639">
        <ele>384</ele>
        <time>2025-03-28T15:40:47Z</time>
      </trkpt>
      <trkpt lat="50.11115" lon="14.863966666666666">
        <ele>384</ele>
        <time>2025-03-28T15:40:48Z</time>
      </trkpt>
      <trkpt lat="50.1111" lon="14.864033333333333">
        <ele>384</ele>
        <time>2025-03-28T15:40:49Z</time>
      </trkpt>
      <trkpt lat="50.111066666666666" lon="14.8641">
        <ele>384</ele>
        <time>2025-03-28T15:40:50Z</time>
      </trkpt>
      <trkpt lat="50.111016666666664" lon="14.864166666666666">
        <ele>384</ele>
        <time>2025-03-28T15:40:51Z</time>
      </trkpt>
      <trkpt lat="50.11096666666667" lon="14.864233333333333">
        <ele>385</ele>
        <time>2025-03-28T15:40:52Z</time>
      </trkpt>
      <trkpt lat="50.11091666666667" lon="14.8643">
        <ele>384</ele>
        <time>2025-03-28T15:40:53Z</time>
      </trkpt>
      <trkpt lat="50.110866666666666" lon="14.864366666666667">
        <ele>384</ele>
        <time>2025-03-28T15:40:54Z</time>
      </trkpt>
      <trkpt lat="50.1108" lon="14.8644">
        <ele>384</ele>
        <time>2025-03-28T15:40:55Z</time>
      </trkpt>
      <trkpt lat="50.11075" lon="14.86445">
        <ele>383</ele>
        <time>2025-03-28T15:40:56Z</time>
      </trkpt>
      <trkpt lat="50.1107" lon="14.864483333333334">
        <ele>383</ele>
        <time>2025-03-28T15:40:57Z</time>
      </trkpt>
      <trkpt lat="50.11063333333333" lon="14.864533333333334">
        <ele>383</ele>
        <time>2025-03-28T15:40:58Z</time>
      </trkpt>
      <trkpt lat="50.110566666666664" lon="14.864566666666667">
        <ele>383</ele>
        <time>2025-03-28T15:40:59Z</time>
      </trkpt>
      <trkpt lat="50.11051666666667" lon="14.8646">
        <ele>382</ele>
        <time>2025-03-28T15:41:00Z</time>
      </trkpt>
      <trkpt lat="50.11045" lon="14.86465">
        <ele>382</ele>
        <time>2025-03-28T15:41:01Z</time>
      </trkpt>
      <trkpt lat="50.11038333333333" lon="14.864683333333334">
        <ele>381</ele>
        <time>2025-03-28T15:41:02Z</time>
      </trkpt>
      <trkpt lat="50.11031666666667" lon="14.864733333333334">
        <ele>381</ele>
        <time>2025-03-28T15:41:03Z</time>
      </trkpt>
      <trkpt lat="50.11026666666667" lon="14.864783333333333">
        <ele>380</ele>
        <time>2025-03-28T15:41:04Z</time>
      </trkpt>
      <trkpt lat="50.1102" lon="14.864816666666666">
        <ele>380</ele>
        <time>2025-03-28T15:41:05Z</time>
      </trkpt>
      <trkpt lat="50.11015" lon="14.864866666666666">
        <ele>380</ele>
        <time>2025-03-28T15:41:06Z</time>
      </trkpt>
      <trkpt lat="50.110083333333336" lon="14.8649">
        <ele>381</ele>
        <time>2025-03-28T15:41:07Z</time>
      </trkpt>
      <trkpt lat="50.11005" lon="14.86495">
        <ele>381</ele>
        <time>2025-03-28T15:41:08Z</time>
      </trkpt>
      <trkpt lat="50.10998333333333" lon="14.865">
        <ele>381</ele>
        <time>2025-03-28T15:41:09Z</time>
      </trkpt>
      <trkpt lat="50.10993333333333" lon="14.86505">
        <ele>380</ele>
        <time>2025-03-28T15:41:10Z</time>
      </trkpt>
      <trkpt lat="50.10985" lon="14.8651">
        <ele>379</ele>
        <time>2025-03-28T15:41:11Z</time>
      </trkpt>
      <trkpt lat="50.109766666666665" lon="14.86515">
        <ele>377</ele>
        <time>2025-03-28T15:41:12Z</time>
      </trkpt>
      <trkpt lat="50.10968333333334" lon="14.8652">
        <ele>376</ele>
        <time>2025-03-28T15:41:13Z</time>
      </trkpt>
      <trkpt lat="50.1096" lon="14.865233333333334">
        <ele>375</ele>
        <time>2025-03-28T15:41:14Z</time>
      </trkpt>
      <trkpt lat="50.10953333333333" lon="14.865266666666667">
        <ele>375</ele>
        <time>2025-03-28T15:41:15Z</time>
      </trkpt>
      <trkpt lat="50.10945" lon="14.865266666666667">
        <ele>375</ele>
        <time>2025-03-28T15:41:16Z</time>
      </trkpt>
      <trkpt lat="50.109366666666666" lon="14.865266666666667">
        <ele>376</ele>
        <time>2025-03-28T15:41:17Z</time>
      </trkpt>
      <trkpt lat="50.10926666666667" lon="14.865283333333334">
        <ele>376</ele>
        <time>2025-03-28T15:41:18Z</time>
      </trkpt>
      <trkpt lat="50.109183333333334" lon="14.865316666666667">
        <ele>376</ele>
        <time>2025-03-28T15:41:19Z</time>
      </trkpt>
      <trkpt lat="50.1091" lon="14.86535">
        <ele>376</ele>
        <time>2025-03-28T15:41:20Z</time>
      </trkpt>
      <trkpt lat="50.109033333333336" lon="14.865383333333334">
        <ele>376</ele>
        <time>2025-03-28T15:41:21Z</time>
      </trkpt>
      <trkpt lat="50.10895" lon="14.865416666666667">
        <ele>376</ele>
        <time>2025-03-28T15:41:22Z</time>
      </trkpt>
      <trkpt lat="50.108866666666664" lon="14.865433333333334">
        <ele>376</ele>
        <time>2025-03-28T15:41:23Z</time>
      </trkpt>
      <trkpt lat="50.10876666666667" lon="14.86545">
        <ele>376</ele>
        <time>2025-03-28T15:41:24Z</time>
      </trkpt>
      <trkpt lat="50.10868333333333" lon="14.86545">
        <ele>375</ele>
        <time>2025-03-28T15:41:25Z</time>
      </trkpt>
      <trkpt lat="50.1086" lon="14.865466666666666">
        <ele>375</ele>
        <time>2025-03-28T15:41:26Z</time>
      </trkpt>
      <trkpt lat="50.10851666666667" lon="14.865466666666666">
        <ele>373</ele>
        <time>2025-03-28T15:41:27Z</time>
      </trkpt>
      <trkpt lat="50.10841666666666" lon="14.865466666666666">
        <ele>372</ele>
        <time>2025-03-28T15:41:28Z</time>
      </trkpt>
      <trkpt lat="50.10831666666667" lon="14.865483333333334">
        <ele>370</ele>
        <time>2025-03-28T15:41:29Z</time>
      </trkpt>
      <trkpt lat="50.108216666666664" lon="14.865483333333334">
        <ele>369</ele>
        <time>2025-03-28T15:41:30Z</time>
      </trkpt>
      <trkpt lat="50.10811666666667" lon="14.865483333333334">
        <ele>367</ele>
        <time>2025-03-28T15:41:31Z</time>
      </trkpt>
      <trkpt lat="50.108016666666664" lon="14.865483333333334">
        <ele>366</ele>
        <time>2025-03-28T15:41:32Z</time>
      </trkpt>
      <trkpt lat="50.10791666666667" lon="14.865483333333334">
        <ele>367</ele>
        <time>2025-03-28T15:41:33Z</time>
      </trkpt>
      <trkpt lat="50.107816666666665" lon="14.865466666666666">
        <ele>367</ele>
        <time>2025-03-28T15:41:34Z</time>
      </trkpt>
      <trkpt lat="50.107733333333336" lon="14.86545">
        <ele>367</ele>
        <time>2025-03-28T15:41:35Z</time>
      </trkpt>
      <trkpt lat="50.10763333333333" lon="14.86545">
        <ele>367</ele>
        <time>2025-03-28T15:41:36Z</time>
      </trkpt>
      <trkpt lat="50.10751666666667" lon="14.865433333333334">
        <ele>367</ele>
        <time>2025-03-28T15:41:37Z</time>
      </trkpt>
      <trkpt lat="50.107416666666666" lon="14.865416666666667">
        <ele>367</ele>
        <time>2025-03-28T15:41:38Z</time>
      </trkpt>
      <trkpt lat="50.10731666666667" lon="14.8654">
        <ele>366</ele>
        <time>2025-03-28T15:41:39Z</time>
      </trkpt>
      <trkpt lat="50.107216666666666" lon="14.865383333333334">
        <ele>365</ele>
        <time>2025-03-28T15:41:40Z</time>
      </trkpt>
      <trkpt lat="50.10711666666667" lon="14.865383333333334">
        <ele>364</ele>
        <time>2025-03-28T15:41:41Z</time>
      </trkpt>
      <trkpt lat="50.10701666666667" lon="14.865366666666667">
        <ele>364</ele>
        <time>2025-03-28T15:41:42Z</time>
      </trkpt>
      <trkpt lat="50.10691666666666" lon="14.86535">
        <ele>363</ele>
        <time>2025-03-28T15:41:43Z</time>
      </trkpt>
      <trkpt lat="50.1068" lon="14.865333333333334">
        <ele>362</ele>
        <time>2025-03-28T15:41:44Z</time>
      </trkpt>
      <trkpt lat="50.1067" lon="14.865333333333334">
        <ele>362</ele>
        <time>2025-03-28T15:41:45Z</time>
      </trkpt>
      <trkpt lat="50.10661666666667" lon="14.86535">
        <ele>362</ele>
        <time>2025-03-28T15:41:46Z</time>
      </trkpt>
      <trkpt lat="50.10653333333333" lon="14.865366666666667">
        <ele>362</ele>
        <time>2025-03-28T15:41:47Z</time>
      </trkpt>
      <trkpt lat="50.106433333333335" lon="14.865383333333334">
        <ele>362</ele>
        <time>2025-03-28T15:41:48Z</time>
      </trkpt>
      <trkpt lat="50.10635" lon="14.865366666666667">
        <ele>362</ele>
        <time>2025-03-28T15:41:49Z</time>
      </trkpt>
      <trkpt lat="50.10625" lon="14.865366666666667">
        <ele>361</ele>
        <time>2025-03-28T15:41:50Z</time>
      </trkpt>
      <trkpt lat="50.10615" lon="14.86535">
        <ele>361</ele>
        <time>2025-03-28T15:41:51Z</time>
      </trkpt>
      <trkpt lat="50.10605" lon="14.86535">
        <ele>360</ele>
        <time>2025-03-28T15:41:52Z</time>
      </trkpt>
      <trkpt lat="50.10596666666667" lon="14.865333333333334">
        <ele>360</ele>
        <time>2025-03-28T15:41:53Z</time>
      </trkpt>
      <trkpt lat="50.105866666666664" lon="14.865316666666667">
        <ele>359</ele>
        <time>2025-03-28T15:41:54Z</time>
      </trkpt>
      <trkpt lat="50.10576666666667" lon="14.8653">
        <ele>359</ele>
        <time>2025-03-28T15:41:55Z</time>
      </trkpt>
      <trkpt lat="50.10568333333333" lon="14.865283333333334">
        <ele>359</ele>
        <time>2025-03-28T15:41:56Z</time>
      </trkpt>
      <trkpt lat="50.105583333333335" lon="14.865266666666667">
        <ele>359</ele>
        <time>2025-03-28T15:41:57Z</time>
      </trkpt>
      <trkpt lat="50.10548333333333" lon="14.865266666666667">
        <ele>359</ele>
        <time>2025-03-28T15:41:58Z</time>
      </trkpt>
      <trkpt lat="50.1054" lon="14.865283333333334">
        <ele>359</ele>
        <time>2025-03-28T15:41:59Z</time>
      </trkpt>
      <trkpt lat="50.1053" lon="14.865283333333334">
        <ele>358</ele>
        <time>2025-03-28T15:42:00Z</time>
      </trkpt>
      <trkpt lat="50.1052" lon="14.865266666666667">
        <ele>358</ele>
        <time>2025-03-28T15:42:01Z</time>
      </trkpt>
      <trkpt lat="50.10511666666667" lon="14.86525">
        <ele>358</ele>
        <time>2025-03-28T15:42:02Z</time>
      </trkpt>
      <trkpt lat="50.105016666666664" lon="14.865216666666667">
        <ele>358</ele>
        <time>2025-03-28T15:42:03Z</time>
      </trkpt>
      <trkpt lat="50.10491666666667" lon="14.8652">
        <ele>358</ele>
        <time>2025-03-28T15:42:04Z</time>
      </trkpt>
      <trkpt lat="50.104816666666665" lon="14.865166666666667">
        <ele>358</ele>
        <time>2025-03-28T15:42:05Z</time>
      </trkpt>
      <trkpt lat="50.10471666666667" lon="14.86515">
        <ele>357</ele>
        <time>2025-03-28T15:42:06Z</time>
      </trkpt>
      <trkpt lat="50.104616666666665" lon="14.865116666666667">
        <ele>357</ele>
        <time>2025-03-28T15:42:07Z</time>
      </trkpt>
      <trkpt lat="50.10451666666667" lon="14.865066666666667">
        <ele>356</ele>
        <time>2025-03-28T15:42:08Z</time>
      </trkpt>
      <trkpt lat="50.10443333333333" lon="14.865033333333333">
        <ele>355</ele>
        <time>2025-03-28T15:42:09Z</time>
      </trkpt>
      <trkpt lat="50.10433333333334" lon="14.865">
        <ele>353</ele>
        <time>2025-03-28T15:42:10Z</time>
      </trkpt>
      <trkpt lat="50.104216666666666" lon="14.864966666666668">
        <ele>351</ele>
        <time>2025-03-28T15:42:11Z</time>
      </trkpt>
      <trkpt lat="50.10411666666667" lon="14.86495">
        <ele>348</ele>
        <time>2025-03-28T15:42:12Z</time>
      </trkpt>
      <trkpt lat="50.104016666666666" lon="14.864933333333333">
        <ele>346</ele>
        <time>2025-03-28T15:42:13Z</time>
      </trkpt>
      <trkpt lat="50.10391666666667" lon="14.864916666666666">
        <ele>344</ele>
        <time>2025-03-28T15:42:14Z</time>
      </trkpt>
      <trkpt lat="50.10381666666667" lon="14.8649">
        <ele>343</ele>
        <time>2025-03-28T15:42:15Z</time>
      </trkpt>
      <trkpt lat="50.103716666666664" lon="14.8649">
        <ele>342</ele>
        <time>2025-03-28T15:42:16Z</time>
      </trkpt>
      <trkpt lat="50.10361666666667" lon="14.864916666666666">
        <ele>342</ele>
        <time>2025-03-28T15:42:17Z</time>
      </trkpt>
      <trkpt lat="50.10353333333333" lon="14.86495">
        <ele>342</ele>
        <time>2025-03-28T15:42:18Z</time>
      </trkpt>
      <trkpt lat="50.10345" lon="14.865">
        <ele>342</ele>
        <time>2025-03-28T15:42:19Z</time>
      </trkpt>
      <trkpt lat="50.10338333333333" lon="14.865066666666667">
        <ele>342</ele>
        <time>2025-03-28T15:42:20Z</time>
      </trkpt>
      <trkpt lat="50.1033" lon="14.865133333333333">
        <ele>342</ele>
        <time>2025-03-28T15:42:21Z</time>
      </trkpt>
      <trkpt lat="50.103233333333336" lon="14.865216666666667">
        <ele>342</ele>
        <time>2025-03-28T15:42:22Z</time>
      </trkpt>
      <trkpt lat="50.1032" lon="14.865316666666667">
        <ele>343</ele>
        <time>2025-03-28T15:42:23Z</time>
      </trkpt>
      <trkpt lat="50.103183333333334" lon="14.865433333333334">
        <ele>343</ele>
        <time>2025-03-28T15:42:24Z</time>
      </trkpt>
      <trkpt lat="50.10316666666667" lon="14.86555">
        <ele>343</ele>
        <time>2025-03-28T15:42:25Z</time>
      </trkpt>
      <trkpt lat="50.10313333333333" lon="14.865666666666666">
        <ele>343</ele>
        <time>2025-03-28T15:42:26Z</time>
      </trkpt>
      <trkpt lat="50.1031" lon="14.8658">
        <ele>342</ele>
        <time>2025-03-28T15:42:27Z</time>
      </trkpt>
      <trkpt lat="50.10305" lon="14.865916666666667">
        <ele>341</ele>
        <time>2025-03-28T15:42:28Z</time>
      </trkpt>
      <trkpt lat="50.103" lon="14.866033333333334">
        <ele>341</ele>
        <time>2025-03-28T15:42:29Z</time>
      </trkpt>
      <trkpt lat="50.10295" lon="14.866133333333334">
        <ele>341</ele>
        <time>2025-03-28T15:42:30Z</time>
      </trkpt>
      <trkpt lat="50.102916666666665" lon="14.866216666666666">
        <ele>342</ele>
        <time>2025-03-28T15:42:31Z</time>
      </trkpt>
      <trkpt lat="50.10288333333333" lon="14.866283333333334">
        <ele>344</ele>
        <time>2025-03-28T15:42:32Z</time>
      </trkpt>
      <trkpt lat="50.10285" lon="14.86635">
        <ele>345</ele>
        <time>2025-03-28T15:42:33Z</time>
      </trkpt>
      <trkpt lat="50.10281666666667" lon="14.866416666666666">
        <ele>346</ele>
        <time>2025-03-28T15:42:34Z</time>
      </trkpt>
      <trkpt lat="50.10276666666667" lon="14.866516666666667">
        <ele>346</ele>
        <time>2025-03-28T15:42:35Z</time>
      </trkpt>
      <trkpt lat="50.102716666666666" lon="14.866616666666667">
        <ele>345</ele>
        <time>2025-03-28T15:42:36Z</time>
      </trkpt>
      <trkpt lat="50.10265" lon="14.8667">
        <ele>344</ele>
        <time>2025-03-28T15:42:37Z</time>
      </trkpt>
      <trkpt lat="50.1026" lon="14.866783333333334">
        <ele>343</ele>
        <time>2025-03-28T15:42:38Z</time>
      </trkpt>
      <trkpt lat="50.10255" lon="14.866866666666667">
        <ele>343</ele>
        <time>2025-03-28T15:42:39Z</time>
      </trkpt>
      <trkpt lat="50.1025" lon="14.86695">
        <ele>342</ele>
        <time>2025-03-28T15:42:40Z</time>
      </trkpt>
      <trkpt lat="50.10245" lon="14.867033333333334">
        <ele>342</ele>
        <time>2025-03-28T15:42:41Z</time>
      </trkpt>
      <trkpt lat="50.1024" lon="14.867133333333333">
        <ele>342</ele>
        <time>2025-03-28T15:42:42Z</time>
      </trkpt>
      <trkpt lat="50.10235" lon="14.867216666666666">
        <ele>341</ele>
        <time>2025-03-28T15:42:43Z</time>
      </trkpt>
      <trkpt lat="50.1023" lon="14.8673">
        <ele>341</ele>
        <time>2025-03-28T15:42:44Z</time>
      </trkpt>
      <trkpt lat="50.10225" lon="14.867383333333333">
        <ele>341</ele>
        <time>2025-03-28T15:42:45Z</time>
      </trkpt>
      <trkpt lat="50.1022" lon="14.867466666666667">
        <ele>342</ele>
        <time>2025-03-28T15:42:46Z</time>
      </trkpt>
      <trkpt lat="50.10216666666667" lon="14.86755">
        <ele>342</ele>
        <time>2025-03-28T15:42:47Z</time>
      </trkpt>
      <trkpt lat="50.10211666666667" lon="14.867633333333334">
        <ele>342</ele>
        <time>2025-03-28T15:42:48Z</time>
      </trkpt>
      <trkpt lat="50.102066666666666" lon="14.867716666666666">
        <ele>342</ele>
        <time>2025-03-28T15:42:49Z</time>
      </trkpt>
      <trkpt lat="50.102016666666664" lon="14.8678">
        <ele>343</ele>
        <time>2025-03-28T15:42:50Z</time>
      </trkpt>
      <trkpt lat="50.10196666666667" lon="14.867866666666666">
        <ele>343</ele>
        <time>2025-03-28T15:42:51Z</time>
      </trkpt>
      <trkpt lat="50.10191666666667" lon="14.86795">
        <ele>344</ele>
        <time>2025-03-28T15:42:52Z</time>
      </trkpt>
      <trkpt lat="50.10188333333333" lon="14.868033333333333">
        <ele>344</ele>
        <time>2025-03-28T15:42:53Z</time>
      </trkpt>
      <trkpt lat="50.10183333333333" lon="14.868116666666667">
        <ele>344</ele>
        <time>2025-03-28T15:42:54Z</time>
      </trkpt>
      <trkpt lat="50.10178333333333" lon="14.8682">
        <ele>344</ele>
        <time>2025-03-28T15:42:55Z</time>
      </trkpt>
      <trkpt lat="50.101733333333335" lon="14.868283333333334">
        <ele>344</ele>
        <time>2025-03-28T15:42:56Z</time>
      </trkpt>
      <trkpt lat="50.10166666666667" lon="14.86835">
        <ele>344</ele>
        <time>2025-03-28T15:42:57Z</time>
      </trkpt>
      <trkpt lat="50.101616666666665" lon="14.868433333333334">
        <ele>344</ele>
        <time>2025-03-28T15:42:58Z</time>
      </trkpt>
      <trkpt lat="50.10155" lon="14.8685">
        <ele>344</ele>
        <time>2025-03-28T15:42:59Z</time>
      </trkpt>
      <trkpt lat="50.1015" lon="14.868583333333333">
        <ele>344</ele>
        <time>2025-03-28T15:43:00Z</time>
      </trkpt>
      <trkpt lat="50.10145" lon="14.868666666666666">
        <ele>345</ele>
        <time>2025-03-28T15:43:01Z</time>
      </trkpt>
      <trkpt lat="50.10138333333333" lon="14.868733333333333">
        <ele>345</ele>
        <time>2025-03-28T15:43:02Z</time>
      </trkpt>
      <trkpt lat="50.101333333333336" lon="14.868816666666667">
        <ele>345</ele>
        <time>2025-03-28T15:43:03Z</time>
      </trkpt>
      <trkpt lat="50.101283333333335" lon="14.8689">
        <ele>345</ele>
        <time>2025-03-28T15:43:04Z</time>
      </trkpt>
      <trkpt lat="50.10123333333333" lon="14.869">
        <ele>345</ele>
        <time>2025-03-28T15:43:05Z</time>
      </trkpt>
      <trkpt lat="50.1012" lon="14.8691">
        <ele>345</ele>
        <time>2025-03-28T15:43:06Z</time>
      </trkpt>
      <trkpt lat="50.10115" lon="14.8692">
        <ele>344</ele>
        <time>2025-03-28T15:43:07Z</time>
      </trkpt>
      <trkpt lat="50.1011" lon="14.8693">
        <ele>344</ele>
        <time>2025-03-28T15:43:08Z</time>
      </trkpt>
      <trkpt lat="50.10105" lon="14.869416666666666">
        <ele>343</ele>
        <time>2025-03-28T15:43:09Z</time>
      </trkpt>
      <trkpt lat="50.10098333333333" lon="14.869516666666666">
        <ele>342</ele>
        <time>2025-03-28T15:43:10Z</time>
      </trkpt>
      <trkpt lat="50.10093333333333" lon="14.869616666666667">
        <ele>341</ele>
        <time>2025-03-28T15:43:11Z</time>
      </trkpt>
      <trkpt lat="50.100883333333336" lon="14.869716666666667">
        <ele>340</ele>
        <time>2025-03-28T15:43:12Z</time>
      </trkpt>
      <trkpt lat="50.100833333333334" lon="14.869816666666667">
        <ele>340</ele>
        <time>2025-03-28T15:43:13Z</time>
      </trkpt>
      <trkpt lat="50.10078333333333" lon="14.8699">
        <ele>339</ele>
        <time>2025-03-28T15:43:14Z</time>
      </trkpt>
      <trkpt lat="50.10073333333333" lon="14.869983333333334">
        <ele>339</ele>
        <time>2025-03-28T15:43:15Z</time>
      </trkpt>
      <trkpt lat="50.10066666666667" lon="14.870083333333334">
        <ele>339</ele>
        <time>2025-03-28T15:43:16Z</time>
      </trkpt>
      <trkpt lat="50.1006" lon="14.870166666666666">
        <ele>339</ele>
        <time>2025-03-28T15:43:17Z</time>
      </trkpt>
      <trkpt lat="50.100516666666664" lon="14.870233333333333">
        <ele>338</ele>
        <time>2025-03-28T15:43:18Z</time>
      </trkpt>
      <trkpt lat="50.100433333333335" lon="14.870283333333333">
        <ele>338</ele>
        <time>2025-03-28T15:43:19Z</time>
      </trkpt>
      <trkpt lat="50.100366666666666" lon="14.870333333333333">
        <ele>338</ele>
        <time>2025-03-28T15:43:20Z</time>
      </trkpt>
      <trkpt lat="50.10028333333333" lon="14.870383333333333">
        <ele>338</ele>
        <time>2025-03-28T15:43:21Z</time>
      </trkpt>
      <trkpt lat="50.1002" lon="14.870433333333333">
        <ele>338</ele>
        <time>2025-03-28T15:43:22Z</time>
      </trkpt>
      <trkpt lat="50.100116666666665" lon="14.870516666666667">
        <ele>337</ele>
        <time>2025-03-28T15:43:23Z</time>
      </trkpt>
      <trkpt lat="50.10005" lon="14.870616666666667">
        <ele>337</ele>
        <time>2025-03-28T15:43:24Z</time>
      </trkpt>
      <trkpt lat="50.09996666666667" lon="14.8707">
        <ele>336</ele>
        <time>2025-03-28T15:43:25Z</time>
      </trkpt>
      <trkpt lat="50.0999" lon="14.8708">
        <ele>336</ele>
        <time>2025-03-28T15:43:26Z</time>
      </trkpt>
      <trkpt lat="50.09985" lon="14.870916666666666">
        <ele>336</ele>
        <time>2025-03-28T15:43:27Z</time>
      </trkpt>
      <trkpt lat="50.0998" lon="14.871016666666666">
        <ele>336</ele>
        <time>2025-03-28T15:43:28Z</time>
      </trkpt>
      <trkpt lat="50.09976666666667" lon="14.871133333333333">
        <ele>337</ele>
        <time>2025-03-28T15:43:29Z</time>
      </trkpt>
      <trkpt lat="50.09973333333333" lon="14.87125">
        <ele>338</ele>
        <time>2025-03-28T15:43:30Z</time>
      </trkpt>
      <trkpt lat="50.09968333333333" lon="14.87135">
        <ele>338</ele>
        <time>2025-03-28T15:43:31Z</time>
      </trkpt>
      <trkpt lat="50.09965" lon="14.871466666666667">
        <ele>340</ele>
        <time>2025-03-28T15:43:32Z</time>
      </trkpt>
      <trkpt lat="50.0996" lon="14.871566666666666">
        <ele>341</ele>
        <time>2025-03-28T15:43:33Z</time>
      </trkpt>
      <trkpt lat="50.09956666666667" lon="14.871683333333333">
        <ele>342</ele>
        <time>2025-03-28T15:43:34Z</time>
      </trkpt>
      <trkpt lat="50.099516666666666" lon="14.8718">
        <ele>343</ele>
        <time>2025-03-28T15:43:35Z</time>
      </trkpt>
      <trkpt lat="50.09948333333333" lon="14.871916666666667">
        <ele>344</ele>
        <time>2025-03-28T15:43:36Z</time>
      </trkpt>
      <trkpt lat="50.09945" lon="14.872016666666667">
        <ele>345</ele>
        <time>2025-03-28T15:43:37Z</time>
      </trkpt>
      <trkpt lat="50.09943333333333" lon="14.87215">
        <ele>346</ele>
        <time>2025-03-28T15:43:38Z</time>
      </trkpt>
      <trkpt lat="50.09941666666667" lon="14.872266666666667">
        <ele>347</ele>
        <time>2025-03-28T15:43:39Z</time>
      </trkpt>
      <trkpt lat="50.0994" lon="14.8724">
        <ele>348</ele>
        <time>2025-03-28T15:43:40Z</time>
      </trkpt>
      <trkpt lat="50.099383333333336" lon="14.872516666666666">
        <ele>349</ele>
        <time>2025-03-28T15:43:41Z</time>
      </trkpt>
      <trkpt lat="50.09935" lon="14.872633333333333">
        <ele>350</ele>
        <time>2025-03-28T15:43:42Z</time>
      </trkpt>
      <trkpt lat="50.0993" lon="14.872733333333333">
        <ele>351</ele>
        <time>2025-03-28T15:43:43Z</time>
      </trkpt>
      <trkpt lat="50.09925" lon="14.872833333333332">
        <ele>352</ele>
        <time>2025-03-28T15:43:44Z</time>
      </trkpt>
      <trkpt lat="50.0992" lon="14.872916666666667">
        <ele>353</ele>
        <time>2025-03-28T15:43:45Z</time>
      </trkpt>
      <trkpt lat="50.09916666666667" lon="14.873016666666667">
        <ele>354</ele>
        <time>2025-03-28T15:43:46Z</time>
      </trkpt>
      <trkpt lat="50.099133333333334" lon="14.873133333333334">
        <ele>355</ele>
        <time>2025-03-28T15:43:47Z</time>
      </trkpt>
      <trkpt lat="50.0991" lon="14.873233333333333">
        <ele>357</ele>
        <time>2025-03-28T15:43:48Z</time>
      </trkpt>
      <trkpt lat="50.09908333333333" lon="14.873333333333333">
        <ele>358</ele>
        <time>2025-03-28T15:43:49Z</time>
      </trkpt>
      <trkpt lat="50.09905" lon="14.873433333333333">
        <ele>359</ele>
        <time>2025-03-28T15:43:50Z</time>
      </trkpt>
      <trkpt lat="50.099016666666664" lon="14.873516666666667">
        <ele>360</ele>
        <time>2025-03-28T15:43:51Z</time>
      </trkpt>
      <trkpt lat="50.09896666666667" lon="14.873616666666667">
        <ele>360</ele>
        <time>2025-03-28T15:43:52Z</time>
      </trkpt>
      <trkpt lat="50.098933333333335" lon="14.873716666666667">
        <ele>360</ele>
        <time>2025-03-28T15:43:53Z</time>
      </trkpt>
      <trkpt lat="50.0989" lon="14.873816666666666">
        <ele>359</ele>
        <time>2025-03-28T15:43:54Z</time>
      </trkpt>
      <trkpt lat="50.09888333333333" lon="14.873933333333333">
        <ele>359</ele>
        <time>2025-03-28T15:43:55Z</time>
      </trkpt>
      <trkpt lat="50.098866666666666" lon="14.874033333333333">
        <ele>359</ele>
        <time>2025-03-28T15:43:56Z</time>
      </trkpt>
      <trkpt lat="50.09883333333333" lon="14.874133333333333">
        <ele>359</ele>
        <time>2025-03-28T15:43:57Z</time>
      </trkpt>
      <trkpt lat="50.0988" lon="14.874233333333333">
        <ele>359</ele>
        <time>2025-03-28T15:43:58Z</time>
      </trkpt>
      <trkpt lat="50.09876666666667" lon="14.87435">
        <ele>359</ele>
        <time>2025-03-28T15:43:59Z</time>
      </trkpt>
      <trkpt lat="50.098733333333335" lon="14.87445">
        <ele>359</ele>
        <time>2025-03-28T15:44:00Z</time>
      </trkpt>
      <trkpt lat="50.0987" lon="14.87455">
        <ele>360</ele>
        <time>2025-03-28T15:44:01Z</time>
      </trkpt>
      <trkpt lat="50.098683333333334" lon="14.87465">
        <ele>360</ele>
        <time>2025-03-28T15:44:02Z</time>
      </trkpt>
      <trkpt lat="50.09865" lon="14.874733333333333">
        <ele>360</ele>
        <time>2025-03-28T15:44:03Z</time>
      </trkpt>
      <trkpt lat="50.09863333333333" lon="14.874833333333333">
        <ele>361</ele>
        <time>2025-03-28T15:44:04Z</time>
      </trkpt>
      <trkpt lat="50.0986" lon="14.874933333333333">
        <ele>361</ele>
        <time>2025-03-28T15:44:05Z</time>
      </trkpt>
      <trkpt lat="50.09856666666666" lon="14.875033333333333">
        <ele>361</ele>
        <time>2025-03-28T15:44:06Z</time>
      </trkpt>
      <trkpt lat="50.098533333333336" lon="14.875133333333334">
        <ele>360</ele>
        <time>2025-03-28T15:44:07Z</time>
      </trkpt>
      <trkpt lat="50.0985" lon="14.875233333333334">
        <ele>361</ele>
        <time>2025-03-28T15:44:08Z</time>
      </trkpt>
      <trkpt lat="50.09846666666667" lon="14.875333333333334">
        <ele>361</ele>
        <time>2025-03-28T15:44:09Z</time>
      </trkpt>
      <trkpt lat="50.09843333333333" lon="14.875416666666666">
        <ele>362</ele>
        <time>2025-03-28T15:44:10Z</time>
      </trkpt>
      <trkpt lat="50.09838333333333" lon="14.875516666666666">
        <ele>362</ele>
        <time>2025-03-28T15:44:11Z</time>
      </trkpt>
      <trkpt lat="50.09835" lon="14.875616666666666">
        <ele>363</ele>
        <time>2025-03-28T15:44:12Z</time>
      </trkpt>
      <trkpt lat="50.09831666666667" lon="14.875716666666667">
        <ele>363</ele>
        <time>2025-03-28T15:44:13Z</time>
      </trkpt>
      <trkpt lat="50.09826666666667" lon="14.875816666666667">
        <ele>363</ele>
        <time>2025-03-28T15:44:14Z</time>
      </trkpt>
      <trkpt lat="50.09823333333333" lon="14.875916666666667">
        <ele>363</ele>
        <time>2025-03-28T15:44:15Z</time>
      </trkpt>
      <trkpt lat="50.0982" lon="14.876016666666667">
        <ele>363</ele>
        <time>2025-03-28T15:44:16Z</time>
      </trkpt>
      <trkpt lat="50.098166666666664" lon="14.876116666666666">
        <ele>363</ele>
        <time>2025-03-28T15:44:17Z</time>
      </trkpt>
      <trkpt lat="50.09811666666667" lon="14.876216666666666">
        <ele>363</ele>
        <time>2025-03-28T15:44:18Z</time>
      </trkpt>
      <trkpt lat="50.09806666666667" lon="14.876316666666666">
        <ele>363</ele>
        <time>2025-03-28T15:44:19Z</time>
      </trkpt>
      <trkpt lat="50.098016666666666" lon="14.876416666666668">
        <ele>364</ele>
        <time>2025-03-28T15:44:20Z</time>
      </trkpt>
      <trkpt lat="50.097966666666665" lon="14.876516666666667">
        <ele>364</ele>
        <time>2025-03-28T15:44:21Z</time>
      </trkpt>
      <trkpt lat="50.09793333333333" lon="14.876616666666667">
        <ele>365</ele>
        <time>2025-03-28T15:44:22Z</time>
      </trkpt>
      <trkpt lat="50.0979" lon="14.876716666666667">
        <ele>366</ele>
        <time>2025-03-28T15:44:23Z</time>
      </trkpt>
      <trkpt lat="50.09786666666667" lon="14.876833333333334">
        <ele>367</ele>
        <time>2025-03-28T15:44:24Z</time>
      </trkpt>
      <trkpt lat="50.09785" lon="14.87695">
        <ele>368</ele>
        <time>2025-03-28T15:44:25Z</time>
      </trkpt>
      <trkpt lat="50.09781666666667" lon="14.877066666666666">
        <ele>369</ele>
        <time>2025-03-28T15:44:26Z</time>
      </trkpt>
      <trkpt lat="50.09778333333333" lon="14.877183333333333">
        <ele>370</ele>
        <time>2025-03-28T15:44:27Z</time>
      </trkpt>
      <trkpt lat="50.097766666666665" lon="14.8773">
        <ele>371</ele>
        <time>2025-03-28T15:44:28Z</time>
      </trkpt>
      <trkpt lat="50.09773333333333" lon="14.8774">
        <ele>372</ele>
        <time>2025-03-28T15:44:29Z</time>
      </trkpt>
      <trkpt lat="50.09771666666666" lon="14.877516666666667">
        <ele>373</ele>
        <time>2025-03-28T15:44:30Z</time>
      </trkpt>
      <trkpt lat="50.097683333333336" lon="14.877616666666666">
        <ele>374</ele>
        <time>2025-03-28T15:44:31Z</time>
      </trkpt>
      <trkpt lat="50.09765" lon="14.877733333333333">
        <ele>374</ele>
        <time>2025-03-28T15:44:32Z</time>
      </trkpt>
      <trkpt lat="50.09761666666667" lon="14.877833333333333">
        <ele>373</ele>
        <time>2025-03-28T15:44:33Z</time>
      </trkpt>
      <trkpt lat="50.097566666666665" lon="14.87795">
        <ele>373</ele>
        <time>2025-03-28T15:44:34Z</time>
      </trkpt>
      <trkpt lat="50.09753333333333" lon="14.878066666666667">
        <ele>373</ele>
        <time>2025-03-28T15:44:35Z</time>
      </trkpt>
      <trkpt lat="50.097516666666664" lon="14.878183333333334">
        <ele>373</ele>
        <time>2025-03-28T15:44:36Z</time>
      </trkpt>
      <trkpt lat="50.0975" lon="14.878316666666667">
        <ele>373</ele>
        <time>2025-03-28T15:44:37Z</time>
      </trkpt>
      <trkpt lat="50.09746666666667" lon="14.878433333333334">
        <ele>372</ele>
        <time>2025-03-28T15:44:38Z</time>
      </trkpt>
      <trkpt lat="50.097433333333335" lon="14.878533333333333">
        <ele>372</ele>
        <time>2025-03-28T15:44:39Z</time>
      </trkpt>
      <trkpt lat="50.0974" lon="14.87865">
        <ele>372</ele>
        <time>2025-03-28T15:44:40Z</time>
      </trkpt>
      <trkpt lat="50.09733333333333" lon="14.878766666666667">
        <ele>371</ele>
        <time>2025-03-28T15:44:41Z</time>
      </trkpt>
      <trkpt lat="50.0973" lon="14.878883333333333">
        <ele>371</ele>
        <time>2025-03-28T15:44:42Z</time>
      </trkpt>
      <trkpt lat="50.09725" lon="14.879">
        <ele>371</ele>
        <time>2025-03-28T15:44:43Z</time>
      </trkpt>
      <trkpt lat="50.09721666666667" lon="14.879116666666667">
        <ele>372</ele>
        <time>2025-03-28T15:44:44Z</time>
      </trkpt>
      <trkpt lat="50.097166666666666" lon="14.879216666666666">
        <ele>373</ele>
        <time>2025-03-28T15:44:45Z</time>
      </trkpt>
      <trkpt lat="50.097116666666665" lon="14.879333333333333">
        <ele>374</ele>
        <time>2025-03-28T15:44:46Z</time>
      </trkpt>
      <trkpt lat="50.09705" lon="14.879433333333333">
        <ele>375</ele>
        <time>2025-03-28T15:44:47Z</time>
      </trkpt>
      <trkpt lat="50.097" lon="14.879533333333333">
        <ele>376</ele>
        <time>2025-03-28T15:44:48Z</time>
      </trkpt>
      <trkpt lat="50.09693333333333" lon="14.879633333333333">
        <ele>377</ele>
        <time>2025-03-28T15:44:49Z</time>
      </trkpt>
      <trkpt lat="50.09685" lon="14.879733333333334">
        <ele>378</ele>
        <time>2025-03-28T15:44:50Z</time>
      </trkpt>
      <trkpt lat="50.096783333333335" lon="14.879833333333334">
        <ele>380</ele>
        <time>2025-03-28T15:44:51Z</time>
      </trkpt>
      <trkpt lat="50.096716666666666" lon="14.879916666666666">
        <ele>382</ele>
        <time>2025-03-28T15:44:52Z</time>
      </trkpt>
      <trkpt lat="50.096666666666664" lon="14.880033333333333">
        <ele>384</ele>
        <time>2025-03-28T15:44:53Z</time>
      </trkpt>
      <trkpt lat="50.09665" lon="14.880166666666666">
        <ele>386</ele>
        <time>2025-03-28T15:44:54Z</time>
      </trkpt>
      <trkpt lat="50.09661666666667" lon="14.880316666666667">
        <ele>388</ele>
        <time>2025-03-28T15:44:55Z</time>
      </trkpt>
      <trkpt lat="50.0966" lon="14.880466666666667">
        <ele>390</ele>
        <time>2025-03-28T15:44:56Z</time>
      </trkpt>
      <trkpt lat="50.09656666666667" lon="14.8806">
        <ele>392</ele>
        <time>2025-03-28T15:44:57Z</time>
      </trkpt>
      <trkpt lat="50.096516666666666" lon="14.880716666666666">
        <ele>394</ele>
        <time>2025-03-28T15:44:58Z</time>
      </trkpt>
      <trkpt lat="50.096466666666664" lon="14.880816666666666">
        <ele>396</ele>
        <time>2025-03-28T15:44:59Z</time>
      </trkpt>
      <trkpt lat="50.09643333333333" lon="14.880933333333333">
        <ele>398</ele>
        <time>2025-03-28T15:45:00Z</time>
      </trkpt>
      <trkpt lat="50.096383333333335" lon="14.88105">
        <ele>399</ele>
        <time>2025-03-28T15:45:01Z</time>
      </trkpt>
      <trkpt lat="50.09635" lon="14.881183333333333">
        <ele>399</ele>
        <time>2025-03-28T15:45:02Z</time>
      </trkpt>
      <trkpt lat="50.09631666666667" lon="14.8813">
        <ele>398</ele>
        <time>2025-03-28T15:45:03Z</time>
      </trkpt>
      <trkpt lat="50.096266666666665" lon="14.881433333333334">
        <ele>398</ele>
        <time>2025-03-28T15:45:04Z</time>
      </trkpt>
      <trkpt lat="50.09621666666666" lon="14.881533333333334">
        <ele>398</ele>
        <time>2025-03-28T15:45:05Z</time>
      </trkpt>
      <trkpt lat="50.09615" lon="14.881616666666666">
        <ele>398</ele>
        <time>2025-03-28T15:45:06Z</time>
      </trkpt>
      <trkpt lat="50.09611666666667" lon="14.8817">
        <ele>398</ele>
        <time>2025-03-28T15:45:07Z</time>
      </trkpt>
      <trkpt lat="50.096066666666665" lon="14.881833333333333">
        <ele>397</ele>
        <time>2025-03-28T15:45:08Z</time>
      </trkpt>
      <trkpt lat="50.09603333333333" lon="14.881966666666667">
        <ele>396</ele>
        <time>2025-03-28T15:45:09Z</time>
      </trkpt>
      <trkpt lat="50.095983333333336" lon="14.882083333333334">
        <ele>394</ele>
        <time>2025-03-28T15:45:10Z</time>
      </trkpt>
      <trkpt lat="50.09595" lon="14.882183333333334">
        <ele>394</ele>
        <time>2025-03-28T15:45:11Z</time>
      </trkpt>
      <trkpt lat="50.0959" lon="14.882266666666666">
        <ele>393</ele>
        <time>2025-03-28T15:45:12Z</time>
      </trkpt>
      <trkpt lat="50.09585" lon="14.882333333333333">
        <ele>393</ele>
        <time>2025-03-28T15:45:13Z</time>
      </trkpt>
      <trkpt lat="50.0958" lon="14.882416666666666">
        <ele>393</ele>
        <time>2025-03-28T15:45:14Z</time>
      </trkpt>
      <trkpt lat="50.09575" lon="14.882516666666668">
        <ele>393</ele>
        <time>2025-03-28T15:45:15Z</time>
      </trkpt>
      <trkpt lat="50.0957" lon="14.882616666666667">
        <ele>393</ele>
        <time>2025-03-28T15:45:16Z</time>
      </trkpt>
      <trkpt lat="50.09565" lon="14.882716666666667">
        <ele>392</ele>
        <time>2025-03-28T15:45:17Z</time>
      </trkpt>
      <trkpt lat="50.0956" lon="14.882816666666667">
        <ele>392</ele>
        <time>2025-03-28T15:45:18Z</time>
      </trkpt>
      <trkpt lat="50.09555" lon="14.882916666666667">
        <ele>392</ele>
        <time>2025-03-28T15:45:19Z</time>
      </trkpt>
      <trkpt lat="50.0955" lon="14.883016666666666">
        <ele>392</ele>
        <time>2025-03-28T15:45:20Z</time>
      </trkpt>
      <trkpt lat="50.09545" lon="14.883116666666666">
        <ele>392</ele>
        <time>2025-03-28T15:45:21Z</time>
      </trkpt>
      <trkpt lat="50.095416666666665" lon="14.883233333333333">
        <ele>393</ele>
        <time>2025-03-28T15:45:22Z</time>
      </trkpt>
      <trkpt lat="50.09536666666666" lon="14.88335">
        <ele>393</ele>
        <time>2025-03-28T15:45:23Z</time>
      </trkpt>
      <trkpt lat="50.09531666666667" lon="14.88345">
        <ele>394</ele>
        <time>2025-03-28T15:45:24Z</time>
      </trkpt>
      <trkpt lat="50.09526666666667" lon="14.88355">
        <ele>394</ele>
        <time>2025-03-28T15:45:25Z</time>
      </trkpt>
      <trkpt lat="50.095216666666666" lon="14.88365">
        <ele>395</ele>
        <time>2025-03-28T15:45:26Z</time>
      </trkpt>
      <trkpt lat="50.095166666666664" lon="14.88375">
        <ele>395</ele>
        <time>2025-03-28T15:45:27Z</time>
      </trkpt>
      <trkpt lat="50.09513333333334" lon="14.88385">
        <ele>396</ele>
        <time>2025-03-28T15:45:28Z</time>
      </trkpt>
      <trkpt lat="50.095083333333335" lon="14.883966666666666">
        <ele>397</ele>
        <time>2025-03-28T15:45:29Z</time>
      </trkpt>
      <trkpt lat="50.09506666666667" lon="14.884083333333333">
        <ele>398</ele>
        <time>2025-03-28T15:45:30Z</time>
      </trkpt>
      <trkpt lat="50.09506666666667" lon="14.884233333333333">
        <ele>399</ele>
        <time>2025-03-28T15:45:31Z</time>
      </trkpt>
      <trkpt lat="50.095083333333335" lon="14.884383333333334">
        <ele>399</ele>
        <time>2025-03-28T15:45:32Z</time>
      </trkpt>
      <trkpt lat="50.0951" lon="14.884516666666666">
        <ele>400</ele>
        <time>2025-03-28T15:45:33Z</time>
      </trkpt>
      <trkpt lat="50.0951" lon="14.884633333333333">
        <ele>402</ele>
        <time>2025-03-28T15:45:34Z</time>
      </trkpt>
      <trkpt lat="50.0951" lon="14.88475">
        <ele>403</ele>
        <time>2025-03-28T15:45:35Z</time>
      </trkpt>
      <trkpt lat="50.095083333333335" lon="14.884866666666667">
        <ele>404</ele>
        <time>2025-03-28T15:45:36Z</time>
      </trkpt>
      <trkpt lat="50.095083333333335" lon="14.885">
        <ele>405</ele>
        <time>2025-03-28T15:45:37Z</time>
      </trkpt>
      <trkpt lat="50.09506666666667" lon="14.885116666666667">
        <ele>405</ele>
        <time>2025-03-28T15:45:38Z</time>
      </trkpt>
      <trkpt lat="50.09503333333333" lon="14.885233333333334">
        <ele>406</ele>
        <time>2025-03-28T15:45:39Z</time>
      </trkpt>
      <trkpt lat="50.095016666666666" lon="14.885333333333334">
        <ele>407</ele>
        <time>2025-03-28T15:45:40Z</time>
      </trkpt>
      <trkpt lat="50.09498333333333" lon="14.885416666666666">
        <ele>407</ele>
        <time>2025-03-28T15:45:41Z</time>
      </trkpt>
      <trkpt lat="50.09495" lon="14.885533333333333">
        <ele>407</ele>
        <time>2025-03-28T15:45:42Z</time>
      </trkpt>
      <trkpt lat="50.09493333333333" lon="14.88565">
        <ele>406</ele>
        <time>2025-03-28T15:45:43Z</time>
      </trkpt>
      <trkpt lat="50.094883333333335" lon="14.885766666666667">
        <ele>404</ele>
        <time>2025-03-28T15:45:44Z</time>
      </trkpt>
      <trkpt lat="50.094833333333334" lon="14.8859">
        <ele>403</ele>
        <time>2025-03-28T15:45:45Z</time>
      </trkpt>
      <trkpt lat="50.094766666666665" lon="14.886">
        <ele>401</ele>
        <time>2025-03-28T15:45:46Z</time>
      </trkpt>
      <trkpt lat="50.0947" lon="14.886083333333334">
        <ele>400</ele>
        <time>2025-03-28T15:45:47Z</time>
      </trkpt>
      <trkpt lat="50.09465" lon="14.886166666666666">
        <ele>400</ele>
        <time>2025-03-28T15:45:48Z</time>
      </trkpt>
      <trkpt lat="50.0946" lon="14.886266666666666">
        <ele>400</ele>
        <time>2025-03-28T15:45:49Z</time>
      </trkpt>
      <trkpt lat="50.09453333333333" lon="14.88635">
        <ele>401</ele>
        <time>2025-03-28T15:45:50Z</time>
      </trkpt>
      <trkpt lat="50.09446666666667" lon="14.886433333333333">
        <ele>401</ele>
        <time>2025-03-28T15:45:51Z</time>
      </trkpt>
      <trkpt lat="50.09438333333333" lon="14.886516666666667">
        <ele>402</ele>
        <time>2025-03-28T15:45:52Z</time>
      </trkpt>
      <trkpt lat="50.09433333333333" lon="14.8866">
        <ele>402</ele>
        <time>2025-03-28T15:45:53Z</time>
      </trkpt>
      <trkpt lat="50.09426666666667" lon="14.886683333333334">
        <ele>403</ele>
        <time>2025-03-28T15:45:54Z</time>
      </trkpt>
      <trkpt lat="50.09421666666667" lon="14.886766666666666">
        <ele>403</ele>
        <time>2025-03-28T15:45:55Z</time>
      </trkpt>
      <trkpt lat="50.09415" lon="14.88685">
        <ele>403</ele>
        <time>2025-03-28T15:45:56Z</time>
      </trkpt>
      <trkpt lat="50.09408333333333" lon="14.886916666666666">
        <ele>402</ele>
        <time>2025-03-28T15:45:57Z</time>
      </trkpt>
      <trkpt lat="50.09401666666667" lon="14.887">
        <ele>401</ele>
        <time>2025-03-28T15:45:58Z</time>
      </trkpt>
      <trkpt lat="50.09393333333333" lon="14.887083333333333">
        <ele>400</ele>
        <time>2025-03-28T15:45:59Z</time>
      </trkpt>
      <trkpt lat="50.09386666666666" lon="14.887183333333333">
        <ele>399</ele>
        <time>2025-03-28T15:46:00Z</time>
      </trkpt>
      <trkpt lat="50.093783333333334" lon="14.887283333333333">
        <ele>398</ele>
        <time>2025-03-28T15:46:01Z</time>
      </trkpt>
      <trkpt lat="50.0937" lon="14.887366666666667">
        <ele>398</ele>
        <time>2025-03-28T15:46:02Z</time>
      </trkpt>
      <trkpt lat="50.09361666666667" lon="14.887433333333334">
        <ele>398</ele>
        <time>2025-03-28T15:46:03Z</time>
      </trkpt>
      <trkpt lat="50.09353333333333" lon="14.887516666666667">
        <ele>399</ele>
        <time>2025-03-28T15:46:04Z</time>
      </trkpt>
      <trkpt lat="50.09345" lon="14.8876">
        <ele>399</ele>
        <time>2025-03-28T15:46:05Z</time>
      </trkpt>
      <trkpt lat="50.093383333333335" lon="14.887666666666666">
        <ele>400</ele>
        <time>2025-03-28T15:46:06Z</time>
      </trkpt>
      <trkpt lat="50.0933" lon="14.88775">
        <ele>401</ele>
        <time>2025-03-28T15:46:07Z</time>
      </trkpt>
      <trkpt lat="50.09321666666666" lon="14.8878">
        <ele>402</ele>
        <time>2025-03-28T15:46:08Z</time>
      </trkpt>
      <trkpt lat="50.09311666666667" lon="14.887816666666666">
        <ele>402</ele>
        <time>2025-03-28T15:46:09Z</time>
      </trkpt>
      <trkpt lat="50.09303333333333" lon="14.887833333333333">
        <ele>402</ele>
        <time>2025-03-28T15:46:10Z</time>
      </trkpt>
      <trkpt lat="50.09295" lon="14.887866666666667">
        <ele>403</ele>
        <time>2025-03-28T15:46:11Z</time>
      </trkpt>
      <trkpt lat="50.092866666666666" lon="14.8879">
        <ele>403</ele>
        <time>2025-03-28T15:46:12Z</time>
      </trkpt>
      <trkpt lat="50.09278333333334" lon="14.887966666666667">
        <ele>404</ele>
        <time>2025-03-28T15:46:13Z</time>
      </trkpt>
      <trkpt lat="50.0927" lon="14.888016666666667">
        <ele>405</ele>
        <time>2025-03-28T15:46:14Z</time>
      </trkpt>
      <trkpt lat="50.09263333333333" lon="14.888083333333332">
        <ele>405</ele>
        <time>2025-03-28T15:46:15Z</time>
      </trkpt>
      <trkpt lat="50.09255" lon="14.888133333333334">
        <ele>405</ele>
        <time>2025-03-28T15:46:16Z</time>
      </trkpt>
      <trkpt lat="50.09246666666667" lon="14.888183333333334">
        <ele>405</ele>
        <time>2025-03-28T15:46:17Z</time>
      </trkpt>
      <trkpt lat="50.09238333333333" lon="14.888216666666667">
        <ele>405</ele>
        <time>2025-03-28T15:46:18Z</time>
      </trkpt>
      <trkpt lat="50.0923" lon="14.888233333333334">
        <ele>406</ele>
        <time>2025-03-28T15:46:19Z</time>
      </trkpt>
      <trkpt lat="50.0922" lon="14.888283333333334">
        <ele>406</ele>
        <time>2025-03-28T15:46:20Z</time>
      </trkpt>
      <trkpt lat="50.09211666666667" lon="14.888316666666666">
        <ele>406</ele>
        <time>2025-03-28T15:46:21Z</time>
      </trkpt>
      <trkpt lat="50.09203333333333" lon="14.88835">
        <ele>406</ele>
        <time>2025-03-28T15:46:22Z</time>
      </trkpt>
      <trkpt lat="50.09195" lon="14.8884">
        <ele>406</ele>
        <time>2025-03-28T15:46:23Z</time>
      </trkpt>
      <trkpt lat="50.09185" lon="14.88845">
        <ele>405</ele>
        <time>2025-03-28T15:46:24Z</time>
      </trkpt>
      <trkpt lat="50.09175" lon="14.888516666666666">
        <ele>405</ele>
        <time>2025-03-28T15:46:25Z</time>
      </trkpt>
      <trkpt lat="50.091683333333336" lon="14.888566666666666">
        <ele>405</ele>
        <time>2025-03-28T15:46:26Z</time>
      </trkpt>
      <trkpt lat="50.0916" lon="14.888616666666667">
        <ele>405</ele>
        <time>2025-03-28T15:46:27Z</time>
      </trkpt>
      <trkpt lat="50.091516666666664" lon="14.88865">
        <ele>405</ele>
        <time>2025-03-28T15:46:28Z</time>
      </trkpt>
      <trkpt lat="50.09141666666667" lon="14.888683333333333">
        <ele>405</ele>
        <time>2025-03-28T15:46:29Z</time>
      </trkpt>
      <trkpt lat="50.091316666666664" lon="14.888716666666667">
        <ele>404</ele>
        <time>2025-03-28T15:46:30Z</time>
      </trkpt>
      <trkpt lat="50.09121666666667" lon="14.88875">
        <ele>403</ele>
        <time>2025-03-28T15:46:31Z</time>
      </trkpt>
      <trkpt lat="50.091116666666665" lon="14.888783333333333">
        <ele>402</ele>
        <time>2025-03-28T15:46:32Z</time>
      </trkpt>
      <trkpt lat="50.09101666666667" lon="14.888816666666667">
        <ele>401</ele>
        <time>2025-03-28T15:46:33Z</time>
      </trkpt>
      <trkpt lat="50.09093333333333" lon="14.888833333333332">
        <ele>401</ele>
        <time>2025-03-28T15:46:34Z</time>
      </trkpt>
      <trkpt lat="50.090833333333336" lon="14.88885">
        <ele>400</ele>
        <time>2025-03-28T15:46:35Z</time>
      </trkpt>
      <trkpt lat="50.09075" lon="14.888866666666667">
        <ele>400</ele>
        <time>2025-03-28T15:46:36Z</time>
      </trkpt>
      <trkpt lat="50.090666666666664" lon="14.888883333333334">
        <ele>401</ele>
        <time>2025-03-28T15:46:37Z</time>
      </trkpt>
      <trkpt lat="50.090583333333335" lon="14.8889">
        <ele>402</ele>
        <time>2025-03-28T15:46:38Z</time>
      </trkpt>
      <trkpt lat="50.09048333333333" lon="14.888933333333334">
        <ele>402</ele>
        <time>2025-03-28T15:46:39Z</time>
      </trkpt>
      <trkpt lat="50.0904" lon="14.888983333333334">
        <ele>402</ele>
        <time>2025-03-28T15:46:40Z</time>
      </trkpt>
      <trkpt lat="50.0903" lon="14.889016666666667">
        <ele>403</ele>
        <time>2025-03-28T15:46:41Z</time>
      </trkpt>
      <trkpt lat="50.09021666666667" lon="14.889066666666666">
        <ele>403</ele>
        <time>2025-03-28T15:46:42Z</time>
      </trkpt>
      <trkpt lat="50.090133333333334" lon="14.889116666666666">
        <ele>404</ele>
        <time>2025-03-28T15:46:43Z</time>
      </trkpt>
      <trkpt lat="50.090066666666665" lon="14.889166666666666">
        <ele>405</ele>
        <time>2025-03-28T15:46:44Z</time>
      </trkpt>
      <trkpt lat="50.089983333333336" lon="14.8892">
        <ele>406</ele>
        <time>2025-03-28T15:46:45Z</time>
      </trkpt>
      <trkpt lat="50.08988333333333" lon="14.88925">
        <ele>407</ele>
        <time>2025-03-28T15:46:46Z</time>
      </trkpt>
      <trkpt lat="50.0898" lon="14.889266666666666">
        <ele>408</ele>
        <time>2025-03-28T15:46:47Z</time>
      </trkpt>
      <trkpt lat="50.0897" lon="14.889283333333333">
        <ele>408</ele>
        <time>2025-03-28T15:46:48Z</time>
      </trkpt>
      <trkpt lat="50.089616666666664" lon="14.889316666666666">
        <ele>409</ele>
        <time>2025-03-28T15:46:49Z</time>
      </trkpt>
      <trkpt lat="50.08951666666667" lon="14.88935">
        <ele>409</ele>
        <time>2025-03-28T15:46:50Z</time>
      </trkpt>
      <trkpt lat="50.08943333333333" lon="14.88935">
        <ele>410</ele>
        <time>2025-03-28T15:46:51Z</time>
      </trkpt>
      <trkpt lat="50.089333333333336" lon="14.88935">
        <ele>410</ele>
        <time>2025-03-28T15:46:52Z</time>
      </trkpt>
      <trkpt lat="50.08923333333333" lon="14.889333333333333">
        <ele>411</ele>
        <time>2025-03-28T15:46:53Z</time>
      </trkpt>
      <trkpt lat="50.08915" lon="14.88935">
        <ele>412</ele>
        <time>2025-03-28T15:46:54Z</time>
      </trkpt>
      <trkpt lat="50.08906666666667" lon="14.889383333333333">
        <ele>412</ele>
        <time>2025-03-28T15:46:55Z</time>
      </trkpt>
      <trkpt lat="50.08898333333333" lon="14.8894">
        <ele>413</ele>
        <time>2025-03-28T15:46:56Z</time>
      </trkpt>
      <trkpt lat="50.088883333333335" lon="14.889416666666667">
        <ele>414</ele>
        <time>2025-03-28T15:46:57Z</time>
      </trkpt>
      <trkpt lat="50.0888" lon="14.88945">
        <ele>415</ele>
        <time>2025-03-28T15:46:58Z</time>
      </trkpt>
      <trkpt lat="50.0887" lon="14.8895">
        <ele>416</ele>
        <time>2025-03-28T15:46:59Z</time>
      </trkpt>
      <trkpt lat="50.08861666666667" lon="14.889566666666667">
        <ele>417</ele>
        <time>2025-03-28T15:47:00Z</time>
      </trkpt>
      <trkpt lat="50.08855" lon="14.889616666666667">
        <ele>418</ele>
        <time>2025-03-28T15:47:01Z</time>
      </trkpt>
      <trkpt lat="50.08846666666667" lon="14.889666666666667">
        <ele>419</ele>
        <time>2025-03-28T15:47:02Z</time>
      </trkpt>
      <trkpt lat="50.0884" lon="14.8897">
        <ele>420</ele>
        <time>2025-03-28T15:47:03Z</time>
      </trkpt>
      <trkpt lat="50.088316666666664" lon="14.88975">
        <ele>421</ele>
        <time>2025-03-28T15:47:04Z</time>
      </trkpt>
      <trkpt lat="50.08825" lon="14.889816666666666">
        <ele>422</ele>
        <time>2025-03-28T15:47:05Z</time>
      </trkpt>
      <trkpt lat="50.08818333333333" lon="14.8899">
        <ele>423</ele>
        <time>2025-03-28T15:47:06Z</time>
      </trkpt>
      <trkpt lat="50.0881" lon="14.889983333333333">
        <ele>424</ele>
        <time>2025-03-28T15:47:07Z</time>
      </trkpt>
      <trkpt lat="50.088033333333335" lon="14.890066666666666">
        <ele>425</ele>
        <time>2025-03-28T15:47:08Z</time>
      </trkpt>
      <trkpt lat="50.087983333333334" lon="14.890133333333333">
        <ele>426</ele>
        <time>2025-03-28T15:47:09Z</time>
      </trkpt>
      <trkpt lat="50.08793333333333" lon="14.890233333333333">
        <ele>428</ele>
        <time>2025-03-28T15:47:10Z</time>
      </trkpt>
      <trkpt lat="50.08788333333333" lon="14.890316666666667">
        <ele>429</ele>
        <time>2025-03-28T15:47:11Z</time>
      </trkpt>
      <trkpt lat="50.087833333333336" lon="14.890416666666667">
        <ele>430</ele>
        <time>2025-03-28T15:47:12Z</time>
      </trkpt>
      <trkpt lat="50.087783333333334" lon="14.8905">
        <ele>431</ele>
        <time>2025-03-28T15:47:13Z</time>
      </trkpt>
      <trkpt lat="50.08773333333333" lon="14.890583333333334">
        <ele>431</ele>
        <time>2025-03-28T15:47:14Z</time>
      </trkpt>
      <trkpt lat="50.08768333333333" lon="14.890666666666666">
        <ele>433</ele>
        <time>2025-03-28T15:47:15Z</time>
      </trkpt>
      <trkpt lat="50.087633333333336" lon="14.890766666666666">
        <ele>434</ele>
        <time>2025-03-28T15:47:16Z</time>
      </trkpt>
      <trkpt lat="50.087583333333335" lon="14.89085">
        <ele>435</ele>
        <time>2025-03-28T15:47:17Z</time>
      </trkpt>
      <trkpt lat="50.08753333333333" lon="14.890933333333333">
        <ele>436</ele>
        <time>2025-03-28T15:47:18Z</time>
      </trkpt>
      <trkpt lat="50.08748333333333" lon="14.891016666666667">
        <ele>436</ele>
        <time>2025-03-28T15:47:19Z</time>
      </trkpt>
      <trkpt lat="50.08743333333334" lon="14.8911">
        <ele>437</ele>
        <time>2025-03-28T15:47:20Z</time>
      </trkpt>
      <trkpt lat="50.087383333333335" lon="14.8912">
        <ele>436</ele>
        <time>2025-03-28T15:47:21Z</time>
      </trkpt>
      <trkpt lat="50.08733333333333" lon="14.891316666666667">
        <ele>436</ele>
        <time>2025-03-28T15:47:22Z</time>
      </trkpt>
      <trkpt lat="50.0873" lon="14.891466666666666">
        <ele>436</ele>
        <time>2025-03-28T15:47:23Z</time>
      </trkpt>
      <trkpt lat="50.08725" lon="14.891583333333333">
        <ele>436</ele>
        <time>2025-03-28T15:47:24Z</time>
      </trkpt>
      <trkpt lat="50.0872" lon="14.891683333333333">
        <ele>437</ele>
        <time>2025-03-28T15:47:25Z</time>
      </trkpt>
      <trkpt lat="50.08715" lon="14.891783333333333">
        <ele>439</ele>
        <time>2025-03-28T15:47:26Z</time>
      </trkpt>
      <trkpt lat="50.08711666666667" lon="14.891866666666667">
        <ele>442</ele>
        <time>2025-03-28T15:47:27Z</time>
      </trkpt>
      <trkpt lat="50.08708333333333" lon="14.89195">
        <ele>444</ele>
        <time>2025-03-28T15:47:28Z</time>
      </trkpt>
      <trkpt lat="50.08708333333333" lon="14.892066666666667">
        <ele>446</ele>
        <time>2025-03-28T15:47:29Z</time>
      </trkpt>
      <trkpt lat="50.08705" lon="14.892166666666666">
        <ele>448</ele>
        <time>2025-03-28T15:47:30Z</time>
      </trkpt>
      <trkpt lat="50.08701666666666" lon="14.892283333333333">
        <ele>449</ele>
        <time>2025-03-28T15:47:31Z</time>
      </trkpt>
      <trkpt lat="50.08696666666667" lon="14.8924">
        <ele>448</ele>
        <time>2025-03-28T15:47:32Z</time>
      </trkpt>
      <trkpt lat="50.08691666666667" lon="14.892533333333333">
        <ele>448</ele>
        <time>2025-03-28T15:47:33Z</time>
      </trkpt>
      <trkpt lat="50.0869" lon="14.892633333333333">
        <ele>448</ele>
        <time>2025-03-28T15:47:34Z</time>
      </trkpt>
      <trkpt lat="50.08688333333333" lon="14.89275">
        <ele>449</ele>
        <time>2025-03-28T15:47:35Z</time>
      </trkpt>
      <trkpt lat="50.086866666666666" lon="14.89285">
        <ele>450</ele>
        <time>2025-03-28T15:47:36Z</time>
      </trkpt>
      <trkpt lat="50.08685" lon="14.892933333333334">
        <ele>451</ele>
        <time>2025-03-28T15:47:37Z</time>
      </trkpt>
      <trkpt lat="50.086816666666664" lon="14.893033333333333">
        <ele>452</ele>
        <time>2025-03-28T15:47:38Z</time>
      </trkpt>
      <trkpt lat="50.0868" lon="14.89315">
        <ele>453</ele>
        <time>2025-03-28T15:47:39Z</time>
      </trkpt>
      <trkpt lat="50.0868" lon="14.89325">
        <ele>453</ele>
        <time>2025-03-28T15:47:40Z</time>
      </trkpt>
      <trkpt lat="50.0868" lon="14.893383333333333">
        <ele>452</ele>
        <time>2025-03-28T15:47:41Z</time>
      </trkpt>
      <trkpt lat="50.0868" lon="14.8935">
        <ele>453</ele>
        <time>2025-03-28T15:47:42Z</time>
      </trkpt>
      <trkpt lat="50.08678333333334" lon="14.893616666666667">
        <ele>453</ele>
        <time>2025-03-28T15:47:43Z</time>
      </trkpt>
      <trkpt lat="50.08678333333334" lon="14.893716666666666">
        <ele>453</ele>
        <time>2025-03-28T15:47:44Z</time>
      </trkpt>
      <trkpt lat="50.0868" lon="14.893816666666666">
        <ele>454</ele>
        <time>2025-03-28T15:47:45Z</time>
      </trkpt>
      <trkpt lat="50.086816666666664" lon="14.893933333333333">
        <ele>453</ele>
        <time>2025-03-28T15:47:46Z</time>
      </trkpt>
      <trkpt lat="50.086816666666664" lon="14.89405">
        <ele>453</ele>
        <time>2025-03-28T15:47:47Z</time>
      </trkpt>
      <trkpt lat="50.086816666666664" lon="14.894183333333334">
        <ele>451</ele>
        <time>2025-03-28T15:47:48Z</time>
      </trkpt>
      <trkpt lat="50.0868" lon="14.894333333333334">
        <ele>450</ele>
        <time>2025-03-28T15:47:49Z</time>
      </trkpt>
      <trkpt lat="50.08678333333334" lon="14.894466666666666">
        <ele>448</ele>
        <time>2025-03-28T15:47:50Z</time>
      </trkpt>
      <trkpt lat="50.08675" lon="14.894583333333333">
        <ele>447</ele>
        <time>2025-03-28T15:47:51Z</time>
      </trkpt>
      <trkpt lat="50.0867" lon="14.894683333333333">
        <ele>446</ele>
        <time>2025-03-28T15:47:52Z</time>
      </trkpt>
      <trkpt lat="50.08665" lon="14.894783333333333">
        <ele>447</ele>
        <time>2025-03-28T15:47:53Z</time>
      </trkpt>
      <trkpt lat="50.0866" lon="14.894866666666667">
        <ele>447</ele>
        <time>2025-03-28T15:47:54Z</time>
      </trkpt>
      <trkpt lat="50.08655" lon="14.894966666666667">
        <ele>447</ele>
        <time>2025-03-28T15:47:55Z</time>
      </trkpt>
      <trkpt lat="50.086483333333334" lon="14.89505">
        <ele>447</ele>
        <time>2025-03-28T15:47:56Z</time>
      </trkpt>
      <trkpt lat="50.086416666666665" lon="14.895116666666667">
        <ele>447</ele>
        <time>2025-03-28T15:47:57Z</time>
      </trkpt>
      <trkpt lat="50.08635" lon="14.895183333333334">
        <ele>447</ele>
        <time>2025-03-28T15:47:58Z</time>
      </trkpt>
      <trkpt lat="50.08626666666667" lon="14.89525">
        <ele>447</ele>
        <time>2025-03-28T15:47:59Z</time>
      </trkpt>
      <trkpt lat="50.0862" lon="14.8953">
        <ele>447</ele>
        <time>2025-03-28T15:48:00Z</time>
      </trkpt>
      <trkpt lat="50.08611666666667" lon="14.89535">
        <ele>447</ele>
        <time>2025-03-28T15:48:01Z</time>
      </trkpt>
      <trkpt lat="50.08605" lon="14.895416666666666">
        <ele>447</ele>
        <time>2025-03-28T15:48:02Z</time>
      </trkpt>
      <trkpt lat="50.085966666666664" lon="14.895466666666668">
        <ele>446</ele>
        <time>2025-03-28T15:48:03Z</time>
      </trkpt>
      <trkpt lat="50.085883333333335" lon="14.89555">
        <ele>444</ele>
        <time>2025-03-28T15:48:04Z</time>
      </trkpt>
      <trkpt lat="50.0858" lon="14.895616666666667">
        <ele>442</ele>
        <time>2025-03-28T15:48:05Z</time>
      </trkpt>
      <trkpt lat="50.0857" lon="14.895716666666667">
        <ele>439</ele>
        <time>2025-03-28T15:48:06Z</time>
      </trkpt>
      <trkpt lat="50.0856" lon="14.895833333333334">
        <ele>436</ele>
        <time>2025-03-28T15:48:07Z</time>
      </trkpt>
      <trkpt lat="50.08551666666666" lon="14.89595">
        <ele>434</ele>
        <time>2025-03-28T15:48:08Z</time>
      </trkpt>
      <trkpt lat="50.08545" lon="14.896066666666666">
        <ele>432</ele>
        <time>2025-03-28T15:48:09Z</time>
      </trkpt>
      <trkpt lat="50.08538333333333" lon="14.896183333333333">
        <ele>431</ele>
        <time>2025-03-28T15:48:10Z</time>
      </trkpt>
      <trkpt lat="50.085316666666664" lon="14.8963">
        <ele>432</ele>
        <time>2025-03-28T15:48:11Z</time>
      </trkpt>
      <trkpt lat="50.08526666666667" lon="14.896416666666667">
        <ele>432</ele>
        <time>2025-03-28T15:48:12Z</time>
      </trkpt>
      <trkpt lat="50.0852" lon="14.896533333333334">
        <ele>432</ele>
        <time>2025-03-28T15:48:13Z</time>
      </trkpt>
      <trkpt lat="50.08515" lon="14.896666666666667">
        <ele>432</ele>
        <time>2025-03-28T15:48:14Z</time>
      </trkpt>
      <trkpt lat="50.08508333333333" lon="14.896816666666666">
        <ele>431</ele>
        <time>2025-03-28T15:48:15Z</time>
      </trkpt>
      <trkpt lat="50.085033333333335" lon="14.89695">
        <ele>430</ele>
        <time>2025-03-28T15:48:16Z</time>
      </trkpt>
      <trkpt lat="50.084983333333334" lon="14.897083333333333">
        <ele>430</ele>
        <time>2025-03-28T15:48:17Z</time>
      </trkpt>
      <trkpt lat="50.08493333333333" lon="14.897216666666667">
        <ele>429</ele>
        <time>2025-03-28T15:48:18Z</time>
      </trkpt>
      <trkpt lat="50.0849" lon="14.89735">
        <ele>429</ele>
        <time>2025-03-28T15:48:19Z</time>
      </trkpt>
      <trkpt lat="50.08485" lon="14.8975">
        <ele>429</ele>
        <time>2025-03-28T15:48:20Z</time>
      </trkpt>
      <trkpt lat="50.08481666666667" lon="14.897633333333333">
        <ele>430</ele>
        <time>2025-03-28T15:48:21Z</time>
      </trkpt>
      <trkpt lat="50.08476666666667" lon="14.897766666666667">
        <ele>430</ele>
        <time>2025-03-28T15:48:22Z</time>
      </trkpt>
      <trkpt lat="50.08473333333333" lon="14.897883333333333">
        <ele>431</ele>
        <time>2025-03-28T15:48:23Z</time>
      </trkpt>
      <trkpt lat="50.08468333333333" lon="14.897983333333332">
        <ele>433</ele>
        <time>2025-03-28T15:48:24Z</time>
      </trkpt>
      <trkpt lat="50.08465" lon="14.898066666666667">
        <ele>434</ele>
        <time>2025-03-28T15:48:25Z</time>
      </trkpt>
      <trkpt lat="50.084583333333335" lon="14.898166666666667">
        <ele>435</ele>
        <time>2025-03-28T15:48:26Z</time>
      </trkpt>
      <trkpt lat="50.08453333333333" lon="14.89825">
        <ele>436</ele>
        <time>2025-03-28T15:48:27Z</time>
      </trkpt>
      <trkpt lat="50.08445" lon="14.898316666666666">
        <ele>436</ele>
        <time>2025-03-28T15:48:28Z</time>
      </trkpt>
      <trkpt lat="50.08435" lon="14.89835">
        <ele>435</ele>
        <time>2025-03-28T15:48:29Z</time>
      </trkpt>
      <trkpt lat="50.08425" lon="14.89835">
        <ele>435</ele>
        <time>2025-03-28T15:48:30Z</time>
      </trkpt>
      <trkpt lat="50.08415" lon="14.89835">
        <ele>436</ele>
        <time>2025-03-28T15:48:31Z</time>
      </trkpt>
      <trkpt lat="50.08405" lon="14.898333333333333">
        <ele>436</ele>
        <time>2025-03-28T15:48:32Z</time>
      </trkpt>
      <trkpt lat="50.08396666666667" lon="14.89835">
        <ele>435</ele>
        <time>2025-03-28T15:48:33Z</time>
      </trkpt>
      <trkpt lat="50.083866666666665" lon="14.898366666666666">
        <ele>435</ele>
        <time>2025-03-28T15:48:34Z</time>
      </trkpt>
      <trkpt lat="50.08376666666667" lon="14.898366666666666">
        <ele>435</ele>
        <time>2025-03-28T15:48:35Z</time>
      </trkpt>
      <trkpt lat="50.083666666666666" lon="14.898366666666666">
        <ele>434</ele>
        <time>2025-03-28T15:48:36Z</time>
      </trkpt>
      <trkpt lat="50.08356666666667" lon="14.898366666666666">
        <ele>434</ele>
        <time>2025-03-28T15:48:37Z</time>
      </trkpt>
      <trkpt lat="50.08345" lon="14.898383333333333">
        <ele>433</ele>
        <time>2025-03-28T15:48:38Z</time>
      </trkpt>
      <trkpt lat="50.08336666666667" lon="14.898416666666666">
        <ele>433</ele>
        <time>2025-03-28T15:48:39Z</time>
      </trkpt>
      <trkpt lat="50.08326666666667" lon="14.898416666666666">
        <ele>432</ele>
        <time>2025-03-28T15:48:40Z</time>
      </trkpt>
      <trkpt lat="50.08316666666666" lon="14.898433333333333">
        <ele>432</ele>
        <time>2025-03-28T15:48:41Z</time>
      </trkpt>
      <trkpt lat="50.08305" lon="14.898433333333333">
        <ele>432</ele>
        <time>2025-03-28T15:48:42Z</time>
      </trkpt>
      <trkpt lat="50.08295" lon="14.89845">
        <ele>431</ele>
        <time>2025-03-28T15:48:43Z</time>
      </trkpt>
      <trkpt lat="50.08285" lon="14.898466666666666">
        <ele>430</ele>
        <time>2025-03-28T15:48:44Z</time>
      </trkpt>
      <trkpt lat="50.08275" lon="14.898466666666666">
        <ele>430</ele>
        <time>2025-03-28T15:48:45Z</time>
      </trkpt>
      <trkpt lat="50.08265" lon="14.898483333333333">
        <ele>431</ele>
        <time>2025-03-28T15:48:46Z</time>
      </trkpt>
      <trkpt lat="50.08255" lon="14.898483333333333">
        <ele>431</ele>
        <time>2025-03-28T15:48:47Z</time>
      </trkpt>
      <trkpt lat="50.08245" lon="14.898483333333333">
        <ele>431</ele>
        <time>2025-03-28T15:48:48Z</time>
      </trkpt>
      <trkpt lat="50.08235" lon="14.8985">
        <ele>431</ele>
        <time>2025-03-28T15:48:49Z</time>
      </trkpt>
      <trkpt lat="50.08225" lon="14.8985">
        <ele>431</ele>
        <time>2025-03-28T15:48:50Z</time>
      </trkpt>
      <trkpt lat="50.08213333333333" lon="14.898516666666668">
        <ele>430</ele>
        <time>2025-03-28T15:48:51Z</time>
      </trkpt>
      <trkpt lat="50.082033333333335" lon="14.898516666666668">
        <ele>430</ele>
        <time>2025-03-28T15:48:52Z</time>
      </trkpt>
      <trkpt lat="50.08193333333333" lon="14.898516666666668">
        <ele>429</ele>
        <time>2025-03-28T15:48:53Z</time>
      </trkpt>
      <trkpt lat="50.081833333333336" lon="14.898533333333333">
        <ele>429</ele>
        <time>2025-03-28T15:48:54Z</time>
      </trkpt>
      <trkpt lat="50.08173333333333" lon="14.898566666666667">
        <ele>429</ele>
        <time>2025-03-28T15:48:55Z</time>
      </trkpt>
      <trkpt lat="50.08165" lon="14.8986">
        <ele>429</ele>
        <time>2025-03-28T15:48:56Z</time>
      </trkpt>
      <trkpt lat="50.08156666666667" lon="14.89865">
        <ele>429</ele>
        <time>2025-03-28T15:48:57Z</time>
      </trkpt>
      <trkpt lat="50.08148333333333" lon="14.898666666666667">
        <ele>429</ele>
        <time>2025-03-28T15:48:58Z</time>
      </trkpt>
      <trkpt lat="50.0814" lon="14.8987">
        <ele>429</ele>
        <time>2025-03-28T15:48:59Z</time>
      </trkpt>
      <trkpt lat="50.0813" lon="14.89875">
        <ele>428</ele>
        <time>2025-03-28T15:49:00Z</time>
      </trkpt>
      <trkpt lat="50.08121666666667" lon="14.8988">
        <ele>427</ele>
        <time>2025-03-28T15:49:01Z</time>
      </trkpt>
      <trkpt lat="50.081133333333334" lon="14.89885">
        <ele>426</ele>
        <time>2025-03-28T15:49:02Z</time>
      </trkpt>
      <trkpt lat="50.08105" lon="14.898916666666667">
        <ele>424</ele>
        <time>2025-03-28T15:49:03Z</time>
      </trkpt>
      <trkpt lat="50.08096666666667" lon="14.898966666666666">
        <ele>423</ele>
        <time>2025-03-28T15:49:04Z</time>
      </trkpt>
      <trkpt lat="50.08088333333333" lon="14.899016666666666">
        <ele>422</ele>
        <time>2025-03-28T15:49:05Z</time>
      </trkpt>
      <trkpt lat="50.0808" lon="14.899083333333333">
        <ele>421</ele>
        <time>2025-03-28T15:49:06Z</time>
      </trkpt>
      <trkpt lat="50.08071666666667" lon="14.899133333333333">
        <ele>420</ele>
        <time>2025-03-28T15:49:07Z</time>
      </trkpt>
      <trkpt lat="50.08065" lon="14.899183333333333">
        <ele>419</ele>
        <time>2025-03-28T15:49:08Z</time>
      </trkpt>
      <trkpt lat="50.08056666666667" lon="14.89925">
        <ele>418</ele>
        <time>2025-03-28T15:49:09Z</time>
      </trkpt>
      <trkpt lat="50.080466666666666" lon="14.8993">
        <ele>418</ele>
        <time>2025-03-28T15:49:10Z</time>
      </trkpt>
      <trkpt lat="50.08038333333333" lon="14.899366666666667">
        <ele>417</ele>
        <time>2025-03-28T15:49:11Z</time>
      </trkpt>
      <trkpt lat="50.0803" lon="14.899416666666667">
        <ele>417</ele>
        <time>2025-03-28T15:49:12Z</time>
      </trkpt>
      <trkpt lat="50.080216666666665" lon="14.899483333333333">
        <ele>417</ele>
        <time>2025-03-28T15:49:13Z</time>
      </trkpt>
      <trkpt lat="50.080133333333336" lon="14.899533333333334">
        <ele>418</ele>
        <time>2025-03-28T15:49:14Z</time>
      </trkpt>
      <trkpt lat="50.08005" lon="14.899566666666667">
        <ele>418</ele>
        <time>2025-03-28T15:49:15Z</time>
      </trkpt>
      <trkpt lat="50.079966666666664" lon="14.899616666666667">
        <ele>418</ele>
        <time>2025-03-28T15:49:16Z</time>
      </trkpt>
      <trkpt lat="50.07986666666667" lon="14.899683333333334">
        <ele>418</ele>
        <time>2025-03-28T15:49:17Z</time>
      </trkpt>
      <trkpt lat="50.07978333333333" lon="14.899733333333334">
        <ele>418</ele>
        <time>2025-03-28T15:49:18Z</time>
      </trkpt>
      <trkpt lat="50.0797" lon="14.8998">
        <ele>418</ele>
        <time>2025-03-28T15:49:19Z</time>
      </trkpt>
      <trkpt lat="50.0796" lon="14.89985">
        <ele>417</ele>
        <time>2025-03-28T15:49:20Z</time>
      </trkpt>
      <trkpt lat="50.07951666666666" lon="14.899883333333333">
        <ele>417</ele>
        <time>2025-03-28T15:49:21Z</time>
      </trkpt>
      <trkpt lat="50.079433333333334" lon="14.899933333333333">
        <ele>417</ele>
        <time>2025-03-28T15:49:22Z</time>
      </trkpt>
      <trkpt lat="50.07933333333333" lon="14.899983333333333">
        <ele>417</ele>
        <time>2025-03-28T15:49:23Z</time>
      </trkpt>
      <trkpt lat="50.07925" lon="14.900066666666667">
        <ele>417</ele>
        <time>2025-03-28T15:49:24Z</time>
      </trkpt>
      <trkpt lat="50.07915" lon="14.900116666666667">
        <ele>416</ele>
        <time>2025-03-28T15:49:25Z</time>
      </trkpt>
      <trkpt lat="50.07906666666667" lon="14.900166666666667">
        <ele>416</ele>
        <time>2025-03-28T15:49:26Z</time>
      </trkpt>
      <trkpt lat="50.078966666666666" lon="14.9002">
        <ele>416</ele>
        <time>2025-03-28T15:49:27Z</time>
      </trkpt>
      <trkpt lat="50.07888333333333" lon="14.90025">
        <ele>417</ele>
        <time>2025-03-28T15:49:28Z</time>
      </trkpt>
      <trkpt lat="50.078783333333334" lon="14.9003">
        <ele>417</ele>
        <time>2025-03-28T15:49:29Z</time>
      </trkpt>
      <trkpt lat="50.0787" lon="14.90035">
        <ele>417</ele>
        <time>2025-03-28T15:49:30Z</time>
      </trkpt>
      <trkpt lat="50.07861666666667" lon="14.900416666666667">
        <ele>417</ele>
        <time>2025-03-28T15:49:31Z</time>
      </trkpt>
      <trkpt lat="50.078516666666665" lon="14.90045">
        <ele>417</ele>
        <time>2025-03-28T15:49:32Z</time>
      </trkpt>
      <trkpt lat="50.07841666666667" lon="14.9005">
        <ele>416</ele>
        <time>2025-03-28T15:49:33Z</time>
      </trkpt>
      <trkpt lat="50.07833333333333" lon="14.900533333333334">
        <ele>416</ele>
        <time>2025-03-28T15:49:34Z</time>
      </trkpt>
      <trkpt lat="50.07825" lon="14.900566666666666">
        <ele>417</ele>
        <time>2025-03-28T15:49:35Z</time>
      </trkpt>
      <trkpt lat="50.07815" lon="14.900583333333334">
        <ele>417</ele>
        <time>2025-03-28T15:49:36Z</time>
      </trkpt>
      <trkpt lat="50.078066666666665" lon="14.900616666666666">
        <ele>417</ele>
        <time>2025-03-28T15:49:37Z</time>
      </trkpt>
      <trkpt lat="50.07796666666667" lon="14.900633333333333">
        <ele>417</ele>
        <time>2025-03-28T15:49:38Z</time>
      </trkpt>
      <trkpt lat="50.07788333333333" lon="14.90065">
        <ele>416</ele>
        <time>2025-03-28T15:49:39Z</time>
      </trkpt>
      <trkpt lat="50.077783333333336" lon="14.900683333333333">
        <ele>415</ele>
        <time>2025-03-28T15:49:40Z</time>
      </trkpt>
      <trkpt lat="50.0777" lon="14.900733333333333">
        <ele>414</ele>
        <time>2025-03-28T15:49:41Z</time>
      </trkpt>
      <trkpt lat="50.0776" lon="14.900766666666666">
        <ele>413</ele>
        <time>2025-03-28T15:49:42Z</time>
      </trkpt>
      <trkpt lat="50.077533333333335" lon="14.9008">
        <ele>412</ele>
        <time>2025-03-28T15:49:43Z</time>
      </trkpt>
      <trkpt lat="50.07745" lon="14.900833333333333">
        <ele>411</ele>
        <time>2025-03-28T15:49:44Z</time>
      </trkpt>
      <trkpt lat="50.07736666666667" lon="14.900866666666667">
        <ele>410</ele>
        <time>2025-03-28T15:49:45Z</time>
      </trkpt>
      <trkpt lat="50.077283333333334" lon="14.900916666666667">
        <ele>409</ele>
        <time>2025-03-28T15:49:46Z</time>
      </trkpt>
      <trkpt lat="50.0772" lon="14.900966666666667">
        <ele>408</ele>
        <time>2025-03-28T15:49:47Z</time>
      </trkpt>
      <trkpt lat="50.077083333333334" lon="14.900983333333333">
        <ele>407</ele>
        <time>2025-03-28T15:49:48Z</time>
      </trkpt>
      <trkpt lat="50.07698333333333" lon="14.901">
        <ele>406</ele>
        <time>2025-03-28T15:49:49Z</time>
      </trkpt>
      <trkpt lat="50.0769" lon="14.901033333333332">
        <ele>405</ele>
        <time>2025-03-28T15:49:50Z</time>
      </trkpt>
      <trkpt lat="50.076816666666666" lon="14.901066666666667">
        <ele>405</ele>
        <time>2025-03-28T15:49:51Z</time>
      </trkpt>
      <trkpt lat="50.07675" lon="14.901116666666667">
        <ele>406</ele>
        <time>2025-03-28T15:49:52Z</time>
      </trkpt>
      <trkpt lat="50.07666666666667" lon="14.901166666666667">
        <ele>406</ele>
        <time>2025-03-28T15:49:53Z</time>
      </trkpt>
      <trkpt lat="50.07658333333333" lon="14.901216666666667">
        <ele>405</ele>
        <time>2025-03-28T15:49:54Z</time>
      </trkpt>
      <trkpt lat="50.0765" lon="14.901266666666666">
        <ele>405</ele>
        <time>2025-03-28T15:49:55Z</time>
      </trkpt>
      <trkpt lat="50.0764" lon="14.9013">
        <ele>404</ele>
        <time>2025-03-28T15:49:56Z</time>
      </trkpt>
      <trkpt lat="50.07631666666666" lon="14.90135">
        <ele>403</ele>
        <time>2025-03-28T15:49:57Z</time>
      </trkpt>
      <trkpt lat="50.076233333333334" lon="14.9014">
        <ele>403</ele>
        <time>2025-03-28T15:49:58Z</time>
      </trkpt>
      <trkpt lat="50.07615" lon="14.90145">
        <ele>402</ele>
        <time>2025-03-28T15:49:59Z</time>
      </trkpt>
      <trkpt lat="50.07606666666667" lon="14.9015">
        <ele>402</ele>
        <time>2025-03-28T15:50:00Z</time>
      </trkpt>
      <trkpt lat="50.07598333333333" lon="14.90155">
        <ele>402</ele>
        <time>2025-03-28T15:50:01Z</time>
      </trkpt>
      <trkpt lat="50.0759" lon="14.9016">
        <ele>402</ele>
        <time>2025-03-28T15:50:02Z</time>
      </trkpt>
      <trkpt lat="50.075833333333335" lon="14.901666666666667">
        <ele>402</ele>
        <time>2025-03-28T15:50:03Z</time>
      </trkpt>
      <trkpt lat="50.07575" lon="14.901716666666667">
        <ele>402</ele>
        <time>2025-03-28T15:50:04Z</time>
      </trkpt>
      <trkpt lat="50.07566666666666" lon="14.901766666666667">
        <ele>402</ele>
        <time>2025-03-28T15:50:05Z</time>
      </trkpt>
      <trkpt lat="50.07556666666667" lon="14.9018">
        <ele>403</ele>
        <time>2025-03-28T15:50:06Z</time>
      </trkpt>
      <trkpt lat="50.07548333333333" lon="14.901816666666667">
        <ele>403</ele>
        <time>2025-03-28T15:50:07Z</time>
      </trkpt>
      <trkpt lat="50.0754" lon="14.90185">
        <ele>404</ele>
        <time>2025-03-28T15:50:08Z</time>
      </trkpt>
      <trkpt lat="50.075316666666666" lon="14.901883333333334">
        <ele>404</ele>
        <time>2025-03-28T15:50:09Z</time>
      </trkpt>
      <trkpt lat="50.07521666666667" lon="14.901916666666667">
        <ele>404</ele>
        <time>2025-03-28T15:50:10Z</time>
      </trkpt>
      <trkpt lat="50.075116666666666" lon="14.90195">
        <ele>403</ele>
        <time>2025-03-28T15:50:11Z</time>
      </trkpt>
      <trkpt lat="50.07501666666667" lon="14.901983333333334">
        <ele>403</ele>
        <time>2025-03-28T15:50:12Z</time>
      </trkpt>
      <trkpt lat="50.074933333333334" lon="14.902">
        <ele>403</ele>
        <time>2025-03-28T15:50:13Z</time>
      </trkpt>
      <trkpt lat="50.07483333333333" lon="14.902">
        <ele>403</ele>
        <time>2025-03-28T15:50:14Z</time>
      </trkpt>
      <trkpt lat="50.07475" lon="14.902016666666666">
        <ele>403</ele>
        <time>2025-03-28T15:50:15Z</time>
      </trkpt>
      <trkpt lat="50.07465" lon="14.902016666666666">
        <ele>404</ele>
        <time>2025-03-28T15:50:16Z</time>
      </trkpt>
      <trkpt lat="50.07456666666667" lon="14.902033333333334">
        <ele>404</ele>
        <time>2025-03-28T15:50:17Z</time>
      </trkpt>
      <trkpt lat="50.074466666666666" lon="14.90205">
        <ele>404</ele>
        <time>2025-03-28T15:50:18Z</time>
      </trkpt>
      <trkpt lat="50.07438333333333" lon="14.902066666666666">
        <ele>404</ele>
        <time>2025-03-28T15:50:19Z</time>
      </trkpt>
      <trkpt lat="50.074283333333334" lon="14.902066666666666">
        <ele>405</ele>
        <time>2025-03-28T15:50:20Z</time>
      </trkpt>
      <trkpt lat="50.0742" lon="14.902083333333334">
        <ele>405</ele>
        <time>2025-03-28T15:50:21Z</time>
      </trkpt>
      <trkpt lat="50.07411666666667" lon="14.902116666666666">
        <ele>405</ele>
        <time>2025-03-28T15:50:22Z</time>
      </trkpt>
      <trkpt lat="50.074016666666665" lon="14.902166666666666">
        <ele>406</ele>
        <time>2025-03-28T15:50:23Z</time>
      </trkpt>
      <trkpt lat="50.07395" lon="14.902216666666666">
        <ele>406</ele>
        <time>2025-03-28T15:50:24Z</time>
      </trkpt>
      <trkpt lat="50.07385" lon="14.90225">
        <ele>407</ele>
        <time>2025-03-28T15:50:25Z</time>
      </trkpt>
      <trkpt lat="50.073766666666664" lon="14.902266666666666">
        <ele>408</ele>
        <time>2025-03-28T15:50:26Z</time>
      </trkpt>
      <trkpt lat="50.07365" lon="14.902266666666666">
        <ele>408</ele>
        <time>2025-03-28T15:50:27Z</time>
      </trkpt>
      <trkpt lat="50.07355" lon="14.902283333333333">
        <ele>409</ele>
        <time>2025-03-28T15:50:28Z</time>
      </trkpt>
      <trkpt lat="50.07345" lon="14.902333333333333">
        <ele>410</ele>
        <time>2025-03-28T15:50:29Z</time>
      </trkpt>
      <trkpt lat="50.07335" lon="14.902383333333333">
        <ele>411</ele>
        <time>2025-03-28T15:50:30Z</time>
      </trkpt>
      <trkpt lat="50.07325" lon="14.902416666666667">
        <ele>412</ele>
        <time>2025-03-28T15:50:31Z</time>
      </trkpt>
      <trkpt lat="50.07315" lon="14.902433333333333">
        <ele>414</ele>
        <time>2025-03-28T15:50:32Z</time>
      </trkpt>
      <trkpt lat="50.07305" lon="14.90245">
        <ele>415</ele>
        <time>2025-03-28T15:50:33Z</time>
      </trkpt>
      <trkpt lat="50.07293333333333" lon="14.902466666666667">
        <ele>416</ele>
        <time>2025-03-28T15:50:34Z</time>
      </trkpt>
      <trkpt lat="50.072833333333335" lon="14.90245">
        <ele>418</ele>
        <time>2025-03-28T15:50:35Z</time>
      </trkpt>
      <trkpt lat="50.07275" lon="14.902416666666667">
        <ele>420</ele>
        <time>2025-03-28T15:50:36Z</time>
      </trkpt>
      <trkpt lat="50.07265" lon="14.902383333333333">
        <ele>423</ele>
        <time>2025-03-28T15:50:37Z</time>
      </trkpt>
      <trkpt lat="50.07256666666667" lon="14.90235">
        <ele>425</ele>
        <time>2025-03-28T15:50:38Z</time>
      </trkpt>
      <trkpt lat="50.07248333333333" lon="14.902333333333333">
        <ele>428</ele>
        <time>2025-03-28T15:50:39Z</time>
      </trkpt>
      <trkpt lat="50.0724" lon="14.902316666666668">
        <ele>429</ele>
        <time>2025-03-28T15:50:40Z</time>
      </trkpt>
      <trkpt lat="50.07233333333333" lon="14.9023">
        <ele>431</ele>
        <time>2025-03-28T15:50:41Z</time>
      </trkpt>
      <trkpt lat="50.07225" lon="14.902283333333333">
        <ele>431</ele>
        <time>2025-03-28T15:50:42Z</time>
      </trkpt>
      <trkpt lat="50.072183333333335" lon="14.902266666666666">
        <ele>431</ele>
        <time>2025-03-28T15:50:43Z</time>
      </trkpt>
      <trkpt lat="50.0721" lon="14.902233333333333">
        <ele>430</ele>
        <time>2025-03-28T15:50:44Z</time>
      </trkpt>
      <trkpt lat="50.072" lon="14.902216666666666">
        <ele>429</ele>
        <time>2025-03-28T15:50:45Z</time>
      </trkpt>
      <trkpt lat="50.07191666666667" lon="14.9022">
        <ele>429</ele>
        <time>2025-03-28T15:50:46Z</time>
      </trkpt>
      <trkpt lat="50.07183333333333" lon="14.9022">
        <ele>429</ele>
        <time>2025-03-28T15:50:47Z</time>
      </trkpt>
      <trkpt lat="50.07175" lon="14.9022">
        <ele>429</ele>
        <time>2025-03-28T15:50:48Z</time>
      </trkpt>
      <trkpt lat="50.07168333333333" lon="14.902183333333333">
        <ele>430</ele>
        <time>2025-03-28T15:50:49Z</time>
      </trkpt>
      <trkpt lat="50.0716" lon="14.902166666666666">
        <ele>430</ele>
        <time>2025-03-28T15:50:50Z</time>
      </trkpt>
      <trkpt lat="50.07151666666667" lon="14.90215">
        <ele>431</ele>
        <time>2025-03-28T15:50:51Z</time>
      </trkpt>
      <trkpt lat="50.07143333333333" lon="14.90215">
        <ele>430</ele>
        <time>2025-03-28T15:50:52Z</time>
      </trkpt>
      <trkpt lat="50.07135" lon="14.90215">
        <ele>430</ele>
        <time>2025-03-28T15:50:53Z</time>
      </trkpt>
      <trkpt lat="50.071266666666666" lon="14.90215">
        <ele>430</ele>
        <time>2025-03-28T15:50:54Z</time>
      </trkpt>
      <trkpt lat="50.07116666666667" lon="14.902133333333333">
        <ele>430</ele>
        <time>2025-03-28T15:50:55Z</time>
      </trkpt>
      <trkpt lat="50.07106666666667" lon="14.902116666666666">
        <ele>430</ele>
        <time>2025-03-28T15:50:56Z</time>
      </trkpt>
      <trkpt lat="50.071" lon="14.9021">
        <ele>431</ele>
        <time>2025-03-28T15:50:57Z</time>
      </trkpt>
      <trkpt lat="50.07091666666667" lon="14.902083333333334">
        <ele>432</ele>
        <time>2025-03-28T15:50:58Z</time>
      </trkpt>
      <trkpt lat="50.07085" lon="14.902066666666666">
        <ele>433</ele>
        <time>2025-03-28T15:50:59Z</time>
      </trkpt>
      <trkpt lat="50.07078333333333" lon="14.902066666666666">
        <ele>434</ele>
        <time>2025-03-28T15:51:00Z</time>
      </trkpt>
      <trkpt lat="50.070683333333335" lon="14.902066666666666">
        <ele>434</ele>
        <time>2025-03-28T15:51:01Z</time>
      </trkpt>
      <trkpt lat="50.07058333333333" lon="14.902083333333334">
        <ele>433</ele>
        <time>2025-03-28T15:51:02Z</time>
      </trkpt>
      <trkpt lat="50.0705" lon="14.902083333333334">
        <ele>433</ele>
        <time>2025-03-28T15:51:03Z</time>
      </trkpt>
      <trkpt lat="50.07041666666667" lon="14.902083333333334">
        <ele>433</ele>
        <time>2025-03-28T15:51:04Z</time>
      </trkpt>
      <trkpt lat="50.07033333333333" lon="14.902083333333334">
        <ele>433</ele>
        <time>2025-03-28T15:51:05Z</time>
      </trkpt>
      <trkpt lat="50.07026666666667" lon="14.902083333333334">
        <ele>433</ele>
        <time>2025-03-28T15:51:06Z</time>
      </trkpt>
      <trkpt lat="50.07018333333333" lon="14.902083333333334">
        <ele>434</ele>
        <time>2025-03-28T15:51:07Z</time>
      </trkpt>
      <trkpt lat="50.070083333333336" lon="14.902083333333334">
        <ele>434</ele>
        <time>2025-03-28T15:51:08Z</time>
      </trkpt>
      <trkpt lat="50.07" lon="14.902083333333334">
        <ele>434</ele>
        <time>2025-03-28T15:51:09Z</time>
      </trkpt>
      <trkpt lat="50.069916666666664" lon="14.9021">
        <ele>434</ele>
        <time>2025-03-28T15:51:10Z</time>
      </trkpt>
      <trkpt lat="50.06981666666667" lon="14.9021">
        <ele>435</ele>
        <time>2025-03-28T15:51:11Z</time>
      </trkpt>
      <trkpt lat="50.06973333333333" lon="14.902116666666666">
        <ele>435</ele>
        <time>2025-03-28T15:51:12Z</time>
      </trkpt>
      <trkpt lat="50.06965" lon="14.902133333333333">
        <ele>436</ele>
        <time>2025-03-28T15:51:13Z</time>
      </trkpt>
      <trkpt lat="50.06956666666667" lon="14.902133333333333">
        <ele>437</ele>
        <time>2025-03-28T15:51:14Z</time>
      </trkpt>
      <trkpt lat="50.06948333333333" lon="14.902133333333333">
        <ele>438</ele>
        <time>2025-03-28T15:51:15Z</time>
      </trkpt>
      <trkpt lat="50.0694" lon="14.902116666666666">
        <ele>440</ele>
        <time>2025-03-28T15:51:16Z</time>
      </trkpt>
      <trkpt lat="50.069316666666666" lon="14.902116666666666">
        <ele>441</ele>
        <time>2025-03-28T15:51:17Z</time>
      </trkpt>
      <trkpt lat="50.06923333333334" lon="14.9021">
        <ele>442</ele>
        <time>2025-03-28T15:51:18Z</time>
      </trkpt>
      <trkpt lat="50.06913333333333" lon="14.9021">
        <ele>444</ele>
        <time>2025-03-28T15:51:19Z</time>
      </trkpt>
      <trkpt lat="50.06905" lon="14.9021">
        <ele>445</ele>
        <time>2025-03-28T15:51:20Z</time>
      </trkpt>
      <trkpt lat="50.06896666666667" lon="14.9021">
        <ele>446</ele>
        <time>2025-03-28T15:51:21Z</time>
      </trkpt>
      <trkpt lat="50.0689" lon="14.902116666666666">
        <ele>448</ele>
        <time>2025-03-28T15:51:22Z</time>
      </trkpt>
      <trkpt lat="50.06883333333333" lon="14.902116666666666">
        <ele>449</ele>
        <time>2025-03-28T15:51:23Z</time>
      </trkpt>
      <trkpt lat="50.06875" lon="14.9021">
        <ele>450</ele>
        <time>2025-03-28T15:51:24Z</time>
      </trkpt>
      <trkpt lat="50.068666666666665" lon="14.902116666666666">
        <ele>451</ele>
        <time>2025-03-28T15:51:25Z</time>
      </trkpt>
      <trkpt lat="50.068583333333336" lon="14.902116666666666">
        <ele>450</ele>
        <time>2025-03-28T15:51:26Z</time>
      </trkpt>
      <trkpt lat="50.0685" lon="14.902116666666666">
        <ele>450</ele>
        <time>2025-03-28T15:51:27Z</time>
      </trkpt>
      <trkpt lat="50.0684" lon="14.902116666666666">
        <ele>450</ele>
        <time>2025-03-28T15:51:28Z</time>
      </trkpt>
      <trkpt lat="50.06831666666667" lon="14.902116666666666">
        <ele>451</ele>
        <time>2025-03-28T15:51:29Z</time>
      </trkpt>
      <trkpt lat="50.068216666666665" lon="14.902116666666666">
        <ele>451</ele>
        <time>2025-03-28T15:51:30Z</time>
      </trkpt>
      <trkpt lat="50.068133333333336" lon="14.90215">
        <ele>452</ele>
        <time>2025-03-28T15:51:31Z</time>
      </trkpt>
      <trkpt lat="50.06806666666667" lon="14.902166666666666">
        <ele>453</ele>
        <time>2025-03-28T15:51:32Z</time>
      </trkpt>
      <trkpt lat="50.06798333333333" lon="14.902183333333333">
        <ele>454</ele>
        <time>2025-03-28T15:51:33Z</time>
      </trkpt>
      <trkpt lat="50.0679" lon="14.9022">
        <ele>455</ele>
        <time>2025-03-28T15:51:34Z</time>
      </trkpt>
      <trkpt lat="50.067816666666666" lon="14.9022">
        <ele>456</ele>
        <time>2025-03-28T15:51:35Z</time>
      </trkpt>
      <trkpt lat="50.06775" lon="14.9022">
        <ele>458</ele>
        <time>2025-03-28T15:51:36Z</time>
      </trkpt>
      <trkpt lat="50.06766666666667" lon="14.902216666666666">
        <ele>459</ele>
        <time>2025-03-28T15:51:37Z</time>
      </trkpt>
      <trkpt lat="50.0676" lon="14.902216666666666">
        <ele>460</ele>
        <time>2025-03-28T15:51:38Z</time>
      </trkpt>
      <trkpt lat="50.06751666666667" lon="14.902216666666666">
        <ele>461</ele>
        <time>2025-03-28T15:51:39Z</time>
      </trkpt>
      <trkpt lat="50.06745" lon="14.90225">
        <ele>461</ele>
        <time>2025-03-28T15:51:40Z</time>
      </trkpt>
      <trkpt lat="50.067366666666665" lon="14.902283333333333">
        <ele>461</ele>
        <time>2025-03-28T15:51:41Z</time>
      </trkpt>
      <trkpt lat="50.067283333333336" lon="14.902333333333333">
        <ele>460</ele>
        <time>2025-03-28T15:51:42Z</time>
      </trkpt>
      <trkpt lat="50.0672" lon="14.90235">
        <ele>460</ele>
        <time>2025-03-28T15:51:43Z</time>
      </trkpt>
      <trkpt lat="50.067116666666664" lon="14.902366666666667">
        <ele>460</ele>
        <time>2025-03-28T15:51:44Z</time>
      </trkpt>
      <trkpt lat="50.067033333333335" lon="14.902366666666667">
        <ele>460</ele>
        <time>2025-03-28T15:51:45Z</time>
      </trkpt>
      <trkpt lat="50.066966666666666" lon="14.902383333333333">
        <ele>460</ele>
        <time>2025-03-28T15:51:46Z</time>
      </trkpt>
      <trkpt lat="50.06688333333334" lon="14.9024">
        <ele>460</ele>
        <time>2025-03-28T15:51:47Z</time>
      </trkpt>
      <trkpt lat="50.06678333333333" lon="14.902416666666667">
        <ele>461</ele>
        <time>2025-03-28T15:51:48Z</time>
      </trkpt>
      <trkpt lat="50.0667" lon="14.902416666666667">
        <ele>461</ele>
        <time>2025-03-28T15:51:49Z</time>
      </trkpt>
      <trkpt lat="50.0666" lon="14.902416666666667">
        <ele>461</ele>
        <time>2025-03-28T15:51:50Z</time>
      </trkpt>
      <trkpt lat="50.0665" lon="14.902433333333333">
        <ele>462</ele>
        <time>2025-03-28T15:51:51Z</time>
      </trkpt>
      <trkpt lat="50.06641666666667" lon="14.902433333333333">
        <ele>463</ele>
        <time>2025-03-28T15:51:52Z</time>
      </trkpt>
      <trkpt lat="50.06633333333333" lon="14.90245">
        <ele>463</ele>
        <time>2025-03-28T15:51:53Z</time>
      </trkpt>
      <trkpt lat="50.06625" lon="14.90245">
        <ele>463</ele>
        <time>2025-03-28T15:51:54Z</time>
      </trkpt>
      <trkpt lat="50.06616666666667" lon="14.90245">
        <ele>462</ele>
        <time>2025-03-28T15:51:55Z</time>
      </trkpt>
      <trkpt lat="50.066066666666664" lon="14.902433333333333">
        <ele>462</ele>
        <time>2025-03-28T15:51:56Z</time>
      </trkpt>
      <trkpt lat="50.065983333333335" lon="14.902433333333333">
        <ele>461</ele>
        <time>2025-03-28T15:51:57Z</time>
      </trkpt>
      <trkpt lat="50.06588333333333" lon="14.902433333333333">
        <ele>460</ele>
        <time>2025-03-28T15:51:58Z</time>
      </trkpt>
      <trkpt lat="50.0658" lon="14.90245">
        <ele>460</ele>
        <time>2025-03-28T15:51:59Z</time>
      </trkpt>
      <trkpt lat="50.06571666666667" lon="14.902466666666667">
        <ele>459</ele>
        <time>2025-03-28T15:52:00Z</time>
      </trkpt>
      <trkpt lat="50.06563333333333" lon="14.902483333333333">
        <ele>458</ele>
        <time>2025-03-28T15:52:01Z</time>
      </trkpt>
      <trkpt lat="50.06555" lon="14.902483333333333">
        <ele>458</ele>
        <time>2025-03-28T15:52:02Z</time>
      </trkpt>
      <trkpt lat="50.065466666666666" lon="14.902483333333333">
        <ele>457</ele>
        <time>2025-03-28T15:52:03Z</time>
      </trkpt>
      <trkpt lat="50.06536666666667" lon="14.902483333333333">
        <ele>456</ele>
        <time>2025-03-28T15:52:04Z</time>
      </trkpt>
      <trkpt lat="50.06528333333333" lon="14.902483333333333">
        <ele>456</ele>
        <time>2025-03-28T15:52:05Z</time>
      </trkpt>
      <trkpt lat="50.06518333333333" lon="14.9025">
        <ele>455</ele>
        <time>2025-03-28T15:52:06Z</time>
      </trkpt>
      <trkpt lat="50.0651" lon="14.902533333333333">
        <ele>454</ele>
        <time>2025-03-28T15:52:07Z</time>
      </trkpt>
      <trkpt lat="50.065016666666665" lon="14.90255">
        <ele>453</ele>
        <time>2025-03-28T15:52:08Z</time>
      </trkpt>
      <trkpt lat="50.064933333333336" lon="14.902566666666667">
        <ele>453</ele>
        <time>2025-03-28T15:52:09Z</time>
      </trkpt>
      <trkpt lat="50.06485" lon="14.902566666666667">
        <ele>453</ele>
        <time>2025-03-28T15:52:10Z</time>
      </trkpt>
      <trkpt lat="50.064766666666664" lon="14.902566666666667">
        <ele>452</ele>
        <time>2025-03-28T15:52:11Z</time>
      </trkpt>
      <trkpt lat="50.064683333333335" lon="14.902583333333334">
        <ele>452</ele>
        <time>2025-03-28T15:52:12Z</time>
      </trkpt>
      <trkpt lat="50.06458333333333" lon="14.9026">
        <ele>452</ele>
        <time>2025-03-28T15:52:13Z</time>
      </trkpt>
      <trkpt lat="50.0645" lon="14.902633333333334">
        <ele>451</ele>
        <time>2025-03-28T15:52:14Z</time>
      </trkpt>
      <trkpt lat="50.064416666666666" lon="14.902633333333334">
        <ele>451</ele>
        <time>2025-03-28T15:52:15Z</time>
      </trkpt>
      <trkpt lat="50.06433333333333" lon="14.90265">
        <ele>450</ele>
        <time>2025-03-28T15:52:16Z</time>
      </trkpt>
      <trkpt lat="50.06425" lon="14.902666666666667">
        <ele>450</ele>
        <time>2025-03-28T15:52:17Z</time>
      </trkpt>
      <trkpt lat="50.06415" lon="14.902666666666667">
        <ele>449</ele>
        <time>2025-03-28T15:52:18Z</time>
      </trkpt>
      <trkpt lat="50.06406666666667" lon="14.9027">
        <ele>449</ele>
        <time>2025-03-28T15:52:19Z</time>
      </trkpt>
      <trkpt lat="50.06398333333333" lon="14.902716666666667">
        <ele>448</ele>
        <time>2025-03-28T15:52:20Z</time>
      </trkpt>
      <trkpt lat="50.0639" lon="14.902733333333334">
        <ele>448</ele>
        <time>2025-03-28T15:52:21Z</time>
      </trkpt>
      <trkpt lat="50.0638" lon="14.90275">
        <ele>447</ele>
        <time>2025-03-28T15:52:22Z</time>
      </trkpt>
      <trkpt lat="50.063716666666664" lon="14.902766666666666">
        <ele>447</ele>
        <time>2025-03-28T15:52:23Z</time>
      </trkpt>
      <trkpt lat="50.063633333333335" lon="14.9028">
        <ele>447</ele>
        <time>2025-03-28T15:52:24Z</time>
      </trkpt>
      <trkpt lat="50.06355" lon="14.902816666666666">
        <ele>447</ele>
        <time>2025-03-28T15:52:25Z</time>
      </trkpt>
      <trkpt lat="50.06346666666666" lon="14.902866666666666">
        <ele>447</ele>
        <time>2025-03-28T15:52:26Z</time>
      </trkpt>
      <trkpt lat="50.063383333333334" lon="14.902883333333333">
        <ele>447</ele>
        <time>2025-03-28T15:52:27Z</time>
      </trkpt>
      <trkpt lat="50.06328333333333" lon="14.902916666666666">
        <ele>447</ele>
        <time>2025-03-28T15:52:28Z</time>
      </trkpt>
      <trkpt lat="50.0632" lon="14.902933333333333">
        <ele>447</ele>
        <time>2025-03-28T15:52:29Z</time>
      </trkpt>
      <trkpt lat="50.063116666666666" lon="14.902983333333333">
        <ele>447</ele>
        <time>2025-03-28T15:52:30Z</time>
      </trkpt>
      <trkpt lat="50.06305" lon="14.903">
        <ele>447</ele>
        <time>2025-03-28T15:52:31Z</time>
      </trkpt>
      <trkpt lat="50.06295" lon="14.903016666666666">
        <ele>447</ele>
        <time>2025-03-28T15:52:32Z</time>
      </trkpt>
      <trkpt lat="50.062866666666665" lon="14.903033333333333">
        <ele>447</ele>
        <time>2025-03-28T15:52:33Z</time>
      </trkpt>
      <trkpt lat="50.062783333333336" lon="14.903033333333333">
        <ele>447</ele>
        <time>2025-03-28T15:52:34Z</time>
      </trkpt>
      <trkpt lat="50.06268333333333" lon="14.90305">
        <ele>447</ele>
        <time>2025-03-28T15:52:35Z</time>
      </trkpt>
      <trkpt lat="50.0626" lon="14.90305">
        <ele>447</ele>
        <time>2025-03-28T15:52:36Z</time>
      </trkpt>
      <trkpt lat="50.06251666666667" lon="14.903066666666666">
        <ele>448</ele>
        <time>2025-03-28T15:52:37Z</time>
      </trkpt>
      <trkpt lat="50.062416666666664" lon="14.903066666666666">
        <ele>448</ele>
        <time>2025-03-28T15:52:38Z</time>
      </trkpt>
      <trkpt lat="50.06231666666667" lon="14.903066666666666">
        <ele>448</ele>
        <time>2025-03-28T15:52:39Z</time>
      </trkpt>
      <trkpt lat="50.06223333333333" lon="14.903083333333333">
        <ele>447</ele>
        <time>2025-03-28T15:52:40Z</time>
      </trkpt>
      <trkpt lat="50.062133333333335" lon="14.903083333333333">
        <ele>447</ele>
        <time>2025-03-28T15:52:41Z</time>
      </trkpt>
      <trkpt lat="50.06203333333333" lon="14.903066666666666">
        <ele>448</ele>
        <time>2025-03-28T15:52:42Z</time>
      </trkpt>
      <trkpt lat="50.06195" lon="14.903066666666666">
        <ele>448</ele>
        <time>2025-03-28T15:52:43Z</time>
      </trkpt>
      <trkpt lat="50.06185" lon="14.903066666666666">
        <ele>447</ele>
        <time>2025-03-28T15:52:44Z</time>
      </trkpt>
      <trkpt lat="50.061766666666664" lon="14.90305">
        <ele>447</ele>
        <time>2025-03-28T15:52:45Z</time>
      </trkpt>
      <trkpt lat="50.06166666666667" lon="14.903033333333333">
        <ele>447</ele>
        <time>2025-03-28T15:52:46Z</time>
      </trkpt>
      <trkpt lat="50.06158333333333" lon="14.903016666666666">
        <ele>447</ele>
        <time>2025-03-28T15:52:47Z</time>
      </trkpt>
      <trkpt lat="50.0615" lon="14.903">
        <ele>447</ele>
        <time>2025-03-28T15:52:48Z</time>
      </trkpt>
      <trkpt lat="50.0614" lon="14.902983333333333">
        <ele>448</ele>
        <time>2025-03-28T15:52:49Z</time>
      </trkpt>
      <trkpt lat="50.06131666666667" lon="14.902966666666666">
        <ele>448</ele>
        <time>2025-03-28T15:52:50Z</time>
      </trkpt>
      <trkpt lat="50.061233333333334" lon="14.902966666666666">
        <ele>448</ele>
        <time>2025-03-28T15:52:51Z</time>
      </trkpt>
      <trkpt lat="50.06115" lon="14.902966666666666">
        <ele>447</ele>
        <time>2025-03-28T15:52:52Z</time>
      </trkpt>
      <trkpt lat="50.06105" lon="14.902966666666666">
        <ele>447</ele>
        <time>2025-03-28T15:52:53Z</time>
      </trkpt>
      <trkpt lat="50.06095" lon="14.90295">
        <ele>446</ele>
        <time>2025-03-28T15:52:54Z</time>
      </trkpt>
      <trkpt lat="50.06086666666667" lon="14.902933333333333">
        <ele>445</ele>
        <time>2025-03-28T15:52:55Z</time>
      </trkpt>
      <trkpt lat="50.060766666666666" lon="14.902933333333333">
        <ele>446</ele>
        <time>2025-03-28T15:52:56Z</time>
      </trkpt>
      <trkpt lat="50.06068333333333" lon="14.902916666666666">
        <ele>446</ele>
        <time>2025-03-28T15:52:57Z</time>
      </trkpt>
      <trkpt lat="50.0606" lon="14.9029">
        <ele>446</ele>
        <time>2025-03-28T15:52:58Z</time>
      </trkpt>
      <trkpt lat="50.060516666666665" lon="14.9029">
        <ele>446</ele>
        <time>2025-03-28T15:52:59Z</time>
      </trkpt>
      <trkpt lat="50.06041666666667" lon="14.9029">
        <ele>446</ele>
        <time>2025-03-28T15:53:00Z</time>
      </trkpt>
      <trkpt lat="50.06033333333333" lon="14.9029">
        <ele>446</ele>
        <time>2025-03-28T15:53:01Z</time>
      </trkpt>
      <trkpt lat="50.060233333333336" lon="14.9029">
        <ele>446</ele>
        <time>2025-03-28T15:53:02Z</time>
      </trkpt>
      <trkpt lat="50.06015" lon="14.9029">
        <ele>446</ele>
        <time>2025-03-28T15:53:03Z</time>
      </trkpt>
      <trkpt lat="50.060066666666664" lon="14.902916666666666">
        <ele>447</ele>
        <time>2025-03-28T15:53:04Z</time>
      </trkpt>
      <trkpt lat="50.059983333333335" lon="14.902916666666666">
        <ele>447</ele>
        <time>2025-03-28T15:53:05Z</time>
      </trkpt>
      <trkpt lat="50.05988333333333" lon="14.902916666666666">
        <ele>447</ele>
        <time>2025-03-28T15:53:06Z</time>
      </trkpt>
      <trkpt lat="50.059783333333336" lon="14.902933333333333">
        <ele>447</ele>
        <time>2025-03-28T15:53:07Z</time>
      </trkpt>
      <trkpt lat="50.0597" lon="14.902933333333333">
        <ele>446</ele>
        <time>2025-03-28T15:53:08Z</time>
      </trkpt>
      <trkpt lat="50.0596" lon="14.902916666666666">
        <ele>446</ele>
        <time>2025-03-28T15:53:09Z</time>
      </trkpt>
      <trkpt lat="50.0595" lon="14.902916666666666">
        <ele>446</ele>
        <time>2025-03-28T15:53:10Z</time>
      </trkpt>
      <trkpt lat="50.059416666666664" lon="14.902916666666666">
        <ele>447</ele>
        <time>2025-03-28T15:53:11Z</time>
      </trkpt>
      <trkpt lat="50.059333333333335" lon="14.9029">
        <ele>447</ele>
        <time>2025-03-28T15:53:12Z</time>
      </trkpt>
      <trkpt lat="50.05923333333333" lon="14.9029">
        <ele>447</ele>
        <time>2025-03-28T15:53:13Z</time>
      </trkpt>
      <trkpt lat="50.059133333333335" lon="14.902916666666666">
        <ele>446</ele>
        <time>2025-03-28T15:53:14Z</time>
      </trkpt>
      <trkpt lat="50.05905" lon="14.902916666666666">
        <ele>445</ele>
        <time>2025-03-28T15:53:15Z</time>
      </trkpt>
      <trkpt lat="50.05895" lon="14.902916666666666">
        <ele>445</ele>
        <time>2025-03-28T15:53:16Z</time>
      </trkpt>
      <trkpt lat="50.05885" lon="14.902916666666666">
        <ele>444</ele>
        <time>2025-03-28T15:53:17Z</time>
      </trkpt>
      <trkpt lat="50.05876666666666" lon="14.9029">
        <ele>443</ele>
        <time>2025-03-28T15:53:18Z</time>
      </trkpt>
      <trkpt lat="50.058683333333335" lon="14.9029">
        <ele>443</ele>
        <time>2025-03-28T15:53:19Z</time>
      </trkpt>
      <trkpt lat="50.0586" lon="14.902883333333333">
        <ele>443</ele>
        <time>2025-03-28T15:53:20Z</time>
      </trkpt>
      <trkpt lat="50.05851666666667" lon="14.902866666666666">
        <ele>442</ele>
        <time>2025-03-28T15:53:21Z</time>
      </trkpt>
      <trkpt lat="50.058416666666666" lon="14.902866666666666">
        <ele>442</ele>
        <time>2025-03-28T15:53:22Z</time>
      </trkpt>
      <trkpt lat="50.05831666666667" lon="14.902866666666666">
        <ele>441</ele>
        <time>2025-03-28T15:53:23Z</time>
      </trkpt>
      <trkpt lat="50.058233333333334" lon="14.902883333333333">
        <ele>441</ele>
        <time>2025-03-28T15:53:24Z</time>
      </trkpt>
      <trkpt lat="50.05815" lon="14.902883333333333">
        <ele>440</ele>
        <time>2025-03-28T15:53:25Z</time>
      </trkpt>
      <trkpt lat="50.05806666666667" lon="14.9029">
        <ele>440</ele>
        <time>2025-03-28T15:53:26Z</time>
      </trkpt>
      <trkpt lat="50.057966666666665" lon="14.902916666666666">
        <ele>440</ele>
        <time>2025-03-28T15:53:27Z</time>
      </trkpt>
      <trkpt lat="50.057883333333336" lon="14.902933333333333">
        <ele>439</ele>
        <time>2025-03-28T15:53:28Z</time>
      </trkpt>
      <trkpt lat="50.05778333333333" lon="14.902933333333333">
        <ele>439</ele>
        <time>2025-03-28T15:53:29Z</time>
      </trkpt>
      <trkpt lat="50.0577" lon="14.902933333333333">
        <ele>438</ele>
        <time>2025-03-28T15:53:30Z</time>
      </trkpt>
      <trkpt lat="50.0576" lon="14.90295">
        <ele>438</ele>
        <time>2025-03-28T15:53:31Z</time>
      </trkpt>
      <trkpt lat="50.057516666666665" lon="14.90295">
        <ele>437</ele>
        <time>2025-03-28T15:53:32Z</time>
      </trkpt>
      <trkpt lat="50.057433333333336" lon="14.902966666666666">
        <ele>437</ele>
        <time>2025-03-28T15:53:33Z</time>
      </trkpt>
      <trkpt lat="50.05735" lon="14.902966666666666">
        <ele>436</ele>
        <time>2025-03-28T15:53:34Z</time>
      </trkpt>
      <trkpt lat="50.05725" lon="14.902983333333333">
        <ele>435</ele>
        <time>2025-03-28T15:53:35Z</time>
      </trkpt>
      <trkpt lat="50.05716666666667" lon="14.903">
        <ele>435</ele>
        <time>2025-03-28T15:53:36Z</time>
      </trkpt>
      <trkpt lat="50.05708333333333" lon="14.903033333333333">
        <ele>434</ele>
        <time>2025-03-28T15:53:37Z</time>
      </trkpt>
      <trkpt lat="50.056983333333335" lon="14.90305">
        <ele>433</ele>
        <time>2025-03-28T15:53:38Z</time>
      </trkpt>
      <trkpt lat="50.0569" lon="14.903083333333333">
        <ele>432</ele>
        <time>2025-03-28T15:53:39Z</time>
      </trkpt>
      <trkpt lat="50.0568" lon="14.9031">
        <ele>431</ele>
        <time>2025-03-28T15:53:40Z</time>
      </trkpt>
      <trkpt lat="50.0567" lon="14.903116666666667">
        <ele>429</ele>
        <time>2025-03-28T15:53:41Z</time>
      </trkpt>
      <trkpt lat="50.0566" lon="14.90315">
        <ele>427</ele>
        <time>2025-03-28T15:53:42Z</time>
      </trkpt>
      <trkpt lat="50.0565" lon="14.9032">
        <ele>425</ele>
        <time>2025-03-28T15:53:43Z</time>
      </trkpt>
      <trkpt lat="50.056383333333336" lon="14.903233333333333">
        <ele>424</ele>
        <time>2025-03-28T15:53:44Z</time>
      </trkpt>
      <trkpt lat="50.05628333333333" lon="14.90325">
        <ele>423</ele>
        <time>2025-03-28T15:53:45Z</time>
      </trkpt>
      <trkpt lat="50.05618333333334" lon="14.903266666666667">
        <ele>423</ele>
        <time>2025-03-28T15:53:46Z</time>
      </trkpt>
      <trkpt lat="50.05608333333333" lon="14.9033">
        <ele>424</ele>
        <time>2025-03-28T15:53:47Z</time>
      </trkpt>
      <trkpt lat="50.05598333333333" lon="14.903316666666667">
        <ele>423</ele>
        <time>2025-03-28T15:53:48Z</time>
      </trkpt>
      <trkpt lat="50.055883333333334" lon="14.90335">
        <ele>423</ele>
        <time>2025-03-28T15:53:49Z</time>
      </trkpt>
      <trkpt lat="50.05578333333333" lon="14.9034">
        <ele>422</ele>
        <time>2025-03-28T15:53:50Z</time>
      </trkpt>
      <trkpt lat="50.055683333333334" lon="14.903433333333334">
        <ele>421</ele>
        <time>2025-03-28T15:53:51Z</time>
      </trkpt>
      <trkpt lat="50.05558333333333" lon="14.903466666666667">
        <ele>421</ele>
        <time>2025-03-28T15:53:52Z</time>
      </trkpt>
      <trkpt lat="50.0555" lon="14.903483333333334">
        <ele>421</ele>
        <time>2025-03-28T15:53:53Z</time>
      </trkpt>
      <trkpt lat="50.0554" lon="14.9035">
        <ele>422</ele>
        <time>2025-03-28T15:53:54Z</time>
      </trkpt>
      <trkpt lat="50.05531666666667" lon="14.903533333333334">
        <ele>422</ele>
        <time>2025-03-28T15:53:55Z</time>
      </trkpt>
      <trkpt lat="50.05521666666667" lon="14.903566666666666">
        <ele>422</ele>
        <time>2025-03-28T15:53:56Z</time>
      </trkpt>
      <trkpt lat="50.05511666666666" lon="14.9036">
        <ele>422</ele>
        <time>2025-03-28T15:53:57Z</time>
      </trkpt>
      <trkpt lat="50.055" lon="14.903616666666666">
        <ele>421</ele>
        <time>2025-03-28T15:53:58Z</time>
      </trkpt>
      <trkpt lat="50.0549" lon="14.903633333333334">
        <ele>422</ele>
        <time>2025-03-28T15:53:59Z</time>
      </trkpt>
      <trkpt lat="50.0548" lon="14.903633333333334">
        <ele>422</ele>
        <time>2025-03-28T15:54:00Z</time>
      </trkpt>
      <trkpt lat="50.0547" lon="14.90365">
        <ele>423</ele>
        <time>2025-03-28T15:54:01Z</time>
      </trkpt>
      <trkpt lat="50.05461666666667" lon="14.903666666666666">
        <ele>425</ele>
        <time>2025-03-28T15:54:02Z</time>
      </trkpt>
      <trkpt lat="50.054516666666665" lon="14.9037">
        <ele>426</ele>
        <time>2025-03-28T15:54:03Z</time>
      </trkpt>
      <trkpt lat="50.05441666666667" lon="14.9037">
        <ele>427</ele>
        <time>2025-03-28T15:54:04Z</time>
      </trkpt>
      <trkpt lat="50.054316666666665" lon="14.903716666666666">
        <ele>428</ele>
        <time>2025-03-28T15:54:05Z</time>
      </trkpt>
      <trkpt lat="50.05421666666667" lon="14.903716666666666">
        <ele>427</ele>
        <time>2025-03-28T15:54:06Z</time>
      </trkpt>
      <trkpt lat="50.054116666666665" lon="14.903733333333333">
        <ele>427</ele>
        <time>2025-03-28T15:54:07Z</time>
      </trkpt>
      <trkpt lat="50.05401666666667" lon="14.903766666666666">
        <ele>427</ele>
        <time>2025-03-28T15:54:08Z</time>
      </trkpt>
      <trkpt lat="50.05393333333333" lon="14.9038">
        <ele>428</ele>
        <time>2025-03-28T15:54:09Z</time>
      </trkpt>
      <trkpt lat="50.05383333333333" lon="14.903816666666666">
        <ele>428</ele>
        <time>2025-03-28T15:54:10Z</time>
      </trkpt>
      <trkpt lat="50.053733333333334" lon="14.903833333333333">
        <ele>429</ele>
        <time>2025-03-28T15:54:11Z</time>
      </trkpt>
      <trkpt lat="50.05365" lon="14.903833333333333">
        <ele>430</ele>
        <time>2025-03-28T15:54:12Z</time>
      </trkpt>
      <trkpt lat="50.05355" lon="14.903833333333333">
        <ele>430</ele>
        <time>2025-03-28T15:54:13Z</time>
      </trkpt>
      <trkpt lat="50.053466666666665" lon="14.90385">
        <ele>431</ele>
        <time>2025-03-28T15:54:14Z</time>
      </trkpt>
      <trkpt lat="50.053383333333336" lon="14.903866666666667">
        <ele>432</ele>
        <time>2025-03-28T15:54:15Z</time>
      </trkpt>
      <trkpt lat="50.0533" lon="14.903883333333333">
        <ele>431</ele>
        <time>2025-03-28T15:54:16Z</time>
      </trkpt>
      <trkpt lat="50.0532" lon="14.9039">
        <ele>431</ele>
        <time>2025-03-28T15:54:17Z</time>
      </trkpt>
      <trkpt lat="50.05311666666667" lon="14.903916666666667">
        <ele>431</ele>
        <time>2025-03-28T15:54:18Z</time>
      </trkpt>
      <trkpt lat="50.05303333333333" lon="14.903933333333333">
        <ele>431</ele>
        <time>2025-03-28T15:54:19Z</time>
      </trkpt>
      <trkpt lat="50.052933333333335" lon="14.90395">
        <ele>431</ele>
        <time>2025-03-28T15:54:20Z</time>
      </trkpt>
      <trkpt lat="50.05285" lon="14.90395">
        <ele>431</ele>
        <time>2025-03-28T15:54:21Z</time>
      </trkpt>
      <trkpt lat="50.05275" lon="14.903966666666667">
        <ele>431</ele>
        <time>2025-03-28T15:54:22Z</time>
      </trkpt>
      <trkpt lat="50.05266666666667" lon="14.903983333333333">
        <ele>431</ele>
        <time>2025-03-28T15:54:23Z</time>
      </trkpt>
      <trkpt lat="50.05258333333333" lon="14.903983333333333">
        <ele>431</ele>
        <time>2025-03-28T15:54:24Z</time>
      </trkpt>
      <trkpt lat="50.052483333333335" lon="14.903983333333333">
        <ele>431</ele>
        <time>2025-03-28T15:54:25Z</time>
      </trkpt>
      <trkpt lat="50.0524" lon="14.903983333333333">
        <ele>430</ele>
        <time>2025-03-28T15:54:26Z</time>
      </trkpt>
      <trkpt lat="50.0523" lon="14.904">
        <ele>430</ele>
        <time>2025-03-28T15:54:27Z</time>
      </trkpt>
      <trkpt lat="50.0522" lon="14.904">
        <ele>429</ele>
        <time>2025-03-28T15:54:28Z</time>
      </trkpt>
      <trkpt lat="50.0521" lon="14.904016666666667">
        <ele>429</ele>
        <time>2025-03-28T15:54:29Z</time>
      </trkpt>
      <trkpt lat="50.05201666666667" lon="14.904033333333333">
        <ele>428</ele>
        <time>2025-03-28T15:54:30Z</time>
      </trkpt>
      <trkpt lat="50.05193333333333" lon="14.904033333333333">
        <ele>428</ele>
        <time>2025-03-28T15:54:31Z</time>
      </trkpt>
      <trkpt lat="50.051833333333335" lon="14.904033333333333">
        <ele>428</ele>
        <time>2025-03-28T15:54:32Z</time>
      </trkpt>
      <trkpt lat="50.05173333333333" lon="14.904033333333333">
        <ele>428</ele>
        <time>2025-03-28T15:54:33Z</time>
      </trkpt>
      <trkpt lat="50.05165" lon="14.904033333333333">
        <ele>428</ele>
        <time>2025-03-28T15:54:34Z</time>
      </trkpt>
      <trkpt lat="50.05155" lon="14.90405">
        <ele>428</ele>
        <time>2025-03-28T15:54:35Z</time>
      </trkpt>
      <trkpt lat="50.05146666666667" lon="14.90405">
        <ele>427</ele>
        <time>2025-03-28T15:54:36Z</time>
      </trkpt>
      <trkpt lat="50.05136666666667" lon="14.904066666666667">
        <ele>427</ele>
        <time>2025-03-28T15:54:37Z</time>
      </trkpt>
      <trkpt lat="50.05128333333333" lon="14.90405">
        <ele>427</ele>
        <time>2025-03-28T15:54:38Z</time>
      </trkpt>
      <trkpt lat="50.051183333333334" lon="14.904033333333333">
        <ele>427</ele>
        <time>2025-03-28T15:54:39Z</time>
      </trkpt>
      <trkpt lat="50.0511" lon="14.904016666666667">
        <ele>427</ele>
        <time>2025-03-28T15:54:40Z</time>
      </trkpt>
      <trkpt lat="50.051" lon="14.904">
        <ele>427</ele>
        <time>2025-03-28T15:54:41Z</time>
      </trkpt>
      <trkpt lat="50.050916666666666" lon="14.904">
        <ele>426</ele>
        <time>2025-03-28T15:54:42Z</time>
      </trkpt>
      <trkpt lat="50.05081666666667" lon="14.904">
        <ele>426</ele>
        <time>2025-03-28T15:54:43Z</time>
      </trkpt>
      <trkpt lat="50.050716666666666" lon="14.904016666666667">
        <ele>425</ele>
        <time>2025-03-28T15:54:44Z</time>
      </trkpt>
      <trkpt lat="50.05061666666667" lon="14.904016666666667">
        <ele>425</ele>
        <time>2025-03-28T15:54:45Z</time>
      </trkpt>
      <trkpt lat="50.050533333333334" lon="14.904016666666667">
        <ele>425</ele>
        <time>2025-03-28T15:54:46Z</time>
      </trkpt>
      <trkpt lat="50.05045" lon="14.904">
        <ele>425</ele>
        <time>2025-03-28T15:54:47Z</time>
      </trkpt>
      <trkpt lat="50.05035" lon="14.904016666666667">
        <ele>425</ele>
        <time>2025-03-28T15:54:48Z</time>
      </trkpt>
      <trkpt lat="50.05025" lon="14.904016666666667">
        <ele>424</ele>
        <time>2025-03-28T15:54:49Z</time>
      </trkpt>
      <trkpt lat="50.05015" lon="14.904033333333333">
        <ele>424</ele>
        <time>2025-03-28T15:54:50Z</time>
      </trkpt>
      <trkpt lat="50.05005" lon="14.90405">
        <ele>423</ele>
        <time>2025-03-28T15:54:51Z</time>
      </trkpt>
      <trkpt lat="50.04995" lon="14.904066666666667">
        <ele>422</ele>
        <time>2025-03-28T15:54:52Z</time>
      </trkpt>
      <trkpt lat="50.04985" lon="14.904083333333332">
        <ele>421</ele>
        <time>2025-03-28T15:54:53Z</time>
      </trkpt>
      <trkpt lat="50.04975" lon="14.9041">
        <ele>421</ele>
        <time>2025-03-28T15:54:54Z</time>
      </trkpt>
      <trkpt lat="50.04966666666667" lon="14.904133333333334">
        <ele>420</ele>
        <time>2025-03-28T15:54:55Z</time>
      </trkpt>
      <trkpt lat="50.049566666666664" lon="14.904166666666667">
        <ele>421</ele>
        <time>2025-03-28T15:54:56Z</time>
      </trkpt>
      <trkpt lat="50.04946666666667" lon="14.904183333333334">
        <ele>421</ele>
        <time>2025-03-28T15:54:57Z</time>
      </trkpt>
      <trkpt lat="50.04938333333333" lon="14.9042">
        <ele>421</ele>
        <time>2025-03-28T15:54:58Z</time>
      </trkpt>
      <trkpt lat="50.049283333333335" lon="14.904233333333334">
        <ele>421</ele>
        <time>2025-03-28T15:54:59Z</time>
      </trkpt>
      <trkpt lat="50.0492" lon="14.904266666666667">
        <ele>421</ele>
        <time>2025-03-28T15:55:00Z</time>
      </trkpt>
      <trkpt lat="50.0491" lon="14.9043">
        <ele>421</ele>
        <time>2025-03-28T15:55:01Z</time>
      </trkpt>
      <trkpt lat="50.04901666666667" lon="14.90435">
        <ele>421</ele>
        <time>2025-03-28T15:55:02Z</time>
      </trkpt>
      <trkpt lat="50.04891666666666" lon="14.904383333333334">
        <ele>422</ele>
        <time>2025-03-28T15:55:03Z</time>
      </trkpt>
      <trkpt lat="50.048833333333334" lon="14.904433333333333">
        <ele>422</ele>
        <time>2025-03-28T15:55:04Z</time>
      </trkpt>
      <trkpt lat="50.04875" lon="14.904466666666666">
        <ele>423</ele>
        <time>2025-03-28T15:55:05Z</time>
      </trkpt>
      <trkpt lat="50.04866666666667" lon="14.9045">
        <ele>424</ele>
        <time>2025-03-28T15:55:06Z</time>
      </trkpt>
      <trkpt lat="50.0486" lon="14.904516666666666">
        <ele>424</ele>
        <time>2025-03-28T15:55:07Z</time>
      </trkpt>
      <trkpt lat="50.048516666666664" lon="14.90455">
        <ele>425</ele>
        <time>2025-03-28T15:55:08Z</time>
      </trkpt>
      <trkpt lat="50.048433333333335" lon="14.904566666666666">
        <ele>425</ele>
        <time>2025-03-28T15:55:09Z</time>
      </trkpt>
      <trkpt lat="50.04835" lon="14.904583333333333">
        <ele>425</ele>
        <time>2025-03-28T15:55:10Z</time>
      </trkpt>
      <trkpt lat="50.04826666666666" lon="14.9046">
        <ele>424</ele>
        <time>2025-03-28T15:55:11Z</time>
      </trkpt>
      <trkpt lat="50.048183333333334" lon="14.904633333333333">
        <ele>424</ele>
        <time>2025-03-28T15:55:12Z</time>
      </trkpt>
      <trkpt lat="50.04808333333333" lon="14.904633333333333">
        <ele>424</ele>
        <time>2025-03-28T15:55:13Z</time>
      </trkpt>
      <trkpt lat="50.048" lon="14.904633333333333">
        <ele>424</ele>
        <time>2025-03-28T15:55:14Z</time>
      </trkpt>
      <trkpt lat="50.0479" lon="14.904633333333333">
        <ele>424</ele>
        <time>2025-03-28T15:55:15Z</time>
      </trkpt>
      <trkpt lat="50.04781666666667" lon="14.904633333333333">
        <ele>424</ele>
        <time>2025-03-28T15:55:16Z</time>
      </trkpt>
      <trkpt lat="50.04773333333333" lon="14.904633333333333">
        <ele>424</ele>
        <time>2025-03-28T15:55:17Z</time>
      </trkpt>
      <trkpt lat="50.047666666666665" lon="14.90465">
        <ele>424</ele>
        <time>2025-03-28T15:55:18Z</time>
      </trkpt>
      <trkpt lat="50.047583333333336" lon="14.904666666666667">
        <ele>424</ele>
        <time>2025-03-28T15:55:19Z</time>
      </trkpt>
      <trkpt lat="50.0475" lon="14.9047">
        <ele>424</ele>
        <time>2025-03-28T15:55:20Z</time>
      </trkpt>
      <trkpt lat="50.04741666666666" lon="14.9047">
        <ele>423</ele>
        <time>2025-03-28T15:55:21Z</time>
      </trkpt>
      <trkpt lat="50.047333333333334" lon="14.9047">
        <ele>423</ele>
        <time>2025-03-28T15:55:22Z</time>
      </trkpt>
      <trkpt lat="50.04723333333333" lon="14.9047">
        <ele>423</ele>
        <time>2025-03-28T15:55:23Z</time>
      </trkpt>
      <trkpt lat="50.04715" lon="14.904683333333333">
        <ele>422</ele>
        <time>2025-03-28T15:55:24Z</time>
      </trkpt>
      <trkpt lat="50.047066666666666" lon="14.904683333333333">
        <ele>421</ele>
        <time>2025-03-28T15:55:25Z</time>
      </trkpt>
      <trkpt lat="50.04698333333333" lon="14.904683333333333">
        <ele>420</ele>
        <time>2025-03-28T15:55:26Z</time>
      </trkpt>
      <trkpt lat="50.0469" lon="14.9047">
        <ele>419</ele>
        <time>2025-03-28T15:55:27Z</time>
      </trkpt>
      <trkpt lat="50.0468" lon="14.9047">
        <ele>418</ele>
        <time>2025-03-28T15:55:28Z</time>
      </trkpt>
      <trkpt lat="50.04671666666667" lon="14.904716666666667">
        <ele>417</ele>
        <time>2025-03-28T15:55:29Z</time>
      </trkpt>
      <trkpt lat="50.04665" lon="14.90475">
        <ele>415</ele>
        <time>2025-03-28T15:55:30Z</time>
      </trkpt>
      <trkpt lat="50.04656666666666" lon="14.904766666666667">
        <ele>414</ele>
        <time>2025-03-28T15:55:31Z</time>
      </trkpt>
      <trkpt lat="50.04646666666667" lon="14.904816666666667">
        <ele>413</ele>
        <time>2025-03-28T15:55:32Z</time>
      </trkpt>
      <trkpt lat="50.04638333333333" lon="14.90485">
        <ele>411</ele>
        <time>2025-03-28T15:55:33Z</time>
      </trkpt>
      <trkpt lat="50.0463" lon="14.904866666666667">
        <ele>410</ele>
        <time>2025-03-28T15:55:34Z</time>
      </trkpt>
      <trkpt lat="50.0462" lon="14.904883333333334">
        <ele>410</ele>
        <time>2025-03-28T15:55:35Z</time>
      </trkpt>
      <trkpt lat="50.04613333333333" lon="14.9049">
        <ele>411</ele>
        <time>2025-03-28T15:55:36Z</time>
      </trkpt>
      <trkpt lat="50.04605" lon="14.904916666666667">
        <ele>411</ele>
        <time>2025-03-28T15:55:37Z</time>
      </trkpt>
      <trkpt lat="50.04598333333333" lon="14.90495">
        <ele>411</ele>
        <time>2025-03-28T15:55:38Z</time>
      </trkpt>
      <trkpt lat="50.0459" lon="14.905">
        <ele>411</ele>
        <time>2025-03-28T15:55:39Z</time>
      </trkpt>
      <trkpt lat="50.0458" lon="14.905033333333334">
        <ele>411</ele>
        <time>2025-03-28T15:55:40Z</time>
      </trkpt>
      <trkpt lat="50.045716666666664" lon="14.905066666666666">
        <ele>412</ele>
        <time>2025-03-28T15:55:41Z</time>
      </trkpt>
      <trkpt lat="50.045633333333335" lon="14.9051">
        <ele>412</ele>
        <time>2025-03-28T15:55:42Z</time>
      </trkpt>
      <trkpt lat="50.045566666666666" lon="14.90515">
        <ele>413</ele>
        <time>2025-03-28T15:55:43Z</time>
      </trkpt>
      <trkpt lat="50.0455" lon="14.9052">
        <ele>413</ele>
        <time>2025-03-28T15:55:44Z</time>
      </trkpt>
      <trkpt lat="50.045433333333335" lon="14.905233333333333">
        <ele>414</ele>
        <time>2025-03-28T15:55:45Z</time>
      </trkpt>
      <trkpt lat="50.04533333333333" lon="14.90525">
        <ele>415</ele>
        <time>2025-03-28T15:55:46Z</time>
      </trkpt>
      <trkpt lat="50.04525" lon="14.90525">
        <ele>415</ele>
        <time>2025-03-28T15:55:47Z</time>
      </trkpt>
      <trkpt lat="50.04515" lon="14.905283333333333">
        <ele>416</ele>
        <time>2025-03-28T15:55:48Z</time>
      </trkpt>
      <trkpt lat="50.04506666666666" lon="14.905333333333333">
        <ele>417</ele>
        <time>2025-03-28T15:55:49Z</time>
      </trkpt>
      <trkpt lat="50.044983333333334" lon="14.905366666666668">
        <ele>417</ele>
        <time>2025-03-28T15:55:50Z</time>
      </trkpt>
      <trkpt lat="50.044916666666666" lon="14.905383333333333">
        <ele>417</ele>
        <time>2025-03-28T15:55:51Z</time>
      </trkpt>
      <trkpt lat="50.04481666666667" lon="14.9054">
        <ele>418</ele>
        <time>2025-03-28T15:55:52Z</time>
      </trkpt>
      <trkpt lat="50.04473333333333" lon="14.905383333333333">
        <ele>418</ele>
        <time>2025-03-28T15:55:53Z</time>
      </trkpt>
      <trkpt lat="50.04465" lon="14.905383333333333">
        <ele>418</ele>
        <time>2025-03-28T15:55:54Z</time>
      </trkpt>
      <trkpt lat="50.044583333333335" lon="14.9054">
        <ele>418</ele>
        <time>2025-03-28T15:55:55Z</time>
      </trkpt>
      <trkpt lat="50.04451666666667" lon="14.905433333333333">
        <ele>419</ele>
        <time>2025-03-28T15:55:56Z</time>
      </trkpt>
      <trkpt lat="50.04443333333333" lon="14.90545">
        <ele>419</ele>
        <time>2025-03-28T15:55:57Z</time>
      </trkpt>
      <trkpt lat="50.04435" lon="14.90545">
        <ele>419</ele>
        <time>2025-03-28T15:55:58Z</time>
      </trkpt>
      <trkpt lat="50.044266666666665" lon="14.90545">
        <ele>418</ele>
        <time>2025-03-28T15:55:59Z</time>
      </trkpt>
      <trkpt lat="50.044183333333336" lon="14.905466666666667">
        <ele>418</ele>
        <time>2025-03-28T15:56:00Z</time>
      </trkpt>
      <trkpt lat="50.0441" lon="14.905466666666667">
        <ele>417</ele>
        <time>2025-03-28T15:56:01Z</time>
      </trkpt>
      <trkpt lat="50.044016666666664" lon="14.905466666666667">
        <ele>417</ele>
        <time>2025-03-28T15:56:02Z</time>
      </trkpt>
      <trkpt lat="50.04391666666667" lon="14.90545">
        <ele>417</ele>
        <time>2025-03-28T15:56:03Z</time>
      </trkpt>
      <trkpt lat="50.04385" lon="14.90545">
        <ele>418</ele>
        <time>2025-03-28T15:56:04Z</time>
      </trkpt>
      <trkpt lat="50.04378333333333" lon="14.905433333333333">
        <ele>419</ele>
        <time>2025-03-28T15:56:05Z</time>
      </trkpt>
      <trkpt lat="50.0437" lon="14.905416666666667">
        <ele>420</ele>
        <time>2025-03-28T15:56:06Z</time>
      </trkpt>
      <trkpt lat="50.043616666666665" lon="14.905416666666667">
        <ele>421</ele>
        <time>2025-03-28T15:56:07Z</time>
      </trkpt>
      <trkpt lat="50.043533333333336" lon="14.905383333333333">
        <ele>422</ele>
        <time>2025-03-28T15:56:08Z</time>
      </trkpt>
      <trkpt lat="50.04345" lon="14.905366666666668">
        <ele>423</ele>
        <time>2025-03-28T15:56:09Z</time>
      </trkpt>
      <trkpt lat="50.04335" lon="14.905333333333333">
        <ele>423</ele>
        <time>2025-03-28T15:56:10Z</time>
      </trkpt>
      <trkpt lat="50.04326666666667" lon="14.9053">
        <ele>423</ele>
        <time>2025-03-28T15:56:11Z</time>
      </trkpt>
      <trkpt lat="50.043166666666664" lon="14.9053">
        <ele>423</ele>
        <time>2025-03-28T15:56:12Z</time>
      </trkpt>
      <trkpt lat="50.04306666666667" lon="14.9053">
        <ele>423</ele>
        <time>2025-03-28T15:56:13Z</time>
      </trkpt>
      <trkpt lat="50.04298333333333" lon="14.905316666666666">
        <ele>423</ele>
        <time>2025-03-28T15:56:14Z</time>
      </trkpt>
      <trkpt lat="50.0429" lon="14.905316666666666">
        <ele>423</ele>
        <time>2025-03-28T15:56:15Z</time>
      </trkpt>
      <trkpt lat="50.04281666666667" lon="14.905316666666666">
        <ele>423</ele>
        <time>2025-03-28T15:56:16Z</time>
      </trkpt>
      <trkpt lat="50.04273333333333" lon="14.905316666666666">
        <ele>423</ele>
        <time>2025-03-28T15:56:17Z</time>
      </trkpt>
      <trkpt lat="50.04265" lon="14.905316666666666">
        <ele>423</ele>
        <time>2025-03-28T15:56:18Z</time>
      </trkpt>
      <trkpt lat="50.04255" lon="14.90535">
        <ele>423</ele>
        <time>2025-03-28T15:56:19Z</time>
      </trkpt>
      <trkpt lat="50.04248333333334" lon="14.905366666666668">
        <ele>422</ele>
        <time>2025-03-28T15:56:20Z</time>
      </trkpt>
      <trkpt lat="50.04238333333333" lon="14.905366666666668">
        <ele>422</ele>
        <time>2025-03-28T15:56:21Z</time>
      </trkpt>
      <trkpt lat="50.0423" lon="14.90535">
        <ele>422</ele>
        <time>2025-03-28T15:56:22Z</time>
      </trkpt>
      <trkpt lat="50.04221666666667" lon="14.905316666666666">
        <ele>422</ele>
        <time>2025-03-28T15:56:23Z</time>
      </trkpt>
      <trkpt lat="50.04213333333333" lon="14.9053">
        <ele>422</ele>
        <time>2025-03-28T15:56:24Z</time>
      </trkpt>
      <trkpt lat="50.042033333333336" lon="14.9053">
        <ele>421</ele>
        <time>2025-03-28T15:56:25Z</time>
      </trkpt>
      <trkpt lat="50.04195" lon="14.905316666666666">
        <ele>421</ele>
        <time>2025-03-28T15:56:26Z</time>
      </trkpt>
      <trkpt lat="50.041866666666664" lon="14.905316666666666">
        <ele>421</ele>
        <time>2025-03-28T15:56:27Z</time>
      </trkpt>
      <trkpt lat="50.0418" lon="14.9053">
        <ele>420</ele>
        <time>2025-03-28T15:56:28Z</time>
      </trkpt>
      <trkpt lat="50.041716666666666" lon="14.905283333333333">
        <ele>421</ele>
        <time>2025-03-28T15:56:29Z</time>
      </trkpt>
      <trkpt lat="50.04163333333333" lon="14.905266666666666">
        <ele>420</ele>
        <time>2025-03-28T15:56:30Z</time>
      </trkpt>
      <trkpt lat="50.04155" lon="14.90525">
        <ele>420</ele>
        <time>2025-03-28T15:56:31Z</time>
      </trkpt>
      <trkpt lat="50.041466666666665" lon="14.90525">
        <ele>419</ele>
        <time>2025-03-28T15:56:32Z</time>
      </trkpt>
      <trkpt lat="50.04136666666667" lon="14.905233333333333">
        <ele>419</ele>
        <time>2025-03-28T15:56:33Z</time>
      </trkpt>
      <trkpt lat="50.04128333333333" lon="14.905216666666666">
        <ele>418</ele>
        <time>2025-03-28T15:56:34Z</time>
      </trkpt>
      <trkpt lat="50.0412" lon="14.9052">
        <ele>418</ele>
        <time>2025-03-28T15:56:35Z</time>
      </trkpt>
      <trkpt lat="50.04111666666667" lon="14.9052">
        <ele>418</ele>
        <time>2025-03-28T15:56:36Z</time>
      </trkpt>
      <trkpt lat="50.04103333333333" lon="14.905183333333333">
        <ele>419</ele>
        <time>2025-03-28T15:56:37Z</time>
      </trkpt>
      <trkpt lat="50.04095" lon="14.905183333333333">
        <ele>419</ele>
        <time>2025-03-28T15:56:38Z</time>
      </trkpt>
      <trkpt lat="50.040866666666666" lon="14.905183333333333">
        <ele>420</ele>
        <time>2025-03-28T15:56:39Z</time>
      </trkpt>
      <trkpt lat="50.04078333333333" lon="14.905183333333333">
        <ele>420</ele>
        <time>2025-03-28T15:56:40Z</time>
      </trkpt>
      <trkpt lat="50.0407" lon="14.905183333333333">
        <ele>421</ele>
        <time>2025-03-28T15:56:41Z</time>
      </trkpt>
      <trkpt lat="50.04063333333333" lon="14.905183333333333">
        <ele>422</ele>
        <time>2025-03-28T15:56:42Z</time>
      </trkpt>
      <trkpt lat="50.04055" lon="14.905183333333333">
        <ele>422</ele>
        <time>2025-03-28T15:56:43Z</time>
      </trkpt>
      <trkpt lat="50.04046666666667" lon="14.9052">
        <ele>422</ele>
        <time>2025-03-28T15:56:44Z</time>
      </trkpt>
      <trkpt lat="50.0404" lon="14.9052">
        <ele>422</ele>
        <time>2025-03-28T15:56:45Z</time>
      </trkpt>
      <trkpt lat="50.04031666666667" lon="14.9052">
        <ele>422</ele>
        <time>2025-03-28T15:56:46Z</time>
      </trkpt>
      <trkpt lat="50.04023333333333" lon="14.9052">
        <ele>421</ele>
        <time>2025-03-28T15:56:47Z</time>
      </trkpt>
      <trkpt lat="50.04015" lon="14.905216666666666">
        <ele>421</ele>
        <time>2025-03-28T15:56:48Z</time>
      </trkpt>
      <trkpt lat="50.04006666666667" lon="14.905216666666666">
        <ele>420</ele>
        <time>2025-03-28T15:56:49Z</time>
      </trkpt>
      <trkpt lat="50.03998333333333" lon="14.905216666666666">
        <ele>419</ele>
        <time>2025-03-28T15:56:50Z</time>
      </trkpt>
      <trkpt lat="50.039883333333336" lon="14.905216666666666">
        <ele>419</ele>
        <time>2025-03-28T15:56:51Z</time>
      </trkpt>
      <trkpt lat="50.0398" lon="14.905216666666666">
        <ele>418</ele>
        <time>2025-03-28T15:56:52Z</time>
      </trkpt>
      <trkpt lat="50.03971666666666" lon="14.905233333333333">
        <ele>417</ele>
        <time>2025-03-28T15:56:53Z</time>
      </trkpt>
      <trkpt lat="50.039633333333335" lon="14.90525">
        <ele>416</ele>
        <time>2025-03-28T15:56:54Z</time>
      </trkpt>
      <trkpt lat="50.03955" lon="14.905266666666666">
        <ele>415</ele>
        <time>2025-03-28T15:56:55Z</time>
      </trkpt>
      <trkpt lat="50.03946666666667" lon="14.905283333333333">
        <ele>414</ele>
        <time>2025-03-28T15:56:56Z</time>
      </trkpt>
      <trkpt lat="50.03938333333333" lon="14.905283333333333">
        <ele>413</ele>
        <time>2025-03-28T15:56:57Z</time>
      </trkpt>
      <trkpt lat="50.03928333333333" lon="14.9053">
        <ele>412</ele>
        <time>2025-03-28T15:56:58Z</time>
      </trkpt>
      <trkpt lat="50.0392" lon="14.905316666666666">
        <ele>412</ele>
        <time>2025-03-28T15:56:59Z</time>
      </trkpt>
      <trkpt lat="50.03913333333333" lon="14.90535">
        <ele>412</ele>
        <time>2025-03-28T15:57:00Z</time>
      </trkpt>
      <trkpt lat="50.03905" lon="14.905366666666668">
        <ele>412</ele>
        <time>2025-03-28T15:57:01Z</time>
      </trkpt>
      <trkpt lat="50.03896666666667" lon="14.9054">
        <ele>411</ele>
        <time>2025-03-28T15:57:02Z</time>
      </trkpt>
      <trkpt lat="50.03888333333333" lon="14.905433333333333">
        <ele>411</ele>
        <time>2025-03-28T15:57:03Z</time>
      </trkpt>
      <trkpt lat="50.03881666666667" lon="14.90545">
        <ele>410</ele>
        <time>2025-03-28T15:57:04Z</time>
      </trkpt>
      <trkpt lat="50.03873333333333" lon="14.905466666666667">
        <ele>410</ele>
        <time>2025-03-28T15:57:05Z</time>
      </trkpt>
      <trkpt lat="50.03865" lon="14.905483333333333">
        <ele>410</ele>
        <time>2025-03-28T15:57:06Z</time>
      </trkpt>
      <trkpt lat="50.03856666666667" lon="14.905516666666667">
        <ele>410</ele>
        <time>2025-03-28T15:57:07Z</time>
      </trkpt>
      <trkpt lat="50.03848333333333" lon="14.905533333333333">
        <ele>410</ele>
        <time>2025-03-28T15:57:08Z</time>
      </trkpt>
      <trkpt lat="50.038383333333336" lon="14.905533333333333">
        <ele>410</ele>
        <time>2025-03-28T15:57:09Z</time>
      </trkpt>
      <trkpt lat="50.0383" lon="14.905533333333333">
        <ele>411</ele>
        <time>2025-03-28T15:57:10Z</time>
      </trkpt>
      <trkpt lat="50.03821666666666" lon="14.905516666666667">
        <ele>411</ele>
        <time>2025-03-28T15:57:11Z</time>
      </trkpt>
      <trkpt lat="50.038133333333334" lon="14.905516666666667">
        <ele>412</ele>
        <time>2025-03-28T15:57:12Z</time>
      </trkpt>
      <trkpt lat="50.03805" lon="14.905533333333333">
        <ele>412</ele>
        <time>2025-03-28T15:57:13Z</time>
      </trkpt>
      <trkpt lat="50.03796666666667" lon="14.90555">
        <ele>412</ele>
        <time>2025-03-28T15:57:14Z</time>
      </trkpt>
      <trkpt lat="50.03788333333333" lon="14.905566666666667">
        <ele>412</ele>
        <time>2025-03-28T15:57:15Z</time>
      </trkpt>
      <trkpt lat="50.03778333333333" lon="14.90555">
        <ele>412</ele>
        <time>2025-03-28T15:57:16Z</time>
      </trkpt>
      <trkpt lat="50.037683333333334" lon="14.905516666666667">
        <ele>411</ele>
        <time>2025-03-28T15:57:17Z</time>
      </trkpt>
      <trkpt lat="50.03758333333333" lon="14.9055">
        <ele>411</ele>
        <time>2025-03-28T15:57:18Z</time>
      </trkpt>
      <trkpt lat="50.0375" lon="14.9055">
        <ele>411</ele>
        <time>2025-03-28T15:57:19Z</time>
      </trkpt>
      <trkpt lat="50.03743333333333" lon="14.905516666666667">
        <ele>412</ele>
        <time>2025-03-28T15:57:20Z</time>
      </trkpt>
      <trkpt lat="50.03735" lon="14.905533333333333">
        <ele>413</ele>
        <time>2025-03-28T15:57:21Z</time>
      </trkpt>
      <trkpt lat="50.03726666666667" lon="14.905516666666667">
        <ele>413</ele>
        <time>2025-03-28T15:57:22Z</time>
      </trkpt>
      <trkpt lat="50.03718333333333" lon="14.905516666666667">
        <ele>413</ele>
        <time>2025-03-28T15:57:23Z</time>
      </trkpt>
      <trkpt lat="50.037083333333335" lon="14.9055">
        <ele>412</ele>
        <time>2025-03-28T15:57:24Z</time>
      </trkpt>
      <trkpt lat="50.03698333333333" lon="14.9055">
        <ele>412</ele>
        <time>2025-03-28T15:57:25Z</time>
      </trkpt>
      <trkpt lat="50.036883333333336" lon="14.905483333333333">
        <ele>411</ele>
        <time>2025-03-28T15:57:26Z</time>
      </trkpt>
      <trkpt lat="50.0368" lon="14.905483333333333">
        <ele>412</ele>
        <time>2025-03-28T15:57:27Z</time>
      </trkpt>
      <trkpt lat="50.03671666666666" lon="14.905483333333333">
        <ele>412</ele>
        <time>2025-03-28T15:57:28Z</time>
      </trkpt>
      <trkpt lat="50.036633333333334" lon="14.905483333333333">
        <ele>413</ele>
        <time>2025-03-28T15:57:29Z</time>
      </trkpt>
      <trkpt lat="50.03655" lon="14.9055">
        <ele>414</ele>
        <time>2025-03-28T15:57:30Z</time>
      </trkpt>
      <trkpt lat="50.03645" lon="14.9055">
        <ele>414</ele>
        <time>2025-03-28T15:57:31Z</time>
      </trkpt>
      <trkpt lat="50.03635" lon="14.9055">
        <ele>415</ele>
        <time>2025-03-28T15:57:32Z</time>
      </trkpt>
      <trkpt lat="50.03626666666667" lon="14.9055">
        <ele>416</ele>
        <time>2025-03-28T15:57:33Z</time>
      </trkpt>
      <trkpt lat="50.036183333333334" lon="14.9055">
        <ele>418</ele>
        <time>2025-03-28T15:57:34Z</time>
      </trkpt>
      <trkpt lat="50.0361" lon="14.9055">
        <ele>419</ele>
        <time>2025-03-28T15:57:35Z</time>
      </trkpt>
      <trkpt lat="50.03601666666667" lon="14.905516666666667">
        <ele>421</ele>
        <time>2025-03-28T15:57:36Z</time>
      </trkpt>
      <trkpt lat="50.035916666666665" lon="14.905533333333333">
        <ele>423</ele>
        <time>2025-03-28T15:57:37Z</time>
      </trkpt>
      <trkpt lat="50.035833333333336" lon="14.90555">
        <ele>424</ele>
        <time>2025-03-28T15:57:38Z</time>
      </trkpt>
      <trkpt lat="50.03575" lon="14.90555">
        <ele>426</ele>
        <time>2025-03-28T15:57:39Z</time>
      </trkpt>
      <trkpt lat="50.035666666666664" lon="14.90555">
        <ele>428</ele>
        <time>2025-03-28T15:57:40Z</time>
      </trkpt>
      <trkpt lat="50.035583333333335" lon="14.90555">
        <ele>430</ele>
        <time>2025-03-28T15:57:41Z</time>
      </trkpt>
      <trkpt lat="50.0355" lon="14.905566666666667">
        <ele>432</ele>
        <time>2025-03-28T15:57:42Z</time>
      </trkpt>
      <trkpt lat="50.0354" lon="14.905566666666667">
        <ele>433</ele>
        <time>2025-03-28T15:57:43Z</time>
      </trkpt>
      <trkpt lat="50.0353" lon="14.905566666666667">
        <ele>433</ele>
        <time>2025-03-28T15:57:44Z</time>
      </trkpt>
      <trkpt lat="50.035183333333336" lon="14.905583333333333">
        <ele>433</ele>
        <time>2025-03-28T15:57:45Z</time>
      </trkpt>
      <trkpt lat="50.0351" lon="14.905583333333333">
        <ele>434</ele>
        <time>2025-03-28T15:57:46Z</time>
      </trkpt>
      <trkpt lat="50.035" lon="14.905583333333333">
        <ele>435</ele>
        <time>2025-03-28T15:57:47Z</time>
      </trkpt>
      <trkpt lat="50.0349" lon="14.9056">
        <ele>436</ele>
        <time>2025-03-28T15:57:48Z</time>
      </trkpt>
      <trkpt lat="50.034816666666664" lon="14.905583333333333">
        <ele>438</ele>
        <time>2025-03-28T15:57:49Z</time>
      </trkpt>
      <trkpt lat="50.03471666666667" lon="14.905583333333333">
        <ele>440</ele>
        <time>2025-03-28T15:57:50Z</time>
      </trkpt>
      <trkpt lat="50.03463333333333" lon="14.905583333333333">
        <ele>442</ele>
        <time>2025-03-28T15:57:51Z</time>
      </trkpt>
      <trkpt lat="50.03455" lon="14.905566666666667">
        <ele>444</ele>
        <time>2025-03-28T15:57:52Z</time>
      </trkpt>
      <trkpt lat="50.034483333333334" lon="14.90555">
        <ele>446</ele>
        <time>2025-03-28T15:57:53Z</time>
      </trkpt>
      <trkpt lat="50.0344" lon="14.905533333333333">
        <ele>448</ele>
        <time>2025-03-28T15:57:54Z</time>
      </trkpt>
      <trkpt lat="50.03431666666667" lon="14.905516666666667">
        <ele>450</ele>
        <time>2025-03-28T15:57:55Z</time>
      </trkpt>
      <trkpt lat="50.034216666666666" lon="14.905516666666667">
        <ele>450</ele>
        <time>2025-03-28T15:57:56Z</time>
      </trkpt>
      <trkpt lat="50.03411666666667" lon="14.905533333333333">
        <ele>450</ele>
        <time>2025-03-28T15:57:57Z</time>
      </trkpt>
      <trkpt lat="50.034016666666666" lon="14.90555">
        <ele>450</ele>
        <time>2025-03-28T15:57:58Z</time>
      </trkpt>
      <trkpt lat="50.03393333333333" lon="14.90555">
        <ele>451</ele>
        <time>2025-03-28T15:57:59Z</time>
      </trkpt>
      <trkpt lat="50.033833333333334" lon="14.90555">
        <ele>452</ele>
        <time>2025-03-28T15:58:00Z</time>
      </trkpt>
      <trkpt lat="50.03375" lon="14.90555">
        <ele>453</ele>
        <time>2025-03-28T15:58:01Z</time>
      </trkpt>
      <trkpt lat="50.03365" lon="14.905566666666667">
        <ele>454</ele>
        <time>2025-03-28T15:58:02Z</time>
      </trkpt>
      <trkpt lat="50.03355" lon="14.905566666666667">
        <ele>455</ele>
        <time>2025-03-28T15:58:03Z</time>
      </trkpt>
      <trkpt lat="50.03345" lon="14.905583333333333">
        <ele>456</ele>
        <time>2025-03-28T15:58:04Z</time>
      </trkpt>
      <trkpt lat="50.033366666666666" lon="14.905583333333333">
        <ele>457</ele>
        <time>2025-03-28T15:58:05Z</time>
      </trkpt>
      <trkpt lat="50.03326666666667" lon="14.905583333333333">
        <ele>458</ele>
        <time>2025-03-28T15:58:06Z</time>
      </trkpt>
      <trkpt lat="50.033183333333334" lon="14.9056">
        <ele>460</ele>
        <time>2025-03-28T15:58:07Z</time>
      </trkpt>
      <trkpt lat="50.0331" lon="14.9056">
        <ele>461</ele>
        <time>2025-03-28T15:58:08Z</time>
      </trkpt>
      <trkpt lat="50.03301666666667" lon="14.9056">
        <ele>463</ele>
        <time>2025-03-28T15:58:09Z</time>
      </trkpt>
      <trkpt lat="50.03293333333333" lon="14.9056">
        <ele>464</ele>
        <time>2025-03-28T15:58:10Z</time>
      </trkpt>
      <trkpt lat="50.032833333333336" lon="14.905566666666667">
        <ele>465</ele>
        <time>2025-03-28T15:58:11Z</time>
      </trkpt>
      <trkpt lat="50.03273333333333" lon="14.90555">
        <ele>464</ele>
        <time>2025-03-28T15:58:12Z</time>
      </trkpt>
      <trkpt lat="50.03263333333334" lon="14.90555">
        <ele>465</ele>
        <time>2025-03-28T15:58:13Z</time>
      </trkpt>
      <trkpt lat="50.03255" lon="14.905533333333333">
        <ele>465</ele>
        <time>2025-03-28T15:58:14Z</time>
      </trkpt>
      <trkpt lat="50.032466666666664" lon="14.905533333333333">
        <ele>466</ele>
        <time>2025-03-28T15:58:15Z</time>
      </trkpt>
      <trkpt lat="50.032383333333335" lon="14.905516666666667">
        <ele>468</ele>
        <time>2025-03-28T15:58:16Z</time>
      </trkpt>
      <trkpt lat="50.0323" lon="14.9055">
        <ele>469</ele>
        <time>2025-03-28T15:58:17Z</time>
      </trkpt>
      <trkpt lat="50.03223333333333" lon="14.905466666666667">
        <ele>471</ele>
        <time>2025-03-28T15:58:18Z</time>
      </trkpt>
      <trkpt lat="50.032133333333334" lon="14.90545">
        <ele>472</ele>
        <time>2025-03-28T15:58:19Z</time>
      </trkpt>
      <trkpt lat="50.03205" lon="14.905433333333333">
        <ele>473</ele>
        <time>2025-03-28T15:58:20Z</time>
      </trkpt>
      <trkpt lat="50.03196666666667" lon="14.9054">
        <ele>474</ele>
        <time>2025-03-28T15:58:21Z</time>
      </trkpt>
      <trkpt lat="50.031866666666666" lon="14.905383333333333">
        <ele>474</ele>
        <time>2025-03-28T15:58:22Z</time>
      </trkpt>
      <trkpt lat="50.03178333333334" lon="14.90535">
        <ele>475</ele>
        <time>2025-03-28T15:58:23Z</time>
      </trkpt>
      <trkpt lat="50.03171666666667" lon="14.905333333333333">
        <ele>476</ele>
        <time>2025-03-28T15:58:24Z</time>
      </trkpt>
      <trkpt lat="50.03163333333333" lon="14.905333333333333">
        <ele>477</ele>
        <time>2025-03-28T15:58:25Z</time>
      </trkpt>
      <trkpt lat="50.03155" lon="14.905316666666666">
        <ele>478</ele>
        <time>2025-03-28T15:58:26Z</time>
      </trkpt>
      <trkpt lat="50.03146666666667" lon="14.9053">
        <ele>478</ele>
        <time>2025-03-28T15:58:27Z</time>
      </trkpt>
      <trkpt lat="50.03136666666666" lon="14.905283333333333">
        <ele>478</ele>
        <time>2025-03-28T15:58:28Z</time>
      </trkpt>
      <trkpt lat="50.031283333333334" lon="14.905283333333333">
        <ele>479</ele>
        <time>2025-03-28T15:58:29Z</time>
      </trkpt>
      <trkpt lat="50.0312" lon="14.905283333333333">
        <ele>479</ele>
        <time>2025-03-28T15:58:30Z</time>
      </trkpt>
      <trkpt lat="50.03113333333334" lon="14.9053">
        <ele>480</ele>
        <time>2025-03-28T15:58:31Z</time>
      </trkpt>
      <trkpt lat="50.03105" lon="14.905316666666666">
        <ele>481</ele>
        <time>2025-03-28T15:58:32Z</time>
      </trkpt>
      <trkpt lat="50.030966666666664" lon="14.905333333333333">
        <ele>481</ele>
        <time>2025-03-28T15:58:33Z</time>
      </trkpt>
      <trkpt lat="50.030883333333335" lon="14.90535">
        <ele>482</ele>
        <time>2025-03-28T15:58:34Z</time>
      </trkpt>
      <trkpt lat="50.0308" lon="14.905366666666668">
        <ele>482</ele>
        <time>2025-03-28T15:58:35Z</time>
      </trkpt>
      <trkpt lat="50.03073333333333" lon="14.905383333333333">
        <ele>483</ele>
        <time>2025-03-28T15:58:36Z</time>
      </trkpt>
      <trkpt lat="50.03065" lon="14.9054">
        <ele>484</ele>
        <time>2025-03-28T15:58:37Z</time>
      </trkpt>
      <trkpt lat="50.030566666666665" lon="14.905416666666667">
        <ele>485</ele>
        <time>2025-03-28T15:58:38Z</time>
      </trkpt>
      <trkpt lat="50.0305" lon="14.90545">
        <ele>485</ele>
        <time>2025-03-28T15:58:39Z</time>
      </trkpt>
      <trkpt lat="50.0304" lon="14.905483333333333">
        <ele>485</ele>
        <time>2025-03-28T15:58:40Z</time>
      </trkpt>
      <trkpt lat="50.030316666666664" lon="14.905516666666667">
        <ele>485</ele>
        <time>2025-03-28T15:58:41Z</time>
      </trkpt>
      <trkpt lat="50.030233333333335" lon="14.90555">
        <ele>484</ele>
        <time>2025-03-28T15:58:42Z</time>
      </trkpt>
      <trkpt lat="50.03015" lon="14.905583333333333">
        <ele>484</ele>
        <time>2025-03-28T15:58:43Z</time>
      </trkpt>
      <trkpt lat="50.03006666666667" lon="14.905616666666667">
        <ele>484</ele>
        <time>2025-03-28T15:58:44Z</time>
      </trkpt>
      <trkpt lat="50.029983333333334" lon="14.90565">
        <ele>485</ele>
        <time>2025-03-28T15:58:45Z</time>
      </trkpt>
      <trkpt lat="50.029916666666665" lon="14.905666666666667">
        <ele>485</ele>
        <time>2025-03-28T15:58:46Z</time>
      </trkpt>
      <trkpt lat="50.029833333333336" lon="14.9057">
        <ele>485</ele>
        <time>2025-03-28T15:58:47Z</time>
      </trkpt>
      <trkpt lat="50.02975" lon="14.905733333333334">
        <ele>485</ele>
        <time>2025-03-28T15:58:48Z</time>
      </trkpt>
      <trkpt lat="50.029666666666664" lon="14.905783333333334">
        <ele>484</ele>
        <time>2025-03-28T15:58:49Z</time>
      </trkpt>
      <trkpt lat="50.029583333333335" lon="14.905833333333334">
        <ele>484</ele>
        <time>2025-03-28T15:58:50Z</time>
      </trkpt>
      <trkpt lat="50.0295" lon="14.905866666666666">
        <ele>484</ele>
        <time>2025-03-28T15:58:51Z</time>
      </trkpt>
      <trkpt lat="50.02941666666667" lon="14.905916666666666">
        <ele>483</ele>
        <time>2025-03-28T15:58:52Z</time>
      </trkpt>
      <trkpt lat="50.029316666666666" lon="14.905966666666666">
        <ele>483</ele>
        <time>2025-03-28T15:58:53Z</time>
      </trkpt>
      <trkpt lat="50.02923333333333" lon="14.906">
        <ele>483</ele>
        <time>2025-03-28T15:58:54Z</time>
      </trkpt>
      <trkpt lat="50.02915" lon="14.90605">
        <ele>483</ele>
        <time>2025-03-28T15:58:55Z</time>
      </trkpt>
      <trkpt lat="50.029066666666665" lon="14.9061">
        <ele>482</ele>
        <time>2025-03-28T15:58:56Z</time>
      </trkpt>
      <trkpt lat="50.02896666666667" lon="14.906133333333333">
        <ele>481</ele>
        <time>2025-03-28T15:58:57Z</time>
      </trkpt>
      <trkpt lat="50.02888333333333" lon="14.906183333333333">
        <ele>480</ele>
        <time>2025-03-28T15:58:58Z</time>
      </trkpt>
      <trkpt lat="50.02878333333334" lon="14.906233333333333">
        <ele>479</ele>
        <time>2025-03-28T15:58:59Z</time>
      </trkpt>
      <trkpt lat="50.0287" lon="14.906283333333333">
        <ele>479</ele>
        <time>2025-03-28T15:59:00Z</time>
      </trkpt>
      <trkpt lat="50.0286" lon="14.906333333333333">
        <ele>478</ele>
        <time>2025-03-28T15:59:01Z</time>
      </trkpt>
      <trkpt lat="50.02851666666667" lon="14.9064">
        <ele>477</ele>
        <time>2025-03-28T15:59:02Z</time>
      </trkpt>
      <trkpt lat="50.02843333333333" lon="14.90645">
        <ele>477</ele>
        <time>2025-03-28T15:59:03Z</time>
      </trkpt>
      <trkpt lat="50.02835" lon="14.906516666666667">
        <ele>476</ele>
        <time>2025-03-28T15:59:04Z</time>
      </trkpt>
      <trkpt lat="50.028283333333334" lon="14.9066">
        <ele>476</ele>
        <time>2025-03-28T15:59:05Z</time>
      </trkpt>
      <trkpt lat="50.0282" lon="14.90665">
        <ele>476</ele>
        <time>2025-03-28T15:59:06Z</time>
      </trkpt>
      <trkpt lat="50.02811666666667" lon="14.906716666666666">
        <ele>477</ele>
        <time>2025-03-28T15:59:07Z</time>
      </trkpt>
      <trkpt lat="50.02805" lon="14.90675">
        <ele>477</ele>
        <time>2025-03-28T15:59:08Z</time>
      </trkpt>
      <trkpt lat="50.027966666666664" lon="14.9068">
        <ele>477</ele>
        <time>2025-03-28T15:59:09Z</time>
      </trkpt>
      <trkpt lat="50.027883333333335" lon="14.90685">
        <ele>477</ele>
        <time>2025-03-28T15:59:10Z</time>
      </trkpt>
      <trkpt lat="50.0278" lon="14.9069">
        <ele>476</ele>
        <time>2025-03-28T15:59:11Z</time>
      </trkpt>
      <trkpt lat="50.0277" lon="14.906966666666667">
        <ele>475</ele>
        <time>2025-03-28T15:59:12Z</time>
      </trkpt>
      <trkpt lat="50.0276" lon="14.907033333333333">
        <ele>474</ele>
        <time>2025-03-28T15:59:13Z</time>
      </trkpt>
      <trkpt lat="50.0275" lon="14.9071">
        <ele>473</ele>
        <time>2025-03-28T15:59:14Z</time>
      </trkpt>
      <trkpt lat="50.0274" lon="14.907183333333334">
        <ele>471</ele>
        <time>2025-03-28T15:59:15Z</time>
      </trkpt>
      <trkpt lat="50.027316666666664" lon="14.907266666666667">
        <ele>470</ele>
        <time>2025-03-28T15:59:16Z</time>
      </trkpt>
      <trkpt lat="50.027233333333335" lon="14.90735">
        <ele>469</ele>
        <time>2025-03-28T15:59:17Z</time>
      </trkpt>
      <trkpt lat="50.02715" lon="14.907433333333334">
        <ele>468</ele>
        <time>2025-03-28T15:59:18Z</time>
      </trkpt>
      <trkpt lat="50.02706666666667" lon="14.907533333333333">
        <ele>468</ele>
        <time>2025-03-28T15:59:19Z</time>
      </trkpt>
      <trkpt lat="50.02696666666667" lon="14.9076">
        <ele>468</ele>
        <time>2025-03-28T15:59:20Z</time>
      </trkpt>
      <trkpt lat="50.02688333333333" lon="14.907683333333333">
        <ele>468</ele>
        <time>2025-03-28T15:59:21Z</time>
      </trkpt>
      <trkpt lat="50.0268" lon="14.90775">
        <ele>469</ele>
        <time>2025-03-28T15:59:22Z</time>
      </trkpt>
      <trkpt lat="50.026716666666665" lon="14.9078">
        <ele>470</ele>
        <time>2025-03-28T15:59:23Z</time>
      </trkpt>
      <trkpt lat="50.026633333333336" lon="14.907833333333333">
        <ele>471</ele>
        <time>2025-03-28T15:59:24Z</time>
      </trkpt>
      <trkpt lat="50.02653333333333" lon="14.90785">
        <ele>472</ele>
        <time>2025-03-28T15:59:25Z</time>
      </trkpt>
      <trkpt lat="50.02645" lon="14.907866666666667">
        <ele>473</ele>
        <time>2025-03-28T15:59:26Z</time>
      </trkpt>
      <trkpt lat="50.02636666666667" lon="14.9079">
        <ele>473</ele>
        <time>2025-03-28T15:59:27Z</time>
      </trkpt>
      <trkpt lat="50.02628333333333" lon="14.90795">
        <ele>473</ele>
        <time>2025-03-28T15:59:28Z</time>
      </trkpt>
      <trkpt lat="50.026183333333336" lon="14.907983333333334">
        <ele>472</ele>
        <time>2025-03-28T15:59:29Z</time>
      </trkpt>
      <trkpt lat="50.02608333333333" lon="14.908016666666667">
        <ele>472</ele>
        <time>2025-03-28T15:59:30Z</time>
      </trkpt>
      <trkpt lat="50.026" lon="14.908066666666667">
        <ele>472</ele>
        <time>2025-03-28T15:59:31Z</time>
      </trkpt>
      <trkpt lat="50.02591666666667" lon="14.908133333333334">
        <ele>472</ele>
        <time>2025-03-28T15:59:32Z</time>
      </trkpt>
      <trkpt lat="50.02583333333333" lon="14.908183333333334">
        <ele>472</ele>
        <time>2025-03-28T15:59:33Z</time>
      </trkpt>
      <trkpt lat="50.02575" lon="14.908233333333333">
        <ele>473</ele>
        <time>2025-03-28T15:59:34Z</time>
      </trkpt>
      <trkpt lat="50.025666666666666" lon="14.908283333333333">
        <ele>473</ele>
        <time>2025-03-28T15:59:35Z</time>
      </trkpt>
      <trkpt lat="50.02558333333333" lon="14.908333333333333">
        <ele>472</ele>
        <time>2025-03-28T15:59:36Z</time>
      </trkpt>
      <trkpt lat="50.0255" lon="14.908366666666666">
        <ele>472</ele>
        <time>2025-03-28T15:59:37Z</time>
      </trkpt>
      <trkpt lat="50.0254" lon="14.9084">
        <ele>472</ele>
        <time>2025-03-28T15:59:38Z</time>
      </trkpt>
      <trkpt lat="50.02531666666667" lon="14.908433333333333">
        <ele>472</ele>
        <time>2025-03-28T15:59:39Z</time>
      </trkpt>
      <trkpt lat="50.02523333333333" lon="14.908483333333333">
        <ele>472</ele>
        <time>2025-03-28T15:59:40Z</time>
      </trkpt>
      <trkpt lat="50.02515" lon="14.908533333333333">
        <ele>472</ele>
        <time>2025-03-28T15:59:41Z</time>
      </trkpt>
      <trkpt lat="50.02506666666667" lon="14.908583333333333">
        <ele>472</ele>
        <time>2025-03-28T15:59:42Z</time>
      </trkpt>
      <trkpt lat="50.024966666666664" lon="14.908633333333333">
        <ele>472</ele>
        <time>2025-03-28T15:59:43Z</time>
      </trkpt>
      <trkpt lat="50.024883333333335" lon="14.908666666666667">
        <ele>472</ele>
        <time>2025-03-28T15:59:44Z</time>
      </trkpt>
      <trkpt lat="50.02478333333333" lon="14.9087">
        <ele>471</ele>
        <time>2025-03-28T15:59:45Z</time>
      </trkpt>
      <trkpt lat="50.024683333333336" lon="14.908716666666667">
        <ele>471</ele>
        <time>2025-03-28T15:59:46Z</time>
      </trkpt>
      <trkpt lat="50.02458333333333" lon="14.90875">
        <ele>470</ele>
        <time>2025-03-28T15:59:47Z</time>
      </trkpt>
      <trkpt lat="50.0245" lon="14.9088">
        <ele>469</ele>
        <time>2025-03-28T15:59:48Z</time>
      </trkpt>
      <trkpt lat="50.0244" lon="14.90885">
        <ele>468</ele>
        <time>2025-03-28T15:59:49Z</time>
      </trkpt>
      <trkpt lat="50.0243" lon="14.908916666666666">
        <ele>467</ele>
        <time>2025-03-28T15:59:50Z</time>
      </trkpt>
      <trkpt lat="50.0242" lon="14.908966666666666">
        <ele>466</ele>
        <time>2025-03-28T15:59:51Z</time>
      </trkpt>
      <trkpt lat="50.0241" lon="14.909">
        <ele>465</ele>
        <time>2025-03-28T15:59:52Z</time>
      </trkpt>
      <trkpt lat="50.02401666666667" lon="14.909033333333333">
        <ele>465</ele>
        <time>2025-03-28T15:59:53Z</time>
      </trkpt>
      <trkpt lat="50.023916666666665" lon="14.909083333333333">
        <ele>465</ele>
        <time>2025-03-28T15:59:54Z</time>
      </trkpt>
      <trkpt lat="50.02385" lon="14.909116666666666">
        <ele>465</ele>
        <time>2025-03-28T15:59:55Z</time>
      </trkpt>
      <trkpt lat="50.02376666666667" lon="14.909166666666666">
        <ele>465</ele>
        <time>2025-03-28T15:59:56Z</time>
      </trkpt>
      <trkpt lat="50.023666666666664" lon="14.909216666666667">
        <ele>465</ele>
        <time>2025-03-28T15:59:57Z</time>
      </trkpt>
      <trkpt lat="50.023583333333335" lon="14.90925">
        <ele>464</ele>
        <time>2025-03-28T15:59:58Z</time>
      </trkpt>
      <trkpt lat="50.02348333333333" lon="14.9093">
        <ele>463</ele>
        <time>2025-03-28T15:59:59Z</time>
      </trkpt>
      <trkpt lat="50.023383333333335" lon="14.909366666666667">
        <ele>462</ele>
        <time>2025-03-28T16:00:00Z</time>
      </trkpt>
      <trkpt lat="50.0233" lon="14.909433333333334">
        <ele>462</ele>
        <time>2025-03-28T16:00:01Z</time>
      </trkpt>
      <trkpt lat="50.02321666666667" lon="14.909516666666667">
        <ele>462</ele>
        <time>2025-03-28T16:00:02Z</time>
      </trkpt>
      <trkpt lat="50.02311666666667" lon="14.909583333333334">
        <ele>462</ele>
        <time>2025-03-28T16:00:03Z</time>
      </trkpt>
      <trkpt lat="50.02305" lon="14.909633333333334">
        <ele>463</ele>
        <time>2025-03-28T16:00:04Z</time>
      </trkpt>
      <trkpt lat="50.02296666666667" lon="14.909683333333334">
        <ele>463</ele>
        <time>2025-03-28T16:00:05Z</time>
      </trkpt>
      <trkpt lat="50.0229" lon="14.90975">
        <ele>463</ele>
        <time>2025-03-28T16:00:06Z</time>
      </trkpt>
      <trkpt lat="50.022816666666664" lon="14.909833333333333">
        <ele>463</ele>
        <time>2025-03-28T16:00:07Z</time>
      </trkpt>
      <trkpt lat="50.022733333333335" lon="14.909933333333333">
        <ele>461</ele>
        <time>2025-03-28T16:00:08Z</time>
      </trkpt>
      <trkpt lat="50.02263333333333" lon="14.910016666666667">
        <ele>461</ele>
        <time>2025-03-28T16:00:09Z</time>
      </trkpt>
      <trkpt lat="50.02256666666667" lon="14.9101">
        <ele>460</ele>
        <time>2025-03-28T16:00:10Z</time>
      </trkpt>
      <trkpt lat="50.022483333333334" lon="14.91015">
        <ele>461</ele>
        <time>2025-03-28T16:00:11Z</time>
      </trkpt>
      <trkpt lat="50.022416666666665" lon="14.910216666666667">
        <ele>462</ele>
        <time>2025-03-28T16:00:12Z</time>
      </trkpt>
      <trkpt lat="50.02235" lon="14.9103">
        <ele>463</ele>
        <time>2025-03-28T16:00:13Z</time>
      </trkpt>
      <trkpt lat="50.02226666666667" lon="14.910366666666667">
        <ele>463</ele>
        <time>2025-03-28T16:00:14Z</time>
      </trkpt>
      <trkpt lat="50.02218333333333" lon="14.910433333333334">
        <ele>463</ele>
        <time>2025-03-28T16:00:15Z</time>
      </trkpt>
      <trkpt lat="50.0221" lon="14.9105">
        <ele>463</ele>
        <time>2025-03-28T16:00:16Z</time>
      </trkpt>
      <trkpt lat="50.022016666666666" lon="14.91055">
        <ele>464</ele>
        <time>2025-03-28T16:00:17Z</time>
      </trkpt>
      <trkpt lat="50.02193333333334" lon="14.9106">
        <ele>464</ele>
        <time>2025-03-28T16:00:18Z</time>
      </trkpt>
      <trkpt lat="50.021883333333335" lon="14.910666666666666">
        <ele>465</ele>
        <time>2025-03-28T16:00:19Z</time>
      </trkpt>
      <trkpt lat="50.021816666666666" lon="14.910716666666668">
        <ele>466</ele>
        <time>2025-03-28T16:00:20Z</time>
      </trkpt>
      <trkpt lat="50.02173333333333" lon="14.910766666666667">
        <ele>467</ele>
        <time>2025-03-28T16:00:21Z</time>
      </trkpt>
      <trkpt lat="50.02166666666667" lon="14.910833333333333">
        <ele>467</ele>
        <time>2025-03-28T16:00:22Z</time>
      </trkpt>
      <trkpt lat="50.0216" lon="14.9109">
        <ele>467</ele>
        <time>2025-03-28T16:00:23Z</time>
      </trkpt>
      <trkpt lat="50.02153333333333" lon="14.910966666666667">
        <ele>467</ele>
        <time>2025-03-28T16:00:24Z</time>
      </trkpt>
      <trkpt lat="50.02145" lon="14.911033333333334">
        <ele>467</ele>
        <time>2025-03-28T16:00:25Z</time>
      </trkpt>
      <trkpt lat="50.02138333333333" lon="14.9111">
        <ele>467</ele>
        <time>2025-03-28T16:00:26Z</time>
      </trkpt>
      <trkpt lat="50.0213" lon="14.911166666666666">
        <ele>466</ele>
        <time>2025-03-28T16:00:27Z</time>
      </trkpt>
      <trkpt lat="50.021233333333335" lon="14.911233333333334">
        <ele>466</ele>
        <time>2025-03-28T16:00:28Z</time>
      </trkpt>
      <trkpt lat="50.021166666666666" lon="14.9113">
        <ele>466</ele>
        <time>2025-03-28T16:00:29Z</time>
      </trkpt>
      <trkpt lat="50.02108333333333" lon="14.91135">
        <ele>467</ele>
        <time>2025-03-28T16:00:30Z</time>
      </trkpt>
      <trkpt lat="50.021" lon="14.9114">
        <ele>467</ele>
        <time>2025-03-28T16:00:31Z</time>
      </trkpt>
      <trkpt lat="50.020916666666665" lon="14.91145">
        <ele>467</ele>
        <time>2025-03-28T16:00:32Z</time>
      </trkpt>
      <trkpt lat="50.02081666666667" lon="14.911516666666667">
        <ele>466</ele>
        <time>2025-03-28T16:00:33Z</time>
      </trkpt>
      <trkpt lat="50.02073333333333" lon="14.911583333333333">
        <ele>466</ele>
        <time>2025-03-28T16:00:34Z</time>
      </trkpt>
      <trkpt lat="50.02065" lon="14.91165">
        <ele>466</ele>
        <time>2025-03-28T16:00:35Z</time>
      </trkpt>
      <trkpt lat="50.02056666666667" lon="14.9117">
        <ele>467</ele>
        <time>2025-03-28T16:00:36Z</time>
      </trkpt>
      <trkpt lat="50.0205" lon="14.91175">
        <ele>467</ele>
        <time>2025-03-28T16:00:37Z</time>
      </trkpt>
      <trkpt lat="50.02041666666667" lon="14.911783333333334">
        <ele>468</ele>
        <time>2025-03-28T16:00:38Z</time>
      </trkpt>
      <trkpt lat="50.02033333333333" lon="14.911833333333334">
        <ele>468</ele>
        <time>2025-03-28T16:00:39Z</time>
      </trkpt>
      <trkpt lat="50.02025" lon="14.911883333333334">
        <ele>468</ele>
        <time>2025-03-28T16:00:40Z</time>
      </trkpt>
      <trkpt lat="50.02016666666667" lon="14.91195">
        <ele>468</ele>
        <time>2025-03-28T16:00:41Z</time>
      </trkpt>
      <trkpt lat="50.020066666666665" lon="14.911983333333334">
        <ele>467</ele>
        <time>2025-03-28T16:00:42Z</time>
      </trkpt>
      <trkpt lat="50.019983333333336" lon="14.912016666666666">
        <ele>467</ele>
        <time>2025-03-28T16:00:43Z</time>
      </trkpt>
      <trkpt lat="50.01988333333333" lon="14.91205">
        <ele>466</ele>
        <time>2025-03-28T16:00:44Z</time>
      </trkpt>
      <trkpt lat="50.019783333333336" lon="14.912083333333333">
        <ele>465</ele>
        <time>2025-03-28T16:00:45Z</time>
      </trkpt>
      <trkpt lat="50.0197" lon="14.912133333333333">
        <ele>465</ele>
        <time>2025-03-28T16:00:46Z</time>
      </trkpt>
      <trkpt lat="50.019616666666664" lon="14.912183333333333">
        <ele>464</ele>
        <time>2025-03-28T16:00:47Z</time>
      </trkpt>
      <trkpt lat="50.01951666666667" lon="14.912216666666666">
        <ele>464</ele>
        <time>2025-03-28T16:00:48Z</time>
      </trkpt>
      <trkpt lat="50.01943333333333" lon="14.91225">
        <ele>464</ele>
        <time>2025-03-28T16:00:49Z</time>
      </trkpt>
      <trkpt lat="50.01935" lon="14.9123">
        <ele>465</ele>
        <time>2025-03-28T16:00:50Z</time>
      </trkpt>
      <trkpt lat="50.019283333333334" lon="14.91235">
        <ele>465</ele>
        <time>2025-03-28T16:00:51Z</time>
      </trkpt>
      <trkpt lat="50.019216666666665" lon="14.912433333333333">
        <ele>465</ele>
        <time>2025-03-28T16:00:52Z</time>
      </trkpt>
      <trkpt lat="50.01916666666666" lon="14.912516666666667">
        <ele>465</ele>
        <time>2025-03-28T16:00:53Z</time>
      </trkpt>
      <trkpt lat="50.0191" lon="14.912616666666667">
        <ele>464</ele>
        <time>2025-03-28T16:00:54Z</time>
      </trkpt>
      <trkpt lat="50.01903333333333" lon="14.912716666666666">
        <ele>464</ele>
        <time>2025-03-28T16:00:55Z</time>
      </trkpt>
      <trkpt lat="50.018966666666664" lon="14.9128">
        <ele>464</ele>
        <time>2025-03-28T16:00:56Z</time>
      </trkpt>
      <trkpt lat="50.0189" lon="14.912883333333333">
        <ele>463</ele>
        <time>2025-03-28T16:00:57Z</time>
      </trkpt>
      <trkpt lat="50.01885" lon="14.912983333333333">
        <ele>463</ele>
        <time>2025-03-28T16:00:58Z</time>
      </trkpt>
      <trkpt lat="50.0188" lon="14.913083333333333">
        <ele>463</ele>
        <time>2025-03-28T16:00:59Z</time>
      </trkpt>
      <trkpt lat="50.01873333333333" lon="14.913166666666667">
        <ele>463</ele>
        <time>2025-03-28T16:01:00Z</time>
      </trkpt>
      <trkpt lat="50.01866666666667" lon="14.913266666666667">
        <ele>463</ele>
        <time>2025-03-28T16:01:01Z</time>
      </trkpt>
      <trkpt lat="50.0186" lon="14.913366666666667">
        <ele>463</ele>
        <time>2025-03-28T16:01:02Z</time>
      </trkpt>
      <trkpt lat="50.01853333333333" lon="14.913466666666666">
        <ele>463</ele>
        <time>2025-03-28T16:01:03Z</time>
      </trkpt>
      <trkpt lat="50.018483333333336" lon="14.913566666666666">
        <ele>464</ele>
        <time>2025-03-28T16:01:04Z</time>
      </trkpt>
      <trkpt lat="50.01841666666667" lon="14.91365">
        <ele>464</ele>
        <time>2025-03-28T16:01:05Z</time>
      </trkpt>
      <trkpt lat="50.01835" lon="14.91375">
        <ele>464</ele>
        <time>2025-03-28T16:01:06Z</time>
      </trkpt>
      <trkpt lat="50.018283333333336" lon="14.913833333333333">
        <ele>465</ele>
        <time>2025-03-28T16:01:07Z</time>
      </trkpt>
      <trkpt lat="50.01821666666667" lon="14.913916666666667">
        <ele>465</ele>
        <time>2025-03-28T16:01:08Z</time>
      </trkpt>
      <trkpt lat="50.01815" lon="14.913983333333332">
        <ele>465</ele>
        <time>2025-03-28T16:01:09Z</time>
      </trkpt>
      <trkpt lat="50.01806666666667" lon="14.914066666666667">
        <ele>465</ele>
        <time>2025-03-28T16:01:10Z</time>
      </trkpt>
      <trkpt lat="50.018" lon="14.91415">
        <ele>465</ele>
        <time>2025-03-28T16:01:11Z</time>
      </trkpt>
      <trkpt lat="50.01793333333333" lon="14.914216666666666">
        <ele>465</ele>
        <time>2025-03-28T16:01:12Z</time>
      </trkpt>
      <trkpt lat="50.01785" lon="14.9143">
        <ele>465</ele>
        <time>2025-03-28T16:01:13Z</time>
      </trkpt>
      <trkpt lat="50.017783333333334" lon="14.914366666666666">
        <ele>465</ele>
        <time>2025-03-28T16:01:14Z</time>
      </trkpt>
      <trkpt lat="50.0177" lon="14.914433333333333">
        <ele>465</ele>
        <time>2025-03-28T16:01:15Z</time>
      </trkpt>
      <trkpt lat="50.017633333333336" lon="14.914516666666668">
        <ele>465</ele>
        <time>2025-03-28T16:01:16Z</time>
      </trkpt>
      <trkpt lat="50.01755" lon="14.914583333333333">
        <ele>465</ele>
        <time>2025-03-28T16:01:17Z</time>
      </trkpt>
      <trkpt lat="50.01748333333333" lon="14.914666666666667">
        <ele>465</ele>
        <time>2025-03-28T16:01:18Z</time>
      </trkpt>
      <trkpt lat="50.0174" lon="14.914733333333333">
        <ele>465</ele>
        <time>2025-03-28T16:01:19Z</time>
      </trkpt>
      <trkpt lat="50.01733333333333" lon="14.914816666666667">
        <ele>466</ele>
        <time>2025-03-28T16:01:20Z</time>
      </trkpt>
      <trkpt lat="50.017266666666664" lon="14.914883333333334">
        <ele>467</ele>
        <time>2025-03-28T16:01:21Z</time>
      </trkpt>
      <trkpt lat="50.01721666666667" lon="14.91495">
        <ele>468</ele>
        <time>2025-03-28T16:01:22Z</time>
      </trkpt>
      <trkpt lat="50.01715" lon="14.915033333333334">
        <ele>469</ele>
        <time>2025-03-28T16:01:23Z</time>
      </trkpt>
      <trkpt lat="50.01708333333333" lon="14.915116666666666">
        <ele>470</ele>
        <time>2025-03-28T16:01:24Z</time>
      </trkpt>
      <trkpt lat="50.017" lon="14.9152">
        <ele>470</ele>
        <time>2025-03-28T16:01:25Z</time>
      </trkpt>
      <trkpt lat="50.016933333333334" lon="14.9153">
        <ele>470</ele>
        <time>2025-03-28T16:01:26Z</time>
      </trkpt>
      <trkpt lat="50.016866666666665" lon="14.9154">
        <ele>470</ele>
        <time>2025-03-28T16:01:27Z</time>
      </trkpt>
      <trkpt lat="50.0168" lon="14.915516666666667">
        <ele>471</ele>
        <time>2025-03-28T16:01:28Z</time>
      </trkpt>
      <trkpt lat="50.016733333333335" lon="14.9156">
        <ele>471</ele>
        <time>2025-03-28T16:01:29Z</time>
      </trkpt>
      <trkpt lat="50.016666666666666" lon="14.915683333333334">
        <ele>473</ele>
        <time>2025-03-28T16:01:30Z</time>
      </trkpt>
      <trkpt lat="50.0166" lon="14.91575">
        <ele>474</ele>
        <time>2025-03-28T16:01:31Z</time>
      </trkpt>
      <trkpt lat="50.016533333333335" lon="14.915816666666666">
        <ele>475</ele>
        <time>2025-03-28T16:01:32Z</time>
      </trkpt>
      <trkpt lat="50.016466666666666" lon="14.915883333333333">
        <ele>476</ele>
        <time>2025-03-28T16:01:33Z</time>
      </trkpt>
      <trkpt lat="50.0164" lon="14.915966666666666">
        <ele>477</ele>
        <time>2025-03-28T16:01:34Z</time>
      </trkpt>
      <trkpt lat="50.016333333333336" lon="14.91605">
        <ele>478</ele>
        <time>2025-03-28T16:01:35Z</time>
      </trkpt>
      <trkpt lat="50.01626666666667" lon="14.916133333333333">
        <ele>479</ele>
        <time>2025-03-28T16:01:36Z</time>
      </trkpt>
      <trkpt lat="50.0162" lon="14.9162">
        <ele>480</ele>
        <time>2025-03-28T16:01:37Z</time>
      </trkpt>
      <trkpt lat="50.016133333333336" lon="14.91625">
        <ele>482</ele>
        <time>2025-03-28T16:01:38Z</time>
      </trkpt>
      <trkpt lat="50.01606666666667" lon="14.916316666666667">
        <ele>482</ele>
        <time>2025-03-28T16:01:39Z</time>
      </trkpt>
      <trkpt lat="50.016" lon="14.9164">
        <ele>483</ele>
        <time>2025-03-28T16:01:40Z</time>
      </trkpt>
      <trkpt lat="50.01593333333334" lon="14.916483333333334">
        <ele>483</ele>
        <time>2025-03-28T16:01:41Z</time>
      </trkpt>
      <trkpt lat="50.015883333333335" lon="14.916566666666666">
        <ele>482</ele>
        <time>2025-03-28T16:01:42Z</time>
      </trkpt>
      <trkpt lat="50.015816666666666" lon="14.91665">
        <ele>482</ele>
        <time>2025-03-28T16:01:43Z</time>
      </trkpt>
      <trkpt lat="50.01575" lon="14.916716666666666">
        <ele>482</ele>
        <time>2025-03-28T16:01:44Z</time>
      </trkpt>
      <trkpt lat="50.015683333333335" lon="14.916783333333333">
        <ele>483</ele>
        <time>2025-03-28T16:01:45Z</time>
      </trkpt>
      <trkpt lat="50.015633333333334" lon="14.916866666666667">
        <ele>483</ele>
        <time>2025-03-28T16:01:46Z</time>
      </trkpt>
      <trkpt lat="50.015566666666665" lon="14.91695">
        <ele>483</ele>
        <time>2025-03-28T16:01:47Z</time>
      </trkpt>
      <trkpt lat="50.01551666666667" lon="14.917033333333332">
        <ele>482</ele>
        <time>2025-03-28T16:01:48Z</time>
      </trkpt>
      <trkpt lat="50.01545" lon="14.917116666666667">
        <ele>482</ele>
        <time>2025-03-28T16:01:49Z</time>
      </trkpt>
      <trkpt lat="50.01538333333333" lon="14.917183333333334">
        <ele>482</ele>
        <time>2025-03-28T16:01:50Z</time>
      </trkpt>
      <trkpt lat="50.01533333333333" lon="14.917266666666666">
        <ele>482</ele>
        <time>2025-03-28T16:01:51Z</time>
      </trkpt>
      <trkpt lat="50.01526666666667" lon="14.91735">
        <ele>482</ele>
        <time>2025-03-28T16:01:52Z</time>
      </trkpt>
      <trkpt lat="50.01521666666667" lon="14.917433333333333">
        <ele>482</ele>
        <time>2025-03-28T16:01:53Z</time>
      </trkpt>
      <trkpt lat="50.015166666666666" lon="14.917533333333333">
        <ele>481</ele>
        <time>2025-03-28T16:01:54Z</time>
      </trkpt>
      <trkpt lat="50.015116666666664" lon="14.917616666666667">
        <ele>481</ele>
        <time>2025-03-28T16:01:55Z</time>
      </trkpt>
      <trkpt lat="50.01506666666667" lon="14.9177">
        <ele>480</ele>
        <time>2025-03-28T16:01:56Z</time>
      </trkpt>
      <trkpt lat="50.01501666666667" lon="14.9178">
        <ele>480</ele>
        <time>2025-03-28T16:01:57Z</time>
      </trkpt>
      <trkpt lat="50.014966666666666" lon="14.917883333333334">
        <ele>479</ele>
        <time>2025-03-28T16:01:58Z</time>
      </trkpt>
      <trkpt lat="50.014916666666664" lon="14.917983333333334">
        <ele>478</ele>
        <time>2025-03-28T16:01:59Z</time>
      </trkpt>
      <trkpt lat="50.01485" lon="14.918066666666666">
        <ele>477</ele>
        <time>2025-03-28T16:02:00Z</time>
      </trkpt>
      <trkpt lat="50.0148" lon="14.918166666666666">
        <ele>477</ele>
        <time>2025-03-28T16:02:01Z</time>
      </trkpt>
      <trkpt lat="50.01473333333333" lon="14.91825">
        <ele>476</ele>
        <time>2025-03-28T16:02:02Z</time>
      </trkpt>
      <trkpt lat="50.01466666666666" lon="14.91835">
        <ele>476</ele>
        <time>2025-03-28T16:02:03Z</time>
      </trkpt>
      <trkpt lat="50.0146" lon="14.918433333333333">
        <ele>476</ele>
        <time>2025-03-28T16:02:04Z</time>
      </trkpt>
      <trkpt lat="50.01455" lon="14.918516666666667">
        <ele>476</ele>
        <time>2025-03-28T16:02:05Z</time>
      </trkpt>
      <trkpt lat="50.0145" lon="14.918616666666667">
        <ele>476</ele>
        <time>2025-03-28T16:02:06Z</time>
      </trkpt>
      <trkpt lat="50.014433333333336" lon="14.918683333333334">
        <ele>476</ele>
        <time>2025-03-28T16:02:07Z</time>
      </trkpt>
      <trkpt lat="50.014383333333335" lon="14.918766666666667">
        <ele>476</ele>
        <time>2025-03-28T16:02:08Z</time>
      </trkpt>
      <trkpt lat="50.01433333333333" lon="14.918866666666666">
        <ele>476</ele>
        <time>2025-03-28T16:02:09Z</time>
      </trkpt>
      <trkpt lat="50.014266666666664" lon="14.918966666666666">
        <ele>476</ele>
        <time>2025-03-28T16:02:10Z</time>
      </trkpt>
      <trkpt lat="50.01425" lon="14.9191">
        <ele>475</ele>
        <time>2025-03-28T16:02:11Z</time>
      </trkpt>
      <trkpt lat="50.014183333333335" lon="14.9192">
        <ele>475</ele>
        <time>2025-03-28T16:02:12Z</time>
      </trkpt>
      <trkpt lat="50.014133333333334" lon="14.919283333333333">
        <ele>475</ele>
        <time>2025-03-28T16:02:13Z</time>
      </trkpt>
      <trkpt lat="50.01408333333333" lon="14.9194">
        <ele>475</ele>
        <time>2025-03-28T16:02:14Z</time>
      </trkpt>
      <trkpt lat="50.01403333333333" lon="14.9195">
        <ele>475</ele>
        <time>2025-03-28T16:02:15Z</time>
      </trkpt>
      <trkpt lat="50.013983333333336" lon="14.9196">
        <ele>474</ele>
        <time>2025-03-28T16:02:16Z</time>
      </trkpt>
      <trkpt lat="50.013933333333334" lon="14.9197">
        <ele>474</ele>
        <time>2025-03-28T16:02:17Z</time>
      </trkpt>
      <trkpt lat="50.01388333333333" lon="14.9198">
        <ele>474</ele>
        <time>2025-03-28T16:02:18Z</time>
      </trkpt>
      <trkpt lat="50.01383333333333" lon="14.9199">
        <ele>473</ele>
        <time>2025-03-28T16:02:19Z</time>
      </trkpt>
      <trkpt lat="50.01376666666667" lon="14.92">
        <ele>472</ele>
        <time>2025-03-28T16:02:20Z</time>
      </trkpt>
      <trkpt lat="50.01371666666667" lon="14.920083333333332">
        <ele>472</ele>
        <time>2025-03-28T16:02:21Z</time>
      </trkpt>
      <trkpt lat="50.01365" lon="14.920183333333334">
        <ele>471</ele>
        <time>2025-03-28T16:02:22Z</time>
      </trkpt>
      <trkpt lat="50.01358333333334" lon="14.920266666666667">
        <ele>472</ele>
        <time>2025-03-28T16:02:23Z</time>
      </trkpt>
      <trkpt lat="50.01351666666667" lon="14.92035">
        <ele>472</ele>
        <time>2025-03-28T16:02:24Z</time>
      </trkpt>
      <trkpt lat="50.01345" lon="14.920433333333333">
        <ele>472</ele>
        <time>2025-03-28T16:02:25Z</time>
      </trkpt>
      <trkpt lat="50.01338333333333" lon="14.920533333333333">
        <ele>472</ele>
        <time>2025-03-28T16:02:26Z</time>
      </trkpt>
      <trkpt lat="50.01331666666667" lon="14.920633333333333">
        <ele>472</ele>
        <time>2025-03-28T16:02:27Z</time>
      </trkpt>
      <trkpt lat="50.01325" lon="14.920716666666667">
        <ele>473</ele>
        <time>2025-03-28T16:02:28Z</time>
      </trkpt>
      <trkpt lat="50.01318333333333" lon="14.9208">
        <ele>473</ele>
        <time>2025-03-28T16:02:29Z</time>
      </trkpt>
      <trkpt lat="50.0131" lon="14.920866666666667">
        <ele>474</ele>
        <time>2025-03-28T16:02:30Z</time>
      </trkpt>
      <trkpt lat="50.013" lon="14.920916666666667">
        <ele>474</ele>
        <time>2025-03-28T16:02:31Z</time>
      </trkpt>
      <trkpt lat="50.01291666666667" lon="14.920966666666667">
        <ele>475</ele>
        <time>2025-03-28T16:02:32Z</time>
      </trkpt>
      <trkpt lat="50.01285" lon="14.92105">
        <ele>475</ele>
        <time>2025-03-28T16:02:33Z</time>
      </trkpt>
      <trkpt lat="50.0128" lon="14.92115">
        <ele>475</ele>
        <time>2025-03-28T16:02:34Z</time>
      </trkpt>
      <trkpt lat="50.01273333333334" lon="14.921266666666666">
        <ele>475</ele>
        <time>2025-03-28T16:02:35Z</time>
      </trkpt>
      <trkpt lat="50.01266666666667" lon="14.921383333333333">
        <ele>475</ele>
        <time>2025-03-28T16:02:36Z</time>
      </trkpt>
      <trkpt lat="50.0126" lon="14.9215">
        <ele>474</ele>
        <time>2025-03-28T16:02:37Z</time>
      </trkpt>
      <trkpt lat="50.01253333333333" lon="14.9216">
        <ele>474</ele>
        <time>2025-03-28T16:02:38Z</time>
      </trkpt>
      <trkpt lat="50.01245" lon="14.9217">
        <ele>473</ele>
        <time>2025-03-28T16:02:39Z</time>
      </trkpt>
      <trkpt lat="50.01238333333333" lon="14.921816666666667">
        <ele>472</ele>
        <time>2025-03-28T16:02:40Z</time>
      </trkpt>
      <trkpt lat="50.01231666666666" lon="14.921916666666666">
        <ele>472</ele>
        <time>2025-03-28T16:02:41Z</time>
      </trkpt>
      <trkpt lat="50.01231666666666" lon="14.921916666666666">
        <ele>473</ele>
        <time>2025-03-28T16:02:48Z</time>
      </trkpt>
      <trkpt lat="50.01231666666666" lon="14.921916666666666">
        <ele>472</ele>
        <time>2025-03-28T16:02:53Z</time>
      </trkpt>
      <trkpt lat="50.01231666666666" lon="14.921916666666666">
        <ele>474</ele>
        <time>2025-03-28T16:02:58Z</time>
      </trkpt>
      <trkpt lat="50.01231666666666" lon="14.921916666666666">
        <ele>475</ele>
        <time>2025-03-28T16:03:03Z</time>
      </trkpt>
      <trkpt lat="50.01231666666666" lon="14.921916666666666">
        <ele>476</ele>
        <time>2025-03-28T16:03:08Z</time>
      </trkpt>
      <trkpt lat="50.01231666666666" lon="14.921916666666666">
        <ele>480</ele>
        <time>2025-03-28T16:03:13Z</time>
      </trkpt>
      <trkpt lat="50.01231666666666" lon="14.921916666666666">
        <ele>479</ele>
        <time>2025-03-28T16:03:18Z</time>
      </trkpt>
      <trkpt lat="50.01231666666666" lon="14.921916666666666">
        <ele>478</ele>
        <time>2025-03-28T16:03:23Z</time>
      </trkpt>
      <trkpt lat="50.01231666666666" lon="14.921916666666666">
        <ele>481</ele>
        <time>2025-03-28T16:03:28Z</time>
      </trkpt>
      <trkpt lat="50.01231666666666" lon="14.921916666666666">
        <ele>484</ele>
        <time>2025-03-28T16:03:33Z</time>
      </trkpt>
      <trkpt lat="50.01231666666666" lon="14.921916666666666">
        <ele>484</ele>
        <time>2025-03-28T16:03:38Z</time>
      </trkpt>
      <trkpt lat="50.01231666666666" lon="14.921916666666666">
        <ele>486</ele>
        <time>2025-03-28T16:03:43Z</time>
      </trkpt>
      <trkpt lat="50.01231666666666" lon="14.921916666666666">
        <ele>489</ele>
        <time>2025-03-28T16:03:48Z</time>
      </trkpt>
      <trkpt lat="50.01231666666666" lon="14.921916666666666">
        <ele>486</ele>
        <time>2025-03-28T16:03:53Z</time>
      </trkpt>
      <trkpt lat="50.01231666666666" lon="14.921916666666666">
        <ele>487</ele>
        <time>2025-03-28T16:03:58Z</time>
      </trkpt>
      <trkpt lat="50.01231666666666" lon="14.921916666666666">
        <ele>486</ele>
        <time>2025-03-28T16:04:03Z</time>
      </trkpt>
      <trkpt lat="50.01231666666666" lon="14.921916666666666">
        <ele>484</ele>
        <time>2025-03-28T16:04:08Z</time>
      </trkpt>
      <trkpt lat="50.01231666666666" lon="14.921916666666666">
        <ele>481</ele>
        <time>2025-03-28T16:04:13Z</time>
      </trkpt>
      <trkpt lat="50.01231666666666" lon="14.921916666666666">
        <ele>480</ele>
        <time>2025-03-28T16:04:18Z</time>
      </trkpt>
      <trkpt lat="50.01231666666666" lon="14.921916666666666">
        <ele>479</ele>
        <time>2025-03-28T16:04:23Z</time>
      </trkpt>
      <trkpt lat="50.01231666666666" lon="14.921916666666666">
        <ele>486</ele>
        <time>2025-03-28T16:04:28Z</time>
      </trkpt>
      <trkpt lat="50.01231666666666" lon="14.921916666666666">
        <ele>487</ele>
        <time>2025-03-28T16:04:33Z</time>
      </trkpt>
      <trkpt lat="50.005516666666665" lon="14.936916666666667">
        <ele>487</ele>
        <time>2025-03-28T16:04:38Z</time>
      </trkpt>
      <trkpt lat="50.00546666666666" lon="14.9371">
        <ele>487</ele>
        <time>2025-03-28T16:04:40Z</time>
      </trkpt>
      <trkpt lat="50.0054" lon="14.93735">
        <ele>488</ele>
        <time>2025-03-28T16:04:42Z</time>
      </trkpt>
      <trkpt lat="50.0053" lon="14.937533333333333">
        <ele>489</ele>
        <time>2025-03-28T16:04:43Z</time>
      </trkpt>
      <trkpt lat="50.00525" lon="14.937616666666667">
        <ele>490</ele>
        <time>2025-03-28T16:04:44Z</time>
      </trkpt>
      <trkpt lat="50.00516666666667" lon="14.937766666666667">
        <ele>491</ele>
        <time>2025-03-28T16:04:45Z</time>
      </trkpt>
      <trkpt lat="50.005116666666666" lon="14.9379">
        <ele>492</ele>
        <time>2025-03-28T16:04:46Z</time>
      </trkpt>
      <trkpt lat="50.00505" lon="14.938">
        <ele>492</ele>
        <time>2025-03-28T16:04:47Z</time>
      </trkpt>
      <trkpt lat="50.004983333333335" lon="14.938133333333333">
        <ele>492</ele>
        <time>2025-03-28T16:04:48Z</time>
      </trkpt>
      <trkpt lat="50.00491666666667" lon="14.938283333333333">
        <ele>491</ele>
        <time>2025-03-28T16:04:49Z</time>
      </trkpt>
      <trkpt lat="50.00485" lon="14.938433333333334">
        <ele>490</ele>
        <time>2025-03-28T16:04:50Z</time>
      </trkpt>
      <trkpt lat="50.004783333333336" lon="14.938616666666666">
        <ele>489</ele>
        <time>2025-03-28T16:04:51Z</time>
      </trkpt>
      <trkpt lat="50.00475" lon="14.938783333333333">
        <ele>488</ele>
        <time>2025-03-28T16:04:52Z</time>
      </trkpt>
      <trkpt lat="50.0047" lon="14.93895">
        <ele>487</ele>
        <time>2025-03-28T16:04:53Z</time>
      </trkpt>
      <trkpt lat="50.00468333333333" lon="14.939116666666667">
        <ele>487</ele>
        <time>2025-03-28T16:04:54Z</time>
      </trkpt>
      <trkpt lat="50.00463333333333" lon="14.939283333333334">
        <ele>487</ele>
        <time>2025-03-28T16:04:55Z</time>
      </trkpt>
      <trkpt lat="50.0046" lon="14.93945">
        <ele>488</ele>
        <time>2025-03-28T16:04:56Z</time>
      </trkpt>
      <trkpt lat="50.00455" lon="14.9396">
        <ele>488</ele>
        <time>2025-03-28T16:04:57Z</time>
      </trkpt>
      <trkpt lat="50.0045" lon="14.939783333333333">
        <ele>488</ele>
        <time>2025-03-28T16:04:58Z</time>
      </trkpt>
      <trkpt lat="50.004466666666666" lon="14.939966666666667">
        <ele>487</ele>
        <time>2025-03-28T16:04:59Z</time>
      </trkpt>
      <trkpt lat="50.00443333333333" lon="14.94015">
        <ele>486</ele>
        <time>2025-03-28T16:05:00Z</time>
      </trkpt>
      <trkpt lat="50.0044" lon="14.940316666666666">
        <ele>486</ele>
        <time>2025-03-28T16:05:01Z</time>
      </trkpt>
      <trkpt lat="50.00436666666667" lon="14.940483333333333">
        <ele>485</ele>
        <time>2025-03-28T16:05:02Z</time>
      </trkpt>
      <trkpt lat="50.00435" lon="14.940666666666667">
        <ele>483</ele>
        <time>2025-03-28T16:05:03Z</time>
      </trkpt>
      <trkpt lat="50.00431666666667" lon="14.940833333333334">
        <ele>482</ele>
        <time>2025-03-28T16:05:04Z</time>
      </trkpt>
      <trkpt lat="50.00428333333333" lon="14.941016666666666">
        <ele>480</ele>
        <time>2025-03-28T16:05:05Z</time>
      </trkpt>
      <trkpt lat="50.00423333333333" lon="14.9412">
        <ele>478</ele>
        <time>2025-03-28T16:05:06Z</time>
      </trkpt>
      <trkpt lat="50.00418333333333" lon="14.941383333333333">
        <ele>476</ele>
        <time>2025-03-28T16:05:07Z</time>
      </trkpt>
      <trkpt lat="50.004133333333336" lon="14.94155">
        <ele>474</ele>
        <time>2025-03-28T16:05:08Z</time>
      </trkpt>
      <trkpt lat="50.004083333333334" lon="14.941716666666666">
        <ele>473</ele>
        <time>2025-03-28T16:05:09Z</time>
      </trkpt>
      <trkpt lat="50.004016666666665" lon="14.941866666666666">
        <ele>473</ele>
        <time>2025-03-28T16:05:10Z</time>
      </trkpt>
      <trkpt lat="50.00396666666666" lon="14.942016666666667">
        <ele>473</ele>
        <time>2025-03-28T16:05:11Z</time>
      </trkpt>
      <trkpt lat="50.00391666666667" lon="14.942183333333332">
        <ele>474</ele>
        <time>2025-03-28T16:05:12Z</time>
      </trkpt>
      <trkpt lat="50.00386666666667" lon="14.94235">
        <ele>475</ele>
        <time>2025-03-28T16:05:13Z</time>
      </trkpt>
      <trkpt lat="50.003816666666665" lon="14.9425">
        <ele>475</ele>
        <time>2025-03-28T16:05:14Z</time>
      </trkpt>
      <trkpt lat="50.003766666666664" lon="14.942666666666666">
        <ele>476</ele>
        <time>2025-03-28T16:05:15Z</time>
      </trkpt>
      <trkpt lat="50.0037" lon="14.9428">
        <ele>476</ele>
        <time>2025-03-28T16:05:16Z</time>
      </trkpt>
      <trkpt lat="50.003616666666666" lon="14.94295">
        <ele>476</ele>
        <time>2025-03-28T16:05:17Z</time>
      </trkpt>
      <trkpt lat="50.00355" lon="14.943083333333334">
        <ele>476</ele>
        <time>2025-03-28T16:05:18Z</time>
      </trkpt>
      <trkpt lat="50.00346666666667" lon="14.9432">
        <ele>476</ele>
        <time>2025-03-28T16:05:19Z</time>
      </trkpt>
      <trkpt lat="50.003366666666665" lon="14.943333333333333">
        <ele>476</ele>
        <time>2025-03-28T16:05:20Z</time>
      </trkpt>
      <trkpt lat="50.003283333333336" lon="14.94345">
        <ele>476</ele>
        <time>2025-03-28T16:05:21Z</time>
      </trkpt>
      <trkpt lat="50.0032" lon="14.943566666666667">
        <ele>476</ele>
        <time>2025-03-28T16:05:22Z</time>
      </trkpt>
      <trkpt lat="50.00311666666666" lon="14.9437">
        <ele>475</ele>
        <time>2025-03-28T16:05:23Z</time>
      </trkpt>
      <trkpt lat="50.003033333333335" lon="14.943816666666667">
        <ele>474</ele>
        <time>2025-03-28T16:05:24Z</time>
      </trkpt>
      <trkpt lat="50.00295" lon="14.94395">
        <ele>474</ele>
        <time>2025-03-28T16:05:25Z</time>
      </trkpt>
      <trkpt lat="50.00286666666667" lon="14.944083333333333">
        <ele>473</ele>
        <time>2025-03-28T16:05:26Z</time>
      </trkpt>
      <trkpt lat="50.00278333333333" lon="14.944216666666666">
        <ele>473</ele>
        <time>2025-03-28T16:05:27Z</time>
      </trkpt>
      <trkpt lat="50.0027" lon="14.94435">
        <ele>473</ele>
        <time>2025-03-28T16:05:28Z</time>
      </trkpt>
      <trkpt lat="50.002633333333335" lon="14.9445">
        <ele>473</ele>
        <time>2025-03-28T16:05:29Z</time>
      </trkpt>
      <trkpt lat="50.00256666666667" lon="14.94465">
        <ele>473</ele>
        <time>2025-03-28T16:05:30Z</time>
      </trkpt>
      <trkpt lat="50.0025" lon="14.9448">
        <ele>473</ele>
        <time>2025-03-28T16:05:31Z</time>
      </trkpt>
      <trkpt lat="50.002433333333336" lon="14.94495">
        <ele>473</ele>
        <time>2025-03-28T16:05:32Z</time>
      </trkpt>
      <trkpt lat="50.00235" lon="14.945083333333333">
        <ele>474</ele>
        <time>2025-03-28T16:05:33Z</time>
      </trkpt>
      <trkpt lat="50.0023" lon="14.945216666666667">
        <ele>475</ele>
        <time>2025-03-28T16:05:34Z</time>
      </trkpt>
      <trkpt lat="50.00221666666667" lon="14.94535">
        <ele>476</ele>
        <time>2025-03-28T16:05:35Z</time>
      </trkpt>
      <trkpt lat="50.00215" lon="14.9455">
        <ele>477</ele>
        <time>2025-03-28T16:05:36Z</time>
      </trkpt>
      <trkpt lat="50.00208333333333" lon="14.945633333333333">
        <ele>478</ele>
        <time>2025-03-28T16:05:37Z</time>
      </trkpt>
      <trkpt lat="50.002" lon="14.945783333333333">
        <ele>479</ele>
        <time>2025-03-28T16:05:38Z</time>
      </trkpt>
      <trkpt lat="50.001933333333334" lon="14.9459">
        <ele>480</ele>
        <time>2025-03-28T16:05:39Z</time>
      </trkpt>
      <trkpt lat="50.00188333333333" lon="14.946033333333334">
        <ele>481</ele>
        <time>2025-03-28T16:05:40Z</time>
      </trkpt>
      <trkpt lat="50.00181666666667" lon="14.946166666666667">
        <ele>482</ele>
        <time>2025-03-28T16:05:41Z</time>
      </trkpt>
      <trkpt lat="50.00175" lon="14.9463">
        <ele>483</ele>
        <time>2025-03-28T16:05:42Z</time>
      </trkpt>
      <trkpt lat="50.00168333333333" lon="14.946433333333333">
        <ele>484</ele>
        <time>2025-03-28T16:05:43Z</time>
      </trkpt>
      <trkpt lat="50.00163333333333" lon="14.946583333333333">
        <ele>484</ele>
        <time>2025-03-28T16:05:44Z</time>
      </trkpt>
      <trkpt lat="50.00156666666667" lon="14.946733333333333">
        <ele>484</ele>
        <time>2025-03-28T16:05:45Z</time>
      </trkpt>
      <trkpt lat="50.0015" lon="14.946866666666667">
        <ele>485</ele>
        <time>2025-03-28T16:05:46Z</time>
      </trkpt>
      <trkpt lat="50.00143333333333" lon="14.946983333333334">
        <ele>486</ele>
        <time>2025-03-28T16:05:47Z</time>
      </trkpt>
      <trkpt lat="50.00136666666667" lon="14.947116666666666">
        <ele>487</ele>
        <time>2025-03-28T16:05:48Z</time>
      </trkpt>
      <trkpt lat="50.0013" lon="14.947233333333333">
        <ele>488</ele>
        <time>2025-03-28T16:05:49Z</time>
      </trkpt>
      <trkpt lat="50.00123333333333" lon="14.947366666666667">
        <ele>489</ele>
        <time>2025-03-28T16:05:50Z</time>
      </trkpt>
      <trkpt lat="50.00118333333333" lon="14.947483333333333">
        <ele>491</ele>
        <time>2025-03-28T16:05:51Z</time>
      </trkpt>
      <trkpt lat="50.001133333333335" lon="14.9476">
        <ele>492</ele>
        <time>2025-03-28T16:05:52Z</time>
      </trkpt>
      <trkpt lat="50.001083333333334" lon="14.947716666666667">
        <ele>494</ele>
        <time>2025-03-28T16:05:53Z</time>
      </trkpt>
      <trkpt lat="50.00103333333333" lon="14.947833333333334">
        <ele>496</ele>
        <time>2025-03-28T16:05:54Z</time>
      </trkpt>
      <trkpt lat="50.00096666666666" lon="14.94795">
        <ele>497</ele>
        <time>2025-03-28T16:05:55Z</time>
      </trkpt>
      <trkpt lat="50.0009" lon="14.948066666666668">
        <ele>499</ele>
        <time>2025-03-28T16:05:56Z</time>
      </trkpt>
      <trkpt lat="50.00085" lon="14.9482">
        <ele>499</ele>
        <time>2025-03-28T16:05:57Z</time>
      </trkpt>
      <trkpt lat="50.00078333333333" lon="14.948316666666667">
        <ele>499</ele>
        <time>2025-03-28T16:05:58Z</time>
      </trkpt>
      <trkpt lat="50.00071666666667" lon="14.94845">
        <ele>500</ele>
        <time>2025-03-28T16:05:59Z</time>
      </trkpt>
      <trkpt lat="50.000683333333335" lon="14.94855">
        <ele>501</ele>
        <time>2025-03-28T16:06:00Z</time>
      </trkpt>
      <trkpt lat="50.000616666666666" lon="14.94865">
        <ele>503</ele>
        <time>2025-03-28T16:06:01Z</time>
      </trkpt>
      <trkpt lat="50.000566666666664" lon="14.94875">
        <ele>505</ele>
        <time>2025-03-28T16:06:02Z</time>
      </trkpt>
      <trkpt lat="50.00051666666667" lon="14.948866666666667">
        <ele>506</ele>
        <time>2025-03-28T16:06:03Z</time>
      </trkpt>
      <trkpt lat="50.00046666666667" lon="14.948966666666667">
        <ele>507</ele>
        <time>2025-03-28T16:06:04Z</time>
      </trkpt>
      <trkpt lat="50.000416666666666" lon="14.9491">
        <ele>508</ele>
        <time>2025-03-28T16:06:05Z</time>
      </trkpt>
      <trkpt lat="50.00035" lon="14.949216666666667">
        <ele>508</ele>
        <time>2025-03-28T16:06:06Z</time>
      </trkpt>
      <trkpt lat="50.000283333333336" lon="14.94935">
        <ele>508</ele>
        <time>2025-03-28T16:06:07Z</time>
      </trkpt>
      <trkpt lat="50.000233333333334" lon="14.949466666666666">
        <ele>508</ele>
        <time>2025-03-28T16:06:08Z</time>
      </trkpt>
      <trkpt lat="50.000166666666665" lon="14.949566666666666">
        <ele>509</ele>
        <time>2025-03-28T16:06:09Z</time>
      </trkpt>
      <trkpt lat="50.00011666666666" lon="14.949683333333333">
        <ele>509</ele>
        <time>2025-03-28T16:06:10Z</time>
      </trkpt>
      <trkpt lat="50.00006666666667" lon="14.949783333333333">
        <ele>510</ele>
        <time>2025-03-28T16:06:11Z</time>
      </trkpt>
      <trkpt lat="50.000033333333334" lon="14.9499">
        <ele>510</ele>
        <time>2025-03-28T16:06:12Z</time>
      </trkpt>
      <trkpt lat="49.999966666666666" lon="14.950016666666667">
        <ele>509</ele>
        <time>2025-03-28T16:06:13Z</time>
      </trkpt>
      <trkpt lat="49.999916666666664" lon="14.950133333333333">
        <ele>507</ele>
        <time>2025-03-28T16:06:14Z</time>
      </trkpt>
      <trkpt lat="49.99986666666667" lon="14.950283333333333">
        <ele>505</ele>
        <time>2025-03-28T16:06:15Z</time>
      </trkpt>
      <trkpt lat="49.99981666666667" lon="14.950416666666667">
        <ele>504</ele>
        <time>2025-03-28T16:06:16Z</time>
      </trkpt>
      <trkpt lat="49.99978333333333" lon="14.95055">
        <ele>501</ele>
        <time>2025-03-28T16:06:17Z</time>
      </trkpt>
      <trkpt lat="49.99973333333333" lon="14.950666666666667">
        <ele>499</ele>
        <time>2025-03-28T16:06:18Z</time>
      </trkpt>
      <trkpt lat="49.99968333333333" lon="14.9508">
        <ele>496</ele>
        <time>2025-03-28T16:06:19Z</time>
      </trkpt>
      <trkpt lat="49.99965" lon="14.950916666666666">
        <ele>494</ele>
        <time>2025-03-28T16:06:20Z</time>
      </trkpt>
      <trkpt lat="49.9996" lon="14.951033333333333">
        <ele>492</ele>
        <time>2025-03-28T16:06:21Z</time>
      </trkpt>
      <trkpt lat="49.99956666666667" lon="14.951166666666667">
        <ele>489</ele>
        <time>2025-03-28T16:06:22Z</time>
      </trkpt>
      <trkpt lat="49.99953333333333" lon="14.9513">
        <ele>487</ele>
        <time>2025-03-28T16:06:23Z</time>
      </trkpt>
      <trkpt lat="49.99948333333333" lon="14.95145">
        <ele>484</ele>
        <time>2025-03-28T16:06:24Z</time>
      </trkpt>
      <trkpt lat="49.99945" lon="14.9516">
        <ele>483</ele>
        <time>2025-03-28T16:06:25Z</time>
      </trkpt>
      <trkpt lat="49.9994" lon="14.95175">
        <ele>483</ele>
        <time>2025-03-28T16:06:26Z</time>
      </trkpt>
      <trkpt lat="49.99935" lon="14.9519">
        <ele>483</ele>
        <time>2025-03-28T16:06:27Z</time>
      </trkpt>
      <trkpt lat="49.9993" lon="14.95205">
        <ele>483</ele>
        <time>2025-03-28T16:06:28Z</time>
      </trkpt>
      <trkpt lat="49.99925" lon="14.9522">
        <ele>483</ele>
        <time>2025-03-28T16:06:29Z</time>
      </trkpt>
      <trkpt lat="49.999183333333335" lon="14.95235">
        <ele>483</ele>
        <time>2025-03-28T16:06:30Z</time>
      </trkpt>
      <trkpt lat="49.99913333333333" lon="14.9525">
        <ele>483</ele>
        <time>2025-03-28T16:06:31Z</time>
      </trkpt>
      <trkpt lat="49.999066666666664" lon="14.95265">
        <ele>482</ele>
        <time>2025-03-28T16:06:32Z</time>
      </trkpt>
      <trkpt lat="49.999" lon="14.9528">
        <ele>482</ele>
        <time>2025-03-28T16:06:33Z</time>
      </trkpt>
      <trkpt lat="49.99895" lon="14.95295">
        <ele>481</ele>
        <time>2025-03-28T16:06:34Z</time>
      </trkpt>
      <trkpt lat="49.998916666666666" lon="14.9531">
        <ele>481</ele>
        <time>2025-03-28T16:06:35Z</time>
      </trkpt>
      <trkpt lat="49.998866666666665" lon="14.95325">
        <ele>480</ele>
        <time>2025-03-28T16:06:36Z</time>
      </trkpt>
      <trkpt lat="49.9988" lon="14.9534">
        <ele>480</ele>
        <time>2025-03-28T16:06:37Z</time>
      </trkpt>
      <trkpt lat="49.99875" lon="14.953566666666667">
        <ele>479</ele>
        <time>2025-03-28T16:06:38Z</time>
      </trkpt>
      <trkpt lat="49.9987" lon="14.953716666666667">
        <ele>478</ele>
        <time>2025-03-28T16:06:39Z</time>
      </trkpt>
      <trkpt lat="49.99865" lon="14.9539">
        <ele>477</ele>
        <time>2025-03-28T16:06:40Z</time>
      </trkpt>
      <trkpt lat="49.9986" lon="14.954066666666666">
        <ele>477</ele>
        <time>2025-03-28T16:06:41Z</time>
      </trkpt>
      <trkpt lat="49.99856666666667" lon="14.954233333333333">
        <ele>477</ele>
        <time>2025-03-28T16:06:42Z</time>
      </trkpt>
      <trkpt lat="49.99851666666667" lon="14.954383333333332">
        <ele>477</ele>
        <time>2025-03-28T16:06:43Z</time>
      </trkpt>
      <trkpt lat="49.998466666666666" lon="14.954533333333334">
        <ele>478</ele>
        <time>2025-03-28T16:06:44Z</time>
      </trkpt>
      <trkpt lat="49.99843333333333" lon="14.954683333333334">
        <ele>479</ele>
        <time>2025-03-28T16:06:45Z</time>
      </trkpt>
      <trkpt lat="49.9984" lon="14.95485">
        <ele>479</ele>
        <time>2025-03-28T16:06:46Z</time>
      </trkpt>
      <trkpt lat="49.99836666666667" lon="14.955">
        <ele>479</ele>
        <time>2025-03-28T16:06:47Z</time>
      </trkpt>
      <trkpt lat="49.99831666666667" lon="14.955166666666667">
        <ele>479</ele>
        <time>2025-03-28T16:06:48Z</time>
      </trkpt>
      <trkpt lat="49.99828333333333" lon="14.955333333333334">
        <ele>479</ele>
        <time>2025-03-28T16:06:49Z</time>
      </trkpt>
      <trkpt lat="49.99823333333333" lon="14.955483333333333">
        <ele>478</ele>
        <time>2025-03-28T16:06:50Z</time>
      </trkpt>
      <trkpt lat="49.99818333333333" lon="14.95565">
        <ele>478</ele>
        <time>2025-03-28T16:06:51Z</time>
      </trkpt>
      <trkpt lat="49.99815" lon="14.9558">
        <ele>477</ele>
        <time>2025-03-28T16:06:52Z</time>
      </trkpt>
      <trkpt lat="49.99811666666667" lon="14.955966666666667">
        <ele>477</ele>
        <time>2025-03-28T16:06:53Z</time>
      </trkpt>
      <trkpt lat="49.998083333333334" lon="14.956116666666667">
        <ele>476</ele>
        <time>2025-03-28T16:06:54Z</time>
      </trkpt>
      <trkpt lat="49.99805" lon="14.956283333333333">
        <ele>476</ele>
        <time>2025-03-28T16:06:55Z</time>
      </trkpt>
      <trkpt lat="49.998" lon="14.95645">
        <ele>475</ele>
        <time>2025-03-28T16:06:56Z</time>
      </trkpt>
      <trkpt lat="49.99796666666667" lon="14.956616666666667">
        <ele>475</ele>
        <time>2025-03-28T16:06:57Z</time>
      </trkpt>
      <trkpt lat="49.997933333333336" lon="14.956766666666667">
        <ele>473</ele>
        <time>2025-03-28T16:06:58Z</time>
      </trkpt>
      <trkpt lat="49.9979" lon="14.95695">
        <ele>472</ele>
        <time>2025-03-28T16:06:59Z</time>
      </trkpt>
      <trkpt lat="49.99786666666667" lon="14.9571">
        <ele>472</ele>
        <time>2025-03-28T16:07:00Z</time>
      </trkpt>
      <trkpt lat="49.997816666666665" lon="14.95725">
        <ele>471</ele>
        <time>2025-03-28T16:07:01Z</time>
      </trkpt>
      <trkpt lat="49.99778333333333" lon="14.9574">
        <ele>470</ele>
        <time>2025-03-28T16:07:02Z</time>
      </trkpt>
      <trkpt lat="49.99775" lon="14.95755">
        <ele>469</ele>
        <time>2025-03-28T16:07:03Z</time>
      </trkpt>
      <trkpt lat="49.99771666666667" lon="14.957716666666666">
        <ele>468</ele>
        <time>2025-03-28T16:07:04Z</time>
      </trkpt>
      <trkpt lat="49.997683333333335" lon="14.957883333333333">
        <ele>468</ele>
        <time>2025-03-28T16:07:05Z</time>
      </trkpt>
      <trkpt lat="49.99765" lon="14.958033333333333">
        <ele>468</ele>
        <time>2025-03-28T16:07:06Z</time>
      </trkpt>
      <trkpt lat="49.997616666666666" lon="14.958183333333332">
        <ele>469</ele>
        <time>2025-03-28T16:07:07Z</time>
      </trkpt>
      <trkpt lat="49.99758333333333" lon="14.958333333333334">
        <ele>469</ele>
        <time>2025-03-28T16:07:08Z</time>
      </trkpt>
      <trkpt lat="49.997566666666664" lon="14.9585">
        <ele>469</ele>
        <time>2025-03-28T16:07:09Z</time>
      </trkpt>
      <trkpt lat="49.99753333333334" lon="14.95865">
        <ele>469</ele>
        <time>2025-03-28T16:07:10Z</time>
      </trkpt>
      <trkpt lat="49.9975" lon="14.958816666666667">
        <ele>469</ele>
        <time>2025-03-28T16:07:11Z</time>
      </trkpt>
      <trkpt lat="49.997483333333335" lon="14.958983333333334">
        <ele>469</ele>
        <time>2025-03-28T16:07:12Z</time>
      </trkpt>
      <trkpt lat="49.99745" lon="14.959133333333334">
        <ele>469</ele>
        <time>2025-03-28T16:07:13Z</time>
      </trkpt>
      <trkpt lat="49.99743333333333" lon="14.959266666666666">
        <ele>470</ele>
        <time>2025-03-28T16:07:14Z</time>
      </trkpt>
      <trkpt lat="49.9974" lon="14.959416666666666">
        <ele>471</ele>
        <time>2025-03-28T16:07:15Z</time>
      </trkpt>
      <trkpt lat="49.997366666666665" lon="14.95955">
        <ele>471</ele>
        <time>2025-03-28T16:07:16Z</time>
      </trkpt>
      <trkpt lat="49.99735" lon="14.9597">
        <ele>472</ele>
        <time>2025-03-28T16:07:17Z</time>
      </trkpt>
      <trkpt lat="49.99731666666667" lon="14.959833333333334">
        <ele>473</ele>
        <time>2025-03-28T16:07:18Z</time>
      </trkpt>
      <trkpt lat="49.9973" lon="14.959983333333334">
        <ele>473</ele>
        <time>2025-03-28T16:07:19Z</time>
      </trkpt>
      <trkpt lat="49.99726666666667" lon="14.960133333333333">
        <ele>473</ele>
        <time>2025-03-28T16:07:20Z</time>
      </trkpt>
      <trkpt lat="49.997233333333334" lon="14.960266666666667">
        <ele>474</ele>
        <time>2025-03-28T16:07:21Z</time>
      </trkpt>
      <trkpt lat="49.9972" lon="14.960416666666667">
        <ele>474</ele>
        <time>2025-03-28T16:07:22Z</time>
      </trkpt>
      <trkpt lat="49.997166666666665" lon="14.960566666666667">
        <ele>474</ele>
        <time>2025-03-28T16:07:23Z</time>
      </trkpt>
      <trkpt lat="49.99713333333333" lon="14.9607">
        <ele>474</ele>
        <time>2025-03-28T16:07:24Z</time>
      </trkpt>
      <trkpt lat="49.9971" lon="14.960833333333333">
        <ele>475</ele>
        <time>2025-03-28T16:07:25Z</time>
      </trkpt>
      <trkpt lat="49.99706666666667" lon="14.960966666666666">
        <ele>475</ele>
        <time>2025-03-28T16:07:26Z</time>
      </trkpt>
      <trkpt lat="49.997033333333334" lon="14.961116666666667">
        <ele>475</ele>
        <time>2025-03-28T16:07:27Z</time>
      </trkpt>
      <trkpt lat="49.997" lon="14.961266666666667">
        <ele>474</ele>
        <time>2025-03-28T16:07:28Z</time>
      </trkpt>
      <trkpt lat="49.996966666666665" lon="14.961433333333334">
        <ele>473</ele>
        <time>2025-03-28T16:07:29Z</time>
      </trkpt>
      <trkpt lat="49.996916666666664" lon="14.9616">
        <ele>471</ele>
        <time>2025-03-28T16:07:30Z</time>
      </trkpt>
      <trkpt lat="49.99686666666667" lon="14.961766666666668">
        <ele>469</ele>
        <time>2025-03-28T16:07:31Z</time>
      </trkpt>
      <trkpt lat="49.99681666666667" lon="14.961933333333333">
        <ele>467</ele>
        <time>2025-03-28T16:07:32Z</time>
      </trkpt>
      <trkpt lat="49.99675" lon="14.962083333333334">
        <ele>465</ele>
        <time>2025-03-28T16:07:33Z</time>
      </trkpt>
      <trkpt lat="49.9967" lon="14.962233333333334">
        <ele>463</ele>
        <time>2025-03-28T16:07:34Z</time>
      </trkpt>
      <trkpt lat="49.99665" lon="14.9624">
        <ele>461</ele>
        <time>2025-03-28T16:07:35Z</time>
      </trkpt>
      <trkpt lat="49.9966" lon="14.962566666666667">
        <ele>460</ele>
        <time>2025-03-28T16:07:36Z</time>
      </trkpt>
      <trkpt lat="49.99655" lon="14.962733333333333">
        <ele>457</ele>
        <time>2025-03-28T16:07:37Z</time>
      </trkpt>
      <trkpt lat="49.9965" lon="14.9629">
        <ele>455</ele>
        <time>2025-03-28T16:07:38Z</time>
      </trkpt>
      <trkpt lat="49.996433333333336" lon="14.963066666666666">
        <ele>454</ele>
        <time>2025-03-28T16:07:39Z</time>
      </trkpt>
      <trkpt lat="49.996383333333334" lon="14.963216666666666">
        <ele>453</ele>
        <time>2025-03-28T16:07:40Z</time>
      </trkpt>
      <trkpt lat="49.99633333333333" lon="14.963383333333333">
        <ele>453</ele>
        <time>2025-03-28T16:07:41Z</time>
      </trkpt>
      <trkpt lat="49.9963" lon="14.963533333333332">
        <ele>453</ele>
        <time>2025-03-28T16:07:42Z</time>
      </trkpt>
      <trkpt lat="49.99626666666666" lon="14.9637">
        <ele>452</ele>
        <time>2025-03-28T16:07:43Z</time>
      </trkpt>
      <trkpt lat="49.99621666666667" lon="14.96385">
        <ele>452</ele>
        <time>2025-03-28T16:07:44Z</time>
      </trkpt>
      <trkpt lat="49.99616666666667" lon="14.964016666666666">
        <ele>451</ele>
        <time>2025-03-28T16:07:45Z</time>
      </trkpt>
      <trkpt lat="49.996116666666666" lon="14.964183333333333">
        <ele>450</ele>
        <time>2025-03-28T16:07:46Z</time>
      </trkpt>
      <trkpt lat="49.996066666666664" lon="14.96435">
        <ele>449</ele>
        <time>2025-03-28T16:07:47Z</time>
      </trkpt>
      <trkpt lat="49.99601666666667" lon="14.964516666666666">
        <ele>448</ele>
        <time>2025-03-28T16:07:48Z</time>
      </trkpt>
      <trkpt lat="49.995983333333335" lon="14.964666666666666">
        <ele>447</ele>
        <time>2025-03-28T16:07:49Z</time>
      </trkpt>
      <trkpt lat="49.99595" lon="14.964833333333333">
        <ele>446</ele>
        <time>2025-03-28T16:07:50Z</time>
      </trkpt>
      <trkpt lat="49.9959" lon="14.965">
        <ele>445</ele>
        <time>2025-03-28T16:07:51Z</time>
      </trkpt>
      <trkpt lat="49.99585" lon="14.96515">
        <ele>444</ele>
        <time>2025-03-28T16:07:52Z</time>
      </trkpt>
      <trkpt lat="49.9958" lon="14.965316666666666">
        <ele>443</ele>
        <time>2025-03-28T16:07:53Z</time>
      </trkpt>
      <trkpt lat="49.99576666666667" lon="14.9655">
        <ele>442</ele>
        <time>2025-03-28T16:07:54Z</time>
      </trkpt>
      <trkpt lat="49.99571666666667" lon="14.965666666666667">
        <ele>442</ele>
        <time>2025-03-28T16:07:55Z</time>
      </trkpt>
      <trkpt lat="49.99568333333333" lon="14.965833333333334">
        <ele>442</ele>
        <time>2025-03-28T16:07:56Z</time>
      </trkpt>
      <trkpt lat="49.99565" lon="14.966">
        <ele>441</ele>
        <time>2025-03-28T16:07:57Z</time>
      </trkpt>
      <trkpt lat="49.99561666666666" lon="14.966166666666666">
        <ele>441</ele>
        <time>2025-03-28T16:07:58Z</time>
      </trkpt>
      <trkpt lat="49.995583333333336" lon="14.96635">
        <ele>442</ele>
        <time>2025-03-28T16:07:59Z</time>
      </trkpt>
      <trkpt lat="49.99556666666667" lon="14.966516666666667">
        <ele>442</ele>
        <time>2025-03-28T16:08:00Z</time>
      </trkpt>
      <trkpt lat="49.995533333333334" lon="14.9667">
        <ele>442</ele>
        <time>2025-03-28T16:08:01Z</time>
      </trkpt>
      <trkpt lat="49.99551666666667" lon="14.966883333333334">
        <ele>442</ele>
        <time>2025-03-28T16:08:02Z</time>
      </trkpt>
      <trkpt lat="49.9955" lon="14.967066666666666">
        <ele>441</ele>
        <time>2025-03-28T16:08:03Z</time>
      </trkpt>
      <trkpt lat="49.99548333333333" lon="14.967233333333333">
        <ele>441</ele>
        <time>2025-03-28T16:08:04Z</time>
      </trkpt>
      <trkpt lat="49.995466666666665" lon="14.967416666666667">
        <ele>441</ele>
        <time>2025-03-28T16:08:05Z</time>
      </trkpt>
      <trkpt lat="49.99545" lon="14.967583333333334">
        <ele>441</ele>
        <time>2025-03-28T16:08:06Z</time>
      </trkpt>
      <trkpt lat="49.99543333333333" lon="14.96775">
        <ele>441</ele>
        <time>2025-03-28T16:08:07Z</time>
      </trkpt>
      <trkpt lat="49.99543333333333" lon="14.967933333333333">
        <ele>441</ele>
        <time>2025-03-28T16:08:08Z</time>
      </trkpt>
      <trkpt lat="49.99543333333333" lon="14.968116666666667">
        <ele>440</ele>
        <time>2025-03-28T16:08:09Z</time>
      </trkpt>
      <trkpt lat="49.995416666666664" lon="14.9683">
        <ele>440</ele>
        <time>2025-03-28T16:08:10Z</time>
      </trkpt>
      <trkpt lat="49.9954" lon="14.968466666666666">
        <ele>440</ele>
        <time>2025-03-28T16:08:11Z</time>
      </trkpt>
      <trkpt lat="49.995383333333336" lon="14.96865">
        <ele>439</ele>
        <time>2025-03-28T16:08:12Z</time>
      </trkpt>
      <trkpt lat="49.99536666666667" lon="14.968816666666667">
        <ele>440</ele>
        <time>2025-03-28T16:08:13Z</time>
      </trkpt>
      <trkpt lat="49.99535" lon="14.968983333333334">
        <ele>440</ele>
        <time>2025-03-28T16:08:14Z</time>
      </trkpt>
      <trkpt lat="49.995333333333335" lon="14.96915">
        <ele>441</ele>
        <time>2025-03-28T16:08:15Z</time>
      </trkpt>
      <trkpt lat="49.99531666666667" lon="14.969316666666666">
        <ele>442</ele>
        <time>2025-03-28T16:08:16Z</time>
      </trkpt>
      <trkpt lat="49.99528333333333" lon="14.96945">
        <ele>443</ele>
        <time>2025-03-28T16:08:17Z</time>
      </trkpt>
      <trkpt lat="49.995266666666666" lon="14.9696">
        <ele>444</ele>
        <time>2025-03-28T16:08:18Z</time>
      </trkpt>
      <trkpt lat="49.99525" lon="14.969766666666667">
        <ele>445</ele>
        <time>2025-03-28T16:08:19Z</time>
      </trkpt>
      <trkpt lat="49.99523333333333" lon="14.969916666666666">
        <ele>445</ele>
        <time>2025-03-28T16:08:20Z</time>
      </trkpt>
      <trkpt lat="49.995216666666664" lon="14.970066666666666">
        <ele>445</ele>
        <time>2025-03-28T16:08:21Z</time>
      </trkpt>
      <trkpt lat="49.99518333333333" lon="14.970216666666667">
        <ele>445</ele>
        <time>2025-03-28T16:08:22Z</time>
      </trkpt>
      <trkpt lat="49.99516666666667" lon="14.970366666666667">
        <ele>444</ele>
        <time>2025-03-28T16:08:23Z</time>
      </trkpt>
      <trkpt lat="49.995133333333335" lon="14.9705">
        <ele>445</ele>
        <time>2025-03-28T16:08:24Z</time>
      </trkpt>
      <trkpt lat="49.99511666666667" lon="14.970633333333334">
        <ele>445</ele>
        <time>2025-03-28T16:08:25Z</time>
      </trkpt>
      <trkpt lat="49.99508333333333" lon="14.970783333333333">
        <ele>445</ele>
        <time>2025-03-28T16:08:26Z</time>
      </trkpt>
      <trkpt lat="49.99505" lon="14.970933333333333">
        <ele>444</ele>
        <time>2025-03-28T16:08:27Z</time>
      </trkpt>
      <trkpt lat="49.99503333333333" lon="14.971083333333333">
        <ele>444</ele>
        <time>2025-03-28T16:08:28Z</time>
      </trkpt>
      <trkpt lat="49.995016666666665" lon="14.971233333333334">
        <ele>444</ele>
        <time>2025-03-28T16:08:29Z</time>
      </trkpt>
      <trkpt lat="49.995" lon="14.971383333333334">
        <ele>444</ele>
        <time>2025-03-28T16:08:30Z</time>
      </trkpt>
      <trkpt lat="49.99498333333333" lon="14.971533333333333">
        <ele>444</ele>
        <time>2025-03-28T16:08:31Z</time>
      </trkpt>
      <trkpt lat="49.99495" lon="14.971666666666666">
        <ele>444</ele>
        <time>2025-03-28T16:08:32Z</time>
      </trkpt>
      <trkpt lat="49.994933333333336" lon="14.971816666666667">
        <ele>443</ele>
        <time>2025-03-28T16:08:33Z</time>
      </trkpt>
      <trkpt lat="49.9949" lon="14.971966666666667">
        <ele>443</ele>
        <time>2025-03-28T16:08:34Z</time>
      </trkpt>
      <trkpt lat="49.994883333333334" lon="14.972116666666667">
        <ele>443</ele>
        <time>2025-03-28T16:08:35Z</time>
      </trkpt>
      <trkpt lat="49.99486666666667" lon="14.972266666666666">
        <ele>442</ele>
        <time>2025-03-28T16:08:36Z</time>
      </trkpt>
      <trkpt lat="49.99486666666667" lon="14.9724">
        <ele>443</ele>
        <time>2025-03-28T16:08:37Z</time>
      </trkpt>
      <trkpt lat="49.99485" lon="14.972533333333333">
        <ele>443</ele>
        <time>2025-03-28T16:08:38Z</time>
      </trkpt>
      <trkpt lat="49.99483333333333" lon="14.972666666666667">
        <ele>443</ele>
        <time>2025-03-28T16:08:39Z</time>
      </trkpt>
      <trkpt lat="49.994816666666665" lon="14.972816666666667">
        <ele>443</ele>
        <time>2025-03-28T16:08:40Z</time>
      </trkpt>
      <trkpt lat="49.994816666666665" lon="14.97295">
        <ele>442</ele>
        <time>2025-03-28T16:08:41Z</time>
      </trkpt>
      <trkpt lat="49.9948" lon="14.9731">
        <ele>442</ele>
        <time>2025-03-28T16:08:42Z</time>
      </trkpt>
      <trkpt lat="49.9948" lon="14.97325">
        <ele>441</ele>
        <time>2025-03-28T16:08:43Z</time>
      </trkpt>
      <trkpt lat="49.9948" lon="14.9734">
        <ele>441</ele>
        <time>2025-03-28T16:08:44Z</time>
      </trkpt>
      <trkpt lat="49.99478333333333" lon="14.973533333333334">
        <ele>440</ele>
        <time>2025-03-28T16:08:45Z</time>
      </trkpt>
      <trkpt lat="49.99476666666666" lon="14.973666666666666">
        <ele>440</ele>
        <time>2025-03-28T16:08:46Z</time>
      </trkpt>
      <trkpt lat="49.99475" lon="14.9738">
        <ele>440</ele>
        <time>2025-03-28T16:08:47Z</time>
      </trkpt>
      <trkpt lat="49.99471666666667" lon="14.973933333333333">
        <ele>440</ele>
        <time>2025-03-28T16:08:48Z</time>
      </trkpt>
      <trkpt lat="49.9947" lon="14.974083333333333">
        <ele>439</ele>
        <time>2025-03-28T16:08:49Z</time>
      </trkpt>
      <trkpt lat="49.994683333333334" lon="14.974233333333334">
        <ele>438</ele>
        <time>2025-03-28T16:08:50Z</time>
      </trkpt>
      <trkpt lat="49.99466666666667" lon="14.974366666666667">
        <ele>438</ele>
        <time>2025-03-28T16:08:51Z</time>
      </trkpt>
      <trkpt lat="49.99465" lon="14.974516666666666">
        <ele>437</ele>
        <time>2025-03-28T16:08:52Z</time>
      </trkpt>
      <trkpt lat="49.99465" lon="14.97465">
        <ele>436</ele>
        <time>2025-03-28T16:08:53Z</time>
      </trkpt>
      <trkpt lat="49.99463333333333" lon="14.9748">
        <ele>435</ele>
        <time>2025-03-28T16:08:54Z</time>
      </trkpt>
      <trkpt lat="49.99463333333333" lon="14.97495">
        <ele>434</ele>
        <time>2025-03-28T16:08:55Z</time>
      </trkpt>
      <trkpt lat="49.99465" lon="14.9751">
        <ele>433</ele>
        <time>2025-03-28T16:08:56Z</time>
      </trkpt>
      <trkpt lat="49.99466666666667" lon="14.975266666666666">
        <ele>432</ele>
        <time>2025-03-28T16:08:57Z</time>
      </trkpt>
      <trkpt lat="49.994683333333334" lon="14.975416666666666">
        <ele>432</ele>
        <time>2025-03-28T16:08:58Z</time>
      </trkpt>
      <trkpt lat="49.994683333333334" lon="14.975566666666667">
        <ele>431</ele>
        <time>2025-03-28T16:08:59Z</time>
      </trkpt>
      <trkpt lat="49.9947" lon="14.9757">
        <ele>432</ele>
        <time>2025-03-28T16:09:00Z</time>
      </trkpt>
      <trkpt lat="49.994733333333336" lon="14.975833333333334">
        <ele>432</ele>
        <time>2025-03-28T16:09:01Z</time>
      </trkpt>
      <trkpt lat="49.99476666666666" lon="14.97595">
        <ele>433</ele>
        <time>2025-03-28T16:09:02Z</time>
      </trkpt>
      <trkpt lat="49.994816666666665" lon="14.976066666666666">
        <ele>433</ele>
        <time>2025-03-28T16:09:03Z</time>
      </trkpt>
      <trkpt lat="49.99485" lon="14.976183333333333">
        <ele>433</ele>
        <time>2025-03-28T16:09:04Z</time>
      </trkpt>
      <trkpt lat="49.9949" lon="14.9763">
        <ele>433</ele>
        <time>2025-03-28T16:09:05Z</time>
      </trkpt>
      <trkpt lat="49.99495" lon="14.976433333333333">
        <ele>433</ele>
        <time>2025-03-28T16:09:06Z</time>
      </trkpt>
      <trkpt lat="49.995" lon="14.976566666666667">
        <ele>434</ele>
        <time>2025-03-28T16:09:07Z</time>
      </trkpt>
      <trkpt lat="49.99505" lon="14.976666666666667">
        <ele>434</ele>
        <time>2025-03-28T16:09:08Z</time>
      </trkpt>
      <trkpt lat="49.99511666666667" lon="14.976783333333334">
        <ele>435</ele>
        <time>2025-03-28T16:09:09Z</time>
      </trkpt>
      <trkpt lat="49.99516666666667" lon="14.9769">
        <ele>436</ele>
        <time>2025-03-28T16:09:10Z</time>
      </trkpt>
      <trkpt lat="49.995216666666664" lon="14.977">
        <ele>436</ele>
        <time>2025-03-28T16:09:11Z</time>
      </trkpt>
      <trkpt lat="49.995266666666666" lon="14.977116666666667">
        <ele>437</ele>
        <time>2025-03-28T16:09:12Z</time>
      </trkpt>
      <trkpt lat="49.99531666666667" lon="14.97725">
        <ele>437</ele>
        <time>2025-03-28T16:09:13Z</time>
      </trkpt>
      <trkpt lat="49.9954" lon="14.977366666666667">
        <ele>437</ele>
        <time>2025-03-28T16:09:14Z</time>
      </trkpt>
      <trkpt lat="49.995466666666665" lon="14.97745">
        <ele>438</ele>
        <time>2025-03-28T16:09:15Z</time>
      </trkpt>
      <trkpt lat="49.99555" lon="14.977533333333334">
        <ele>438</ele>
        <time>2025-03-28T16:09:16Z</time>
      </trkpt>
      <trkpt lat="49.99561666666666" lon="14.9776">
        <ele>439</ele>
        <time>2025-03-28T16:09:17Z</time>
      </trkpt>
      <trkpt lat="49.9957" lon="14.977666666666666">
        <ele>440</ele>
        <time>2025-03-28T16:09:18Z</time>
      </trkpt>
      <trkpt lat="49.99576666666667" lon="14.977733333333333">
        <ele>441</ele>
        <time>2025-03-28T16:09:19Z</time>
      </trkpt>
      <trkpt lat="49.99585" lon="14.977816666666667">
        <ele>441</ele>
        <time>2025-03-28T16:09:20Z</time>
      </trkpt>
      <trkpt lat="49.99593333333333" lon="14.9779">
        <ele>441</ele>
        <time>2025-03-28T16:09:21Z</time>
      </trkpt>
      <trkpt lat="49.99601666666667" lon="14.978">
        <ele>440</ele>
        <time>2025-03-28T16:09:22Z</time>
      </trkpt>
      <trkpt lat="49.9961" lon="14.978083333333334">
        <ele>440</ele>
        <time>2025-03-28T16:09:23Z</time>
      </trkpt>
      <trkpt lat="49.996183333333335" lon="14.978166666666667">
        <ele>440</ele>
        <time>2025-03-28T16:09:24Z</time>
      </trkpt>
      <trkpt lat="49.99626666666666" lon="14.978216666666667">
        <ele>441</ele>
        <time>2025-03-28T16:09:25Z</time>
      </trkpt>
      <trkpt lat="49.99633333333333" lon="14.978266666666666">
        <ele>442</ele>
        <time>2025-03-28T16:09:26Z</time>
      </trkpt>
      <trkpt lat="49.99641666666667" lon="14.978333333333333">
        <ele>442</ele>
        <time>2025-03-28T16:09:27Z</time>
      </trkpt>
      <trkpt lat="49.99648333333333" lon="14.978416666666666">
        <ele>442</ele>
        <time>2025-03-28T16:09:28Z</time>
      </trkpt>
      <trkpt lat="49.996566666666666" lon="14.9785">
        <ele>442</ele>
        <time>2025-03-28T16:09:29Z</time>
      </trkpt>
      <trkpt lat="49.99665" lon="14.9786">
        <ele>441</ele>
        <time>2025-03-28T16:09:30Z</time>
      </trkpt>
      <trkpt lat="49.996716666666664" lon="14.978683333333333">
        <ele>441</ele>
        <time>2025-03-28T16:09:31Z</time>
      </trkpt>
      <trkpt lat="49.9968" lon="14.978766666666667">
        <ele>441</ele>
        <time>2025-03-28T16:09:32Z</time>
      </trkpt>
      <trkpt lat="49.99688333333334" lon="14.978833333333334">
        <ele>441</ele>
        <time>2025-03-28T16:09:33Z</time>
      </trkpt>
      <trkpt lat="49.99695" lon="14.978916666666667">
        <ele>441</ele>
        <time>2025-03-28T16:09:34Z</time>
      </trkpt>
      <trkpt lat="49.997033333333334" lon="14.979">
        <ele>442</ele>
        <time>2025-03-28T16:09:35Z</time>
      </trkpt>
      <trkpt lat="49.99711666666666" lon="14.979083333333334">
        <ele>442</ele>
        <time>2025-03-28T16:09:36Z</time>
      </trkpt>
      <trkpt lat="49.9972" lon="14.979183333333333">
        <ele>441</ele>
        <time>2025-03-28T16:09:37Z</time>
      </trkpt>
      <trkpt lat="49.997283333333336" lon="14.979266666666666">
        <ele>441</ele>
        <time>2025-03-28T16:09:38Z</time>
      </trkpt>
      <trkpt lat="49.997366666666665" lon="14.97935">
        <ele>441</ele>
        <time>2025-03-28T16:09:39Z</time>
      </trkpt>
      <trkpt lat="49.99745" lon="14.979416666666667">
        <ele>441</ele>
        <time>2025-03-28T16:09:40Z</time>
      </trkpt>
      <trkpt lat="49.99755" lon="14.979483333333333">
        <ele>441</ele>
        <time>2025-03-28T16:09:41Z</time>
      </trkpt>
      <trkpt lat="49.99763333333333" lon="14.97955">
        <ele>441</ele>
        <time>2025-03-28T16:09:42Z</time>
      </trkpt>
      <trkpt lat="49.99771666666667" lon="14.979616666666667">
        <ele>441</ele>
        <time>2025-03-28T16:09:43Z</time>
      </trkpt>
      <trkpt lat="49.997816666666665" lon="14.979683333333334">
        <ele>442</ele>
        <time>2025-03-28T16:09:44Z</time>
      </trkpt>
      <trkpt lat="49.99791666666667" lon="14.97975">
        <ele>442</ele>
        <time>2025-03-28T16:09:45Z</time>
      </trkpt>
      <trkpt lat="49.998" lon="14.9798">
        <ele>442</ele>
        <time>2025-03-28T16:09:46Z</time>
      </trkpt>
      <trkpt lat="49.9981" lon="14.979866666666666">
        <ele>443</ele>
        <time>2025-03-28T16:09:47Z</time>
      </trkpt>
      <trkpt lat="49.99818333333333" lon="14.979933333333333">
        <ele>443</ele>
        <time>2025-03-28T16:09:48Z</time>
      </trkpt>
      <trkpt lat="49.998266666666666" lon="14.98">
        <ele>444</ele>
        <time>2025-03-28T16:09:49Z</time>
      </trkpt>
      <trkpt lat="49.99835" lon="14.980066666666668">
        <ele>445</ele>
        <time>2025-03-28T16:09:50Z</time>
      </trkpt>
      <trkpt lat="49.99843333333333" lon="14.980116666666667">
        <ele>446</ele>
        <time>2025-03-28T16:09:51Z</time>
      </trkpt>
      <trkpt lat="49.998533333333334" lon="14.98015">
        <ele>446</ele>
        <time>2025-03-28T16:09:52Z</time>
      </trkpt>
      <trkpt lat="49.99865" lon="14.9802">
        <ele>446</ele>
        <time>2025-03-28T16:09:53Z</time>
      </trkpt>
      <trkpt lat="49.99875" lon="14.980233333333333">
        <ele>446</ele>
        <time>2025-03-28T16:09:54Z</time>
      </trkpt>
      <trkpt lat="49.99883333333333" lon="14.9803">
        <ele>447</ele>
        <time>2025-03-28T16:09:55Z</time>
      </trkpt>
      <trkpt lat="49.99893333333333" lon="14.980333333333334">
        <ele>448</ele>
        <time>2025-03-28T16:09:56Z</time>
      </trkpt>
      <trkpt lat="49.99901666666667" lon="14.98035">
        <ele>448</ele>
        <time>2025-03-28T16:09:57Z</time>
      </trkpt>
      <trkpt lat="49.999116666666666" lon="14.980366666666667">
        <ele>449</ele>
        <time>2025-03-28T16:09:58Z</time>
      </trkpt>
      <trkpt lat="49.99921666666667" lon="14.9804">
        <ele>449</ele>
        <time>2025-03-28T16:09:59Z</time>
      </trkpt>
      <trkpt lat="49.999316666666665" lon="14.980433333333334">
        <ele>449</ele>
        <time>2025-03-28T16:10:00Z</time>
      </trkpt>
      <trkpt lat="49.99941666666667" lon="14.9805">
        <ele>449</ele>
        <time>2025-03-28T16:10:01Z</time>
      </trkpt>
      <trkpt lat="49.9995" lon="14.980566666666666">
        <ele>449</ele>
        <time>2025-03-28T16:10:02Z</time>
      </trkpt>
      <trkpt lat="49.9996" lon="14.980633333333333">
        <ele>449</ele>
        <time>2025-03-28T16:10:03Z</time>
      </trkpt>
      <trkpt lat="49.99968333333333" lon="14.9807">
        <ele>449</ele>
        <time>2025-03-28T16:10:04Z</time>
      </trkpt>
      <trkpt lat="49.99978333333333" lon="14.98075">
        <ele>450</ele>
        <time>2025-03-28T16:10:05Z</time>
      </trkpt>
      <trkpt lat="49.99986666666667" lon="14.980816666666666">
        <ele>450</ele>
        <time>2025-03-28T16:10:06Z</time>
      </trkpt>
      <trkpt lat="49.99995" lon="14.9809">
        <ele>451</ele>
        <time>2025-03-28T16:10:07Z</time>
      </trkpt>
      <trkpt lat="50.00005" lon="14.980966666666667">
        <ele>451</ele>
        <time>2025-03-28T16:10:08Z</time>
      </trkpt>
      <trkpt lat="50.00013333333333" lon="14.981033333333333">
        <ele>452</ele>
        <time>2025-03-28T16:10:09Z</time>
      </trkpt>
      <trkpt lat="50.00021666666667" lon="14.981116666666667">
        <ele>453</ele>
        <time>2025-03-28T16:10:10Z</time>
      </trkpt>
      <trkpt lat="50.0003" lon="14.981166666666667">
        <ele>453</ele>
        <time>2025-03-28T16:10:11Z</time>
      </trkpt>
      <trkpt lat="50.00038333333333" lon="14.981216666666667">
        <ele>453</ele>
        <time>2025-03-28T16:10:12Z</time>
      </trkpt>
      <trkpt lat="50.00046666666667" lon="14.981283333333334">
        <ele>453</ele>
        <time>2025-03-28T16:10:13Z</time>
      </trkpt>
      <trkpt lat="50.00055" lon="14.981366666666666">
        <ele>453</ele>
        <time>2025-03-28T16:10:14Z</time>
      </trkpt>
      <trkpt lat="50.00065" lon="14.98145">
        <ele>452</ele>
        <time>2025-03-28T16:10:15Z</time>
      </trkpt>
      <trkpt lat="50.000733333333336" lon="14.981533333333333">
        <ele>451</ele>
        <time>2025-03-28T16:10:16Z</time>
      </trkpt>
      <trkpt lat="50.000816666666665" lon="14.9816">
        <ele>451</ele>
        <time>2025-03-28T16:10:17Z</time>
      </trkpt>
      <trkpt lat="50.00091666666667" lon="14.981616666666667">
        <ele>451</ele>
        <time>2025-03-28T16:10:18Z</time>
      </trkpt>
      <trkpt lat="50.00103333333333" lon="14.981616666666667">
        <ele>451</ele>
        <time>2025-03-28T16:10:19Z</time>
      </trkpt>
      <trkpt lat="50.00115" lon="14.981616666666667">
        <ele>451</ele>
        <time>2025-03-28T16:10:20Z</time>
      </trkpt>
      <trkpt lat="50.00125" lon="14.981616666666667">
        <ele>452</ele>
        <time>2025-03-28T16:10:21Z</time>
      </trkpt>
      <trkpt lat="50.00136666666667" lon="14.9816">
        <ele>452</ele>
        <time>2025-03-28T16:10:22Z</time>
      </trkpt>
      <trkpt lat="50.001466666666666" lon="14.98155">
        <ele>452</ele>
        <time>2025-03-28T16:10:23Z</time>
      </trkpt>
      <trkpt lat="50.0016" lon="14.981466666666666">
        <ele>451</ele>
        <time>2025-03-28T16:10:24Z</time>
      </trkpt>
      <trkpt lat="50.0017" lon="14.98135">
        <ele>451</ele>
        <time>2025-03-28T16:10:25Z</time>
      </trkpt>
      <trkpt lat="50.0018" lon="14.98125">
        <ele>452</ele>
        <time>2025-03-28T16:10:26Z</time>
      </trkpt>
      <trkpt lat="50.0019" lon="14.981216666666667">
        <ele>452</ele>
        <time>2025-03-28T16:10:27Z</time>
      </trkpt>
      <trkpt lat="50.002" lon="14.9812">
        <ele>453</ele>
        <time>2025-03-28T16:10:28Z</time>
      </trkpt>
      <trkpt lat="50.0021" lon="14.981183333333334">
        <ele>453</ele>
        <time>2025-03-28T16:10:29Z</time>
      </trkpt>
      <trkpt lat="50.00221666666667" lon="14.981166666666667">
        <ele>453</ele>
        <time>2025-03-28T16:10:30Z</time>
      </trkpt>
      <trkpt lat="50.00233333333333" lon="14.981183333333334">
        <ele>452</ele>
        <time>2025-03-28T16:10:31Z</time>
      </trkpt>
      <trkpt lat="50.002433333333336" lon="14.981216666666667">
        <ele>452</ele>
        <time>2025-03-28T16:10:32Z</time>
      </trkpt>
      <trkpt lat="50.00253333333333" lon="14.981283333333334">
        <ele>452</ele>
        <time>2025-03-28T16:10:33Z</time>
      </trkpt>
      <trkpt lat="50.00261666666667" lon="14.981366666666666">
        <ele>452</ele>
        <time>2025-03-28T16:10:34Z</time>
      </trkpt>
      <trkpt lat="50.00268333333333" lon="14.98145">
        <ele>453</ele>
        <time>2025-03-28T16:10:35Z</time>
      </trkpt>
      <trkpt lat="50.002766666666666" lon="14.981533333333333">
        <ele>453</ele>
        <time>2025-03-28T16:10:36Z</time>
      </trkpt>
      <trkpt lat="50.002833333333335" lon="14.981616666666667">
        <ele>454</ele>
        <time>2025-03-28T16:10:37Z</time>
      </trkpt>
      <trkpt lat="50.0029" lon="14.981716666666667">
        <ele>454</ele>
        <time>2025-03-28T16:10:38Z</time>
      </trkpt>
      <trkpt lat="50.00295" lon="14.981833333333332">
        <ele>454</ele>
        <time>2025-03-28T16:10:39Z</time>
      </trkpt>
      <trkpt lat="50.00298333333333" lon="14.981983333333334">
        <ele>454</ele>
        <time>2025-03-28T16:10:40Z</time>
      </trkpt>
      <trkpt lat="50.003" lon="14.982133333333334">
        <ele>454</ele>
        <time>2025-03-28T16:10:41Z</time>
      </trkpt>
      <trkpt lat="50.003" lon="14.982266666666666">
        <ele>454</ele>
        <time>2025-03-28T16:10:42Z</time>
      </trkpt>
      <trkpt lat="50.00298333333333" lon="14.9824">
        <ele>455</ele>
        <time>2025-03-28T16:10:43Z</time>
      </trkpt>
      <trkpt lat="50.00295" lon="14.982533333333333">
        <ele>455</ele>
        <time>2025-03-28T16:10:44Z</time>
      </trkpt>
      <trkpt lat="50.00293333333333" lon="14.982666666666667">
        <ele>456</ele>
        <time>2025-03-28T16:10:45Z</time>
      </trkpt>
      <trkpt lat="50.002916666666664" lon="14.982816666666666">
        <ele>456</ele>
        <time>2025-03-28T16:10:46Z</time>
      </trkpt>
      <trkpt lat="50.0029" lon="14.98295">
        <ele>457</ele>
        <time>2025-03-28T16:10:47Z</time>
      </trkpt>
      <trkpt lat="50.00286666666667" lon="14.983083333333333">
        <ele>457</ele>
        <time>2025-03-28T16:10:48Z</time>
      </trkpt>
      <trkpt lat="50.002833333333335" lon="14.983216666666667">
        <ele>457</ele>
        <time>2025-03-28T16:10:49Z</time>
      </trkpt>
      <trkpt lat="50.00278333333333" lon="14.98335">
        <ele>456</ele>
        <time>2025-03-28T16:10:50Z</time>
      </trkpt>
      <trkpt lat="50.00275" lon="14.9835">
        <ele>456</ele>
        <time>2025-03-28T16:10:51Z</time>
      </trkpt>
      <trkpt lat="50.002716666666664" lon="14.98365">
        <ele>455</ele>
        <time>2025-03-28T16:10:52Z</time>
      </trkpt>
      <trkpt lat="50.00268333333333" lon="14.983816666666666">
        <ele>454</ele>
        <time>2025-03-28T16:10:53Z</time>
      </trkpt>
      <trkpt lat="50.002633333333335" lon="14.983966666666667">
        <ele>454</ele>
        <time>2025-03-28T16:10:54Z</time>
      </trkpt>
      <trkpt lat="50.002583333333334" lon="14.9841">
        <ele>454</ele>
        <time>2025-03-28T16:10:55Z</time>
      </trkpt>
      <trkpt lat="50.00253333333333" lon="14.984233333333334">
        <ele>454</ele>
        <time>2025-03-28T16:10:56Z</time>
      </trkpt>
      <trkpt lat="50.0025" lon="14.984383333333334">
        <ele>454</ele>
        <time>2025-03-28T16:10:57Z</time>
      </trkpt>
      <trkpt lat="50.00246666666666" lon="14.984516666666666">
        <ele>455</ele>
        <time>2025-03-28T16:10:58Z</time>
      </trkpt>
      <trkpt lat="50.00241666666667" lon="14.984666666666667">
        <ele>455</ele>
        <time>2025-03-28T16:10:59Z</time>
      </trkpt>
      <trkpt lat="50.00236666666667" lon="14.984833333333333">
        <ele>454</ele>
        <time>2025-03-28T16:11:00Z</time>
      </trkpt>
      <trkpt lat="50.0023" lon="14.985">
        <ele>453</ele>
        <time>2025-03-28T16:11:01Z</time>
      </trkpt>
      <trkpt lat="50.00225" lon="14.985183333333334">
        <ele>452</ele>
        <time>2025-03-28T16:11:02Z</time>
      </trkpt>
      <trkpt lat="50.0022" lon="14.985366666666666">
        <ele>450</ele>
        <time>2025-03-28T16:11:03Z</time>
      </trkpt>
      <trkpt lat="50.00215" lon="14.98555">
        <ele>449</ele>
        <time>2025-03-28T16:11:04Z</time>
      </trkpt>
      <trkpt lat="50.002116666666666" lon="14.985716666666667">
        <ele>448</ele>
        <time>2025-03-28T16:11:05Z</time>
      </trkpt>
      <trkpt lat="50.002066666666664" lon="14.985866666666666">
        <ele>448</ele>
        <time>2025-03-28T16:11:06Z</time>
      </trkpt>
      <trkpt lat="50.00203333333334" lon="14.986033333333333">
        <ele>448</ele>
        <time>2025-03-28T16:11:07Z</time>
      </trkpt>
      <trkpt lat="50.002" lon="14.9862">
        <ele>448</ele>
        <time>2025-03-28T16:11:08Z</time>
      </trkpt>
      <trkpt lat="50.00195" lon="14.986366666666667">
        <ele>448</ele>
        <time>2025-03-28T16:11:09Z</time>
      </trkpt>
      <trkpt lat="50.001916666666666" lon="14.986533333333334">
        <ele>448</ele>
        <time>2025-03-28T16:11:10Z</time>
      </trkpt>
      <trkpt lat="50.001866666666665" lon="14.9867">
        <ele>447</ele>
        <time>2025-03-28T16:11:11Z</time>
      </trkpt>
      <trkpt lat="50.00183333333333" lon="14.98685">
        <ele>447</ele>
        <time>2025-03-28T16:11:12Z</time>
      </trkpt>
      <trkpt lat="50.001783333333336" lon="14.987016666666667">
        <ele>446</ele>
        <time>2025-03-28T16:11:13Z</time>
      </trkpt>
      <trkpt lat="50.00175" lon="14.987166666666667">
        <ele>445</ele>
        <time>2025-03-28T16:11:14Z</time>
      </trkpt>
      <trkpt lat="50.0017" lon="14.987333333333334">
        <ele>445</ele>
        <time>2025-03-28T16:11:15Z</time>
      </trkpt>
      <trkpt lat="50.001666666666665" lon="14.987483333333333">
        <ele>444</ele>
        <time>2025-03-28T16:11:16Z</time>
      </trkpt>
      <trkpt lat="50.00163333333333" lon="14.98765">
        <ele>443</ele>
        <time>2025-03-28T16:11:17Z</time>
      </trkpt>
      <trkpt lat="50.001583333333336" lon="14.9878">
        <ele>442</ele>
        <time>2025-03-28T16:11:18Z</time>
      </trkpt>
      <trkpt lat="50.001533333333334" lon="14.987966666666667">
        <ele>441</ele>
        <time>2025-03-28T16:11:19Z</time>
      </trkpt>
      <trkpt lat="50.00148333333333" lon="14.988133333333334">
        <ele>440</ele>
        <time>2025-03-28T16:11:20Z</time>
      </trkpt>
      <trkpt lat="50.00145" lon="14.9883">
        <ele>439</ele>
        <time>2025-03-28T16:11:21Z</time>
      </trkpt>
      <trkpt lat="50.001416666666664" lon="14.988483333333333">
        <ele>438</ele>
        <time>2025-03-28T16:11:22Z</time>
      </trkpt>
      <trkpt lat="50.00138333333334" lon="14.988633333333333">
        <ele>437</ele>
        <time>2025-03-28T16:11:23Z</time>
      </trkpt>
      <trkpt lat="50.00135" lon="14.9888">
        <ele>437</ele>
        <time>2025-03-28T16:11:24Z</time>
      </trkpt>
      <trkpt lat="50.0013" lon="14.988966666666666">
        <ele>437</ele>
        <time>2025-03-28T16:11:25Z</time>
      </trkpt>
      <trkpt lat="50.00125" lon="14.989133333333333">
        <ele>437</ele>
        <time>2025-03-28T16:11:26Z</time>
      </trkpt>
      <trkpt lat="50.0012" lon="14.9893">
        <ele>436</ele>
        <time>2025-03-28T16:11:27Z</time>
      </trkpt>
      <trkpt lat="50.00116666666667" lon="14.989466666666667">
        <ele>436</ele>
        <time>2025-03-28T16:11:28Z</time>
      </trkpt>
      <trkpt lat="50.00111666666667" lon="14.989633333333334">
        <ele>435</ele>
        <time>2025-03-28T16:11:29Z</time>
      </trkpt>
      <trkpt lat="50.00106666666667" lon="14.989816666666666">
        <ele>435</ele>
        <time>2025-03-28T16:11:30Z</time>
      </trkpt>
      <trkpt lat="50.00103333333333" lon="14.989983333333333">
        <ele>434</ele>
        <time>2025-03-28T16:11:31Z</time>
      </trkpt>
      <trkpt lat="50.00098333333333" lon="14.990133333333333">
        <ele>434</ele>
        <time>2025-03-28T16:11:32Z</time>
      </trkpt>
      <trkpt lat="50.000933333333336" lon="14.990283333333334">
        <ele>434</ele>
        <time>2025-03-28T16:11:33Z</time>
      </trkpt>
      <trkpt lat="50.0009" lon="14.990433333333334">
        <ele>434</ele>
        <time>2025-03-28T16:11:34Z</time>
      </trkpt>
      <trkpt lat="50.00085" lon="14.990583333333333">
        <ele>435</ele>
        <time>2025-03-28T16:11:35Z</time>
      </trkpt>
      <trkpt lat="50.000816666666665" lon="14.99075">
        <ele>436</ele>
        <time>2025-03-28T16:11:36Z</time>
      </trkpt>
      <trkpt lat="50.00078333333333" lon="14.990883333333333">
        <ele>436</ele>
        <time>2025-03-28T16:11:37Z</time>
      </trkpt>
      <trkpt lat="50.000733333333336" lon="14.991016666666667">
        <ele>437</ele>
        <time>2025-03-28T16:11:38Z</time>
      </trkpt>
      <trkpt lat="50.0007" lon="14.991166666666667">
        <ele>438</ele>
        <time>2025-03-28T16:11:39Z</time>
      </trkpt>
      <trkpt lat="50.00065" lon="14.9913">
        <ele>438</ele>
        <time>2025-03-28T16:11:40Z</time>
      </trkpt>
      <trkpt lat="50.000616666666666" lon="14.991466666666666">
        <ele>437</ele>
        <time>2025-03-28T16:11:41Z</time>
      </trkpt>
      <trkpt lat="50.00058333333333" lon="14.991616666666667">
        <ele>437</ele>
        <time>2025-03-28T16:11:42Z</time>
      </trkpt>
      <trkpt lat="50.00053333333334" lon="14.991766666666667">
        <ele>437</ele>
        <time>2025-03-28T16:11:43Z</time>
      </trkpt>
      <trkpt lat="50.0005" lon="14.991916666666667">
        <ele>436</ele>
        <time>2025-03-28T16:11:44Z</time>
      </trkpt>
      <trkpt lat="50.00046666666667" lon="14.992066666666666">
        <ele>436</ele>
        <time>2025-03-28T16:11:45Z</time>
      </trkpt>
      <trkpt lat="50.00043333333333" lon="14.992216666666666">
        <ele>437</ele>
        <time>2025-03-28T16:11:46Z</time>
      </trkpt>
      <trkpt lat="50.0004" lon="14.992366666666667">
        <ele>436</ele>
        <time>2025-03-28T16:11:47Z</time>
      </trkpt>
      <trkpt lat="50.000366666666665" lon="14.992516666666667">
        <ele>436</ele>
        <time>2025-03-28T16:11:48Z</time>
      </trkpt>
      <trkpt lat="50.00033333333333" lon="14.992683333333334">
        <ele>436</ele>
        <time>2025-03-28T16:11:49Z</time>
      </trkpt>
      <trkpt lat="50.00031666666667" lon="14.99285">
        <ele>436</ele>
        <time>2025-03-28T16:11:50Z</time>
      </trkpt>
      <trkpt lat="50.0003" lon="14.993">
        <ele>436</ele>
        <time>2025-03-28T16:11:51Z</time>
      </trkpt>
      <trkpt lat="50.000283333333336" lon="14.993166666666667">
        <ele>436</ele>
        <time>2025-03-28T16:11:52Z</time>
      </trkpt>
      <trkpt lat="50.00025" lon="14.993316666666667">
        <ele>437</ele>
        <time>2025-03-28T16:11:53Z</time>
      </trkpt>
      <trkpt lat="50.000233333333334" lon="14.993466666666666">
        <ele>437</ele>
        <time>2025-03-28T16:11:54Z</time>
      </trkpt>
      <trkpt lat="50.0002" lon="14.9936">
        <ele>437</ele>
        <time>2025-03-28T16:11:55Z</time>
      </trkpt>
      <trkpt lat="50.000166666666665" lon="14.99375">
        <ele>438</ele>
        <time>2025-03-28T16:11:56Z</time>
      </trkpt>
      <trkpt lat="50.00013333333333" lon="14.9939">
        <ele>438</ele>
        <time>2025-03-28T16:11:57Z</time>
      </trkpt>
      <trkpt lat="50.0001" lon="14.994033333333334">
        <ele>439</ele>
        <time>2025-03-28T16:11:58Z</time>
      </trkpt>
      <trkpt lat="50.00006666666667" lon="14.994183333333334">
        <ele>439</ele>
        <time>2025-03-28T16:11:59Z</time>
      </trkpt>
      <trkpt lat="50.000033333333334" lon="14.994316666666666">
        <ele>440</ele>
        <time>2025-03-28T16:12:00Z</time>
      </trkpt>
      <trkpt lat="50" lon="14.994466666666666">
        <ele>441</ele>
        <time>2025-03-28T16:12:01Z</time>
      </trkpt>
      <trkpt lat="49.999966666666666" lon="14.9946">
        <ele>441</ele>
        <time>2025-03-28T16:12:02Z</time>
      </trkpt>
      <trkpt lat="49.99993333333333" lon="14.99475">
        <ele>442</ele>
        <time>2025-03-28T16:12:03Z</time>
      </trkpt>
      <trkpt lat="49.999916666666664" lon="14.9949">
        <ele>443</ele>
        <time>2025-03-28T16:12:04Z</time>
      </trkpt>
      <trkpt lat="49.9999" lon="14.99505">
        <ele>443</ele>
        <time>2025-03-28T16:12:05Z</time>
      </trkpt>
      <trkpt lat="49.99986666666667" lon="14.995183333333333">
        <ele>444</ele>
        <time>2025-03-28T16:12:06Z</time>
      </trkpt>
      <trkpt lat="49.99981666666667" lon="14.995316666666668">
        <ele>444</ele>
        <time>2025-03-28T16:12:07Z</time>
      </trkpt>
      <trkpt lat="49.99978333333333" lon="14.995466666666667">
        <ele>445</ele>
        <time>2025-03-28T16:12:08Z</time>
      </trkpt>
      <trkpt lat="49.99973333333333" lon="14.9956">
        <ele>445</ele>
        <time>2025-03-28T16:12:09Z</time>
      </trkpt>
      <trkpt lat="49.9997" lon="14.995733333333334">
        <ele>445</ele>
        <time>2025-03-28T16:12:10Z</time>
      </trkpt>
      <trkpt lat="49.99965" lon="14.995866666666666">
        <ele>446</ele>
        <time>2025-03-28T16:12:11Z</time>
      </trkpt>
      <trkpt lat="49.99961666666667" lon="14.996">
        <ele>446</ele>
        <time>2025-03-28T16:12:12Z</time>
      </trkpt>
      <trkpt lat="49.99956666666667" lon="14.996133333333333">
        <ele>447</ele>
        <time>2025-03-28T16:12:13Z</time>
      </trkpt>
      <trkpt lat="49.999516666666665" lon="14.996266666666667">
        <ele>447</ele>
        <time>2025-03-28T16:12:14Z</time>
      </trkpt>
      <trkpt lat="49.99948333333333" lon="14.9964">
        <ele>446</ele>
        <time>2025-03-28T16:12:15Z</time>
      </trkpt>
      <trkpt lat="49.999433333333336" lon="14.99655">
        <ele>446</ele>
        <time>2025-03-28T16:12:16Z</time>
      </trkpt>
      <trkpt lat="49.9994" lon="14.9967">
        <ele>445</ele>
        <time>2025-03-28T16:12:17Z</time>
      </trkpt>
      <trkpt lat="49.99936666666667" lon="14.996866666666667">
        <ele>445</ele>
        <time>2025-03-28T16:12:18Z</time>
      </trkpt>
      <trkpt lat="49.99933333333333" lon="14.997016666666667">
        <ele>446</ele>
        <time>2025-03-28T16:12:19Z</time>
      </trkpt>
      <trkpt lat="49.9993" lon="14.99715">
        <ele>446</ele>
        <time>2025-03-28T16:12:20Z</time>
      </trkpt>
      <trkpt lat="49.999266666666664" lon="14.9973">
        <ele>447</ele>
        <time>2025-03-28T16:12:21Z</time>
      </trkpt>
      <trkpt lat="49.999233333333336" lon="14.997433333333333">
        <ele>448</ele>
        <time>2025-03-28T16:12:22Z</time>
      </trkpt>
      <trkpt lat="49.9992" lon="14.997583333333333">
        <ele>448</ele>
        <time>2025-03-28T16:12:23Z</time>
      </trkpt>
      <trkpt lat="49.99915" lon="14.99775">
        <ele>449</ele>
        <time>2025-03-28T16:12:24Z</time>
      </trkpt>
      <trkpt lat="49.9991" lon="14.9979">
        <ele>449</ele>
        <time>2025-03-28T16:12:25Z</time>
      </trkpt>
      <trkpt lat="49.99905" lon="14.998066666666666">
        <ele>448</ele>
        <time>2025-03-28T16:12:26Z</time>
      </trkpt>
      <trkpt lat="49.999" lon="14.998216666666666">
        <ele>448</ele>
        <time>2025-03-28T16:12:27Z</time>
      </trkpt>
      <trkpt lat="49.99895" lon="14.998366666666668">
        <ele>448</ele>
        <time>2025-03-28T16:12:28Z</time>
      </trkpt>
      <trkpt lat="49.9989" lon="14.998533333333333">
        <ele>447</ele>
        <time>2025-03-28T16:12:29Z</time>
      </trkpt>
      <trkpt lat="49.99885" lon="14.9987">
        <ele>447</ele>
        <time>2025-03-28T16:12:30Z</time>
      </trkpt>
      <trkpt lat="49.99881666666667" lon="14.998866666666666">
        <ele>447</ele>
        <time>2025-03-28T16:12:31Z</time>
      </trkpt>
      <trkpt lat="49.998783333333336" lon="14.999033333333333">
        <ele>447</ele>
        <time>2025-03-28T16:12:32Z</time>
      </trkpt>
      <trkpt lat="49.998733333333334" lon="14.9992">
        <ele>448</ele>
        <time>2025-03-28T16:12:33Z</time>
      </trkpt>
      <trkpt lat="49.99868333333333" lon="14.999366666666667">
        <ele>448</ele>
        <time>2025-03-28T16:12:34Z</time>
      </trkpt>
      <trkpt lat="49.99863333333333" lon="14.999533333333334">
        <ele>448</ele>
        <time>2025-03-28T16:12:35Z</time>
      </trkpt>
      <trkpt lat="49.9986" lon="14.999733333333333">
        <ele>448</ele>
        <time>2025-03-28T16:12:36Z</time>
      </trkpt>
      <trkpt lat="49.99856666666667" lon="14.9999">
        <ele>448</ele>
        <time>2025-03-28T16:12:37Z</time>
      </trkpt>
      <trkpt lat="49.998533333333334" lon="15.000083333333333">
        <ele>448</ele>
        <time>2025-03-28T16:12:38Z</time>
      </trkpt>
      <trkpt lat="49.9985" lon="15.00025">
        <ele>449</ele>
        <time>2025-03-28T16:12:39Z</time>
      </trkpt>
      <trkpt lat="49.998466666666666" lon="15.0004">
        <ele>449</ele>
        <time>2025-03-28T16:12:40Z</time>
      </trkpt>
      <trkpt lat="49.99845" lon="15.000583333333333">
        <ele>449</ele>
        <time>2025-03-28T16:12:41Z</time>
      </trkpt>
      <trkpt lat="49.99843333333333" lon="15.00075">
        <ele>449</ele>
        <time>2025-03-28T16:12:42Z</time>
      </trkpt>
      <trkpt lat="49.99843333333333" lon="15.000933333333334">
        <ele>449</ele>
        <time>2025-03-28T16:12:43Z</time>
      </trkpt>
      <trkpt lat="49.998416666666664" lon="15.0011">
        <ele>448</ele>
        <time>2025-03-28T16:12:44Z</time>
      </trkpt>
      <trkpt lat="49.9984" lon="15.001283333333333">
        <ele>448</ele>
        <time>2025-03-28T16:12:45Z</time>
      </trkpt>
      <trkpt lat="49.99836666666667" lon="15.001466666666667">
        <ele>447</ele>
        <time>2025-03-28T16:12:46Z</time>
      </trkpt>
      <trkpt lat="49.99835" lon="15.001666666666667">
        <ele>446</ele>
        <time>2025-03-28T16:12:47Z</time>
      </trkpt>
      <trkpt lat="49.99836666666667" lon="15.001866666666666">
        <ele>446</ele>
        <time>2025-03-28T16:12:48Z</time>
      </trkpt>
      <trkpt lat="49.99836666666667" lon="15.00205">
        <ele>446</ele>
        <time>2025-03-28T16:12:49Z</time>
      </trkpt>
      <trkpt lat="49.99838333333334" lon="15.002216666666667">
        <ele>446</ele>
        <time>2025-03-28T16:12:50Z</time>
      </trkpt>
      <trkpt lat="49.99838333333334" lon="15.002383333333333">
        <ele>446</ele>
        <time>2025-03-28T16:12:51Z</time>
      </trkpt>
      <trkpt lat="49.99838333333334" lon="15.002566666666667">
        <ele>447</ele>
        <time>2025-03-28T16:12:52Z</time>
      </trkpt>
      <trkpt lat="49.99838333333334" lon="15.002733333333333">
        <ele>447</ele>
        <time>2025-03-28T16:12:53Z</time>
      </trkpt>
      <trkpt lat="49.99838333333334" lon="15.002933333333333">
        <ele>447</ele>
        <time>2025-03-28T16:12:54Z</time>
      </trkpt>
      <trkpt lat="49.9984" lon="15.003116666666667">
        <ele>447</ele>
        <time>2025-03-28T16:12:55Z</time>
      </trkpt>
      <trkpt lat="49.9984" lon="15.0033">
        <ele>447</ele>
        <time>2025-03-28T16:12:56Z</time>
      </trkpt>
      <trkpt lat="49.9984" lon="15.003466666666666">
        <ele>447</ele>
        <time>2025-03-28T16:12:57Z</time>
      </trkpt>
      <trkpt lat="49.9984" lon="15.00365">
        <ele>448</ele>
        <time>2025-03-28T16:12:58Z</time>
      </trkpt>
      <trkpt lat="49.99836666666667" lon="15.003816666666667">
        <ele>449</ele>
        <time>2025-03-28T16:12:59Z</time>
      </trkpt>
      <trkpt lat="49.998333333333335" lon="15.003983333333334">
        <ele>449</ele>
        <time>2025-03-28T16:13:00Z</time>
      </trkpt>
      <trkpt lat="49.99831666666667" lon="15.004166666666666">
        <ele>449</ele>
        <time>2025-03-28T16:13:01Z</time>
      </trkpt>
      <trkpt lat="49.99828333333333" lon="15.004333333333333">
        <ele>449</ele>
        <time>2025-03-28T16:13:02Z</time>
      </trkpt>
      <trkpt lat="49.99825" lon="15.004516666666667">
        <ele>449</ele>
        <time>2025-03-28T16:13:03Z</time>
      </trkpt>
      <trkpt lat="49.998216666666664" lon="15.004683333333332">
        <ele>450</ele>
        <time>2025-03-28T16:13:04Z</time>
      </trkpt>
      <trkpt lat="49.99818333333333" lon="15.00485">
        <ele>450</ele>
        <time>2025-03-28T16:13:05Z</time>
      </trkpt>
      <trkpt lat="49.99815" lon="15.005016666666666">
        <ele>451</ele>
        <time>2025-03-28T16:13:06Z</time>
      </trkpt>
      <trkpt lat="49.99811666666667" lon="15.005166666666666">
        <ele>452</ele>
        <time>2025-03-28T16:13:07Z</time>
      </trkpt>
      <trkpt lat="49.998083333333334" lon="15.005333333333333">
        <ele>452</ele>
        <time>2025-03-28T16:13:08Z</time>
      </trkpt>
      <trkpt lat="49.99805" lon="15.0055">
        <ele>453</ele>
        <time>2025-03-28T16:13:09Z</time>
      </trkpt>
      <trkpt lat="49.998016666666665" lon="15.005666666666666">
        <ele>452</ele>
        <time>2025-03-28T16:13:10Z</time>
      </trkpt>
      <trkpt lat="49.99796666666667" lon="15.00585">
        <ele>452</ele>
        <time>2025-03-28T16:13:11Z</time>
      </trkpt>
      <trkpt lat="49.997933333333336" lon="15.006033333333333">
        <ele>451</ele>
        <time>2025-03-28T16:13:12Z</time>
      </trkpt>
      <trkpt lat="49.9979" lon="15.0062">
        <ele>451</ele>
        <time>2025-03-28T16:13:13Z</time>
      </trkpt>
      <trkpt lat="49.99786666666667" lon="15.006383333333334">
        <ele>450</ele>
        <time>2025-03-28T16:13:14Z</time>
      </trkpt>
      <trkpt lat="49.99783333333333" lon="15.00655">
        <ele>450</ele>
        <time>2025-03-28T16:13:15Z</time>
      </trkpt>
      <trkpt lat="49.997816666666665" lon="15.006716666666666">
        <ele>450</ele>
        <time>2025-03-28T16:13:16Z</time>
      </trkpt>
      <trkpt lat="49.99778333333333" lon="15.0069">
        <ele>449</ele>
        <time>2025-03-28T16:13:17Z</time>
      </trkpt>
      <trkpt lat="49.997766666666664" lon="15.007066666666667">
        <ele>449</ele>
        <time>2025-03-28T16:13:18Z</time>
      </trkpt>
      <trkpt lat="49.99775" lon="15.00725">
        <ele>449</ele>
        <time>2025-03-28T16:13:19Z</time>
      </trkpt>
      <trkpt lat="49.99771666666667" lon="15.007433333333333">
        <ele>449</ele>
        <time>2025-03-28T16:13:20Z</time>
      </trkpt>
      <trkpt lat="49.9977" lon="15.0076">
        <ele>449</ele>
        <time>2025-03-28T16:13:21Z</time>
      </trkpt>
      <trkpt lat="49.997683333333335" lon="15.007766666666667">
        <ele>449</ele>
        <time>2025-03-28T16:13:22Z</time>
      </trkpt>
      <trkpt lat="49.99766666666667" lon="15.00795">
        <ele>449</ele>
        <time>2025-03-28T16:13:23Z</time>
      </trkpt>
      <trkpt lat="49.99765" lon="15.008133333333333">
        <ele>449</ele>
        <time>2025-03-28T16:13:24Z</time>
      </trkpt>
      <trkpt lat="49.99763333333333" lon="15.008316666666667">
        <ele>448</ele>
        <time>2025-03-28T16:13:25Z</time>
      </trkpt>
      <trkpt lat="49.997616666666666" lon="15.008516666666667">
        <ele>448</ele>
        <time>2025-03-28T16:13:26Z</time>
      </trkpt>
      <trkpt lat="49.9976" lon="15.0087">
        <ele>448</ele>
        <time>2025-03-28T16:13:27Z</time>
      </trkpt>
      <trkpt lat="49.99758333333333" lon="15.008866666666666">
        <ele>448</ele>
        <time>2025-03-28T16:13:28Z</time>
      </trkpt>
      <trkpt lat="49.99758333333333" lon="15.009033333333333">
        <ele>448</ele>
        <time>2025-03-28T16:13:29Z</time>
      </trkpt>
      <trkpt lat="49.997566666666664" lon="15.009216666666667">
        <ele>449</ele>
        <time>2025-03-28T16:13:30Z</time>
      </trkpt>
      <trkpt lat="49.99758333333333" lon="15.0094">
        <ele>449</ele>
        <time>2025-03-28T16:13:31Z</time>
      </trkpt>
      <trkpt lat="49.997566666666664" lon="15.009583333333333">
        <ele>449</ele>
        <time>2025-03-28T16:13:32Z</time>
      </trkpt>
      <trkpt lat="49.99755" lon="15.009766666666666">
        <ele>449</ele>
        <time>2025-03-28T16:13:33Z</time>
      </trkpt>
      <trkpt lat="49.99751666666667" lon="15.00995">
        <ele>449</ele>
        <time>2025-03-28T16:13:34Z</time>
      </trkpt>
      <trkpt lat="49.997483333333335" lon="15.010116666666667">
        <ele>449</ele>
        <time>2025-03-28T16:13:35Z</time>
      </trkpt>
      <trkpt lat="49.99745" lon="15.0103">
        <ele>448</ele>
        <time>2025-03-28T16:13:36Z</time>
      </trkpt>
      <trkpt lat="49.997416666666666" lon="15.010466666666666">
        <ele>448</ele>
        <time>2025-03-28T16:13:37Z</time>
      </trkpt>
      <trkpt lat="49.99738333333333" lon="15.01065">
        <ele>447</ele>
        <time>2025-03-28T16:13:38Z</time>
      </trkpt>
      <trkpt lat="49.99735" lon="15.010816666666667">
        <ele>447</ele>
        <time>2025-03-28T16:13:39Z</time>
      </trkpt>
      <trkpt lat="49.99733333333333" lon="15.010983333333334">
        <ele>446</ele>
        <time>2025-03-28T16:13:40Z</time>
      </trkpt>
      <trkpt lat="49.99731666666667" lon="15.01115">
        <ele>445</ele>
        <time>2025-03-28T16:13:41Z</time>
      </trkpt>
      <trkpt lat="49.997283333333336" lon="15.011333333333333">
        <ele>444</ele>
        <time>2025-03-28T16:13:42Z</time>
      </trkpt>
      <trkpt lat="49.99725" lon="15.0115">
        <ele>443</ele>
        <time>2025-03-28T16:13:43Z</time>
      </trkpt>
      <trkpt lat="49.99721666666667" lon="15.011683333333334">
        <ele>442</ele>
        <time>2025-03-28T16:13:44Z</time>
      </trkpt>
      <trkpt lat="49.9972" lon="15.01185">
        <ele>441</ele>
        <time>2025-03-28T16:13:45Z</time>
      </trkpt>
      <trkpt lat="49.997166666666665" lon="15.012016666666666">
        <ele>440</ele>
        <time>2025-03-28T16:13:46Z</time>
      </trkpt>
      <trkpt lat="49.99715" lon="15.012183333333333">
        <ele>439</ele>
        <time>2025-03-28T16:13:47Z</time>
      </trkpt>
      <trkpt lat="49.99711666666666" lon="15.01235">
        <ele>438</ele>
        <time>2025-03-28T16:13:48Z</time>
      </trkpt>
      <trkpt lat="49.997083333333336" lon="15.012516666666667">
        <ele>438</ele>
        <time>2025-03-28T16:13:49Z</time>
      </trkpt>
      <trkpt lat="49.99706666666667" lon="15.0127">
        <ele>437</ele>
        <time>2025-03-28T16:13:50Z</time>
      </trkpt>
      <trkpt lat="49.997033333333334" lon="15.012866666666667">
        <ele>436</ele>
        <time>2025-03-28T16:13:51Z</time>
      </trkpt>
      <trkpt lat="49.99701666666667" lon="15.01305">
        <ele>436</ele>
        <time>2025-03-28T16:13:52Z</time>
      </trkpt>
      <trkpt lat="49.99698333333333" lon="15.013216666666667">
        <ele>436</ele>
        <time>2025-03-28T16:13:53Z</time>
      </trkpt>
      <trkpt lat="49.996966666666665" lon="15.013383333333334">
        <ele>436</ele>
        <time>2025-03-28T16:13:54Z</time>
      </trkpt>
      <trkpt lat="49.99695" lon="15.013533333333333">
        <ele>436</ele>
        <time>2025-03-28T16:13:55Z</time>
      </trkpt>
      <trkpt lat="49.99693333333333" lon="15.0137">
        <ele>437</ele>
        <time>2025-03-28T16:13:56Z</time>
      </trkpt>
      <trkpt lat="49.996916666666664" lon="15.013866666666667">
        <ele>437</ele>
        <time>2025-03-28T16:13:57Z</time>
      </trkpt>
      <trkpt lat="49.9969" lon="15.014033333333334">
        <ele>436</ele>
        <time>2025-03-28T16:13:58Z</time>
      </trkpt>
      <trkpt lat="49.99688333333334" lon="15.014216666666666">
        <ele>436</ele>
        <time>2025-03-28T16:13:59Z</time>
      </trkpt>
      <trkpt lat="49.99685" lon="15.014383333333333">
        <ele>435</ele>
        <time>2025-03-28T16:14:00Z</time>
      </trkpt>
      <trkpt lat="49.99681666666667" lon="15.014566666666667">
        <ele>435</ele>
        <time>2025-03-28T16:14:01Z</time>
      </trkpt>
      <trkpt lat="49.99678333333333" lon="15.014733333333334">
        <ele>435</ele>
        <time>2025-03-28T16:14:02Z</time>
      </trkpt>
      <trkpt lat="49.99675" lon="15.014883333333334">
        <ele>435</ele>
        <time>2025-03-28T16:14:03Z</time>
      </trkpt>
      <trkpt lat="49.99673333333333" lon="15.01505">
        <ele>434</ele>
        <time>2025-03-28T16:14:04Z</time>
      </trkpt>
      <trkpt lat="49.9967" lon="15.015233333333333">
        <ele>434</ele>
        <time>2025-03-28T16:14:05Z</time>
      </trkpt>
      <trkpt lat="49.99666666666667" lon="15.0154">
        <ele>434</ele>
        <time>2025-03-28T16:14:06Z</time>
      </trkpt>
      <trkpt lat="49.996633333333335" lon="15.015566666666667">
        <ele>434</ele>
        <time>2025-03-28T16:14:07Z</time>
      </trkpt>
      <trkpt lat="49.9966" lon="15.015716666666666">
        <ele>434</ele>
        <time>2025-03-28T16:14:08Z</time>
      </trkpt>
      <trkpt lat="49.996566666666666" lon="15.015866666666666">
        <ele>434</ele>
        <time>2025-03-28T16:14:09Z</time>
      </trkpt>
      <trkpt lat="49.99653333333333" lon="15.016016666666667">
        <ele>435</ele>
        <time>2025-03-28T16:14:10Z</time>
      </trkpt>
      <trkpt lat="49.9965" lon="15.016166666666667">
        <ele>436</ele>
        <time>2025-03-28T16:14:11Z</time>
      </trkpt>
      <trkpt lat="49.99646666666666" lon="15.016316666666667">
        <ele>436</ele>
        <time>2025-03-28T16:14:12Z</time>
      </trkpt>
      <trkpt lat="49.996433333333336" lon="15.016466666666666">
        <ele>436</ele>
        <time>2025-03-28T16:14:13Z</time>
      </trkpt>
      <trkpt lat="49.9964" lon="15.0166">
        <ele>436</ele>
        <time>2025-03-28T16:14:14Z</time>
      </trkpt>
      <trkpt lat="49.99636666666667" lon="15.01675">
        <ele>436</ele>
        <time>2025-03-28T16:14:15Z</time>
      </trkpt>
      <trkpt lat="49.99633333333333" lon="15.016883333333332">
        <ele>437</ele>
        <time>2025-03-28T16:14:16Z</time>
      </trkpt>
      <trkpt lat="49.996316666666665" lon="15.017033333333334">
        <ele>437</ele>
        <time>2025-03-28T16:14:17Z</time>
      </trkpt>
      <trkpt lat="49.99626666666666" lon="15.017166666666666">
        <ele>437</ele>
        <time>2025-03-28T16:14:18Z</time>
      </trkpt>
      <trkpt lat="49.99621666666667" lon="15.017316666666666">
        <ele>437</ele>
        <time>2025-03-28T16:14:19Z</time>
      </trkpt>
      <trkpt lat="49.996183333333335" lon="15.017466666666667">
        <ele>437</ele>
        <time>2025-03-28T16:14:20Z</time>
      </trkpt>
      <trkpt lat="49.99615" lon="15.017616666666667">
        <ele>437</ele>
        <time>2025-03-28T16:14:21Z</time>
      </trkpt>
      <trkpt lat="49.996116666666666" lon="15.017766666666667">
        <ele>437</ele>
        <time>2025-03-28T16:14:22Z</time>
      </trkpt>
      <trkpt lat="49.99608333333333" lon="15.0179">
        <ele>437</ele>
        <time>2025-03-28T16:14:23Z</time>
      </trkpt>
      <trkpt lat="49.99605" lon="15.018033333333333">
        <ele>437</ele>
        <time>2025-03-28T16:14:24Z</time>
      </trkpt>
      <trkpt lat="49.996" lon="15.018166666666668">
        <ele>438</ele>
        <time>2025-03-28T16:14:25Z</time>
      </trkpt>
      <trkpt lat="49.99596666666667" lon="15.018316666666667">
        <ele>438</ele>
        <time>2025-03-28T16:14:26Z</time>
      </trkpt>
      <trkpt lat="49.99593333333333" lon="15.018466666666667">
        <ele>438</ele>
        <time>2025-03-28T16:14:27Z</time>
      </trkpt>
      <trkpt lat="49.9959" lon="15.018616666666667">
        <ele>438</ele>
        <time>2025-03-28T16:14:28Z</time>
      </trkpt>
      <trkpt lat="49.995866666666664" lon="15.018766666666666">
        <ele>438</ele>
        <time>2025-03-28T16:14:29Z</time>
      </trkpt>
      <trkpt lat="49.9958" lon="15.0189">
        <ele>438</ele>
        <time>2025-03-28T16:14:30Z</time>
      </trkpt>
      <trkpt lat="49.99576666666667" lon="15.01905">
        <ele>438</ele>
        <time>2025-03-28T16:14:31Z</time>
      </trkpt>
      <trkpt lat="49.99571666666667" lon="15.019183333333334">
        <ele>438</ele>
        <time>2025-03-28T16:14:32Z</time>
      </trkpt>
      <trkpt lat="49.99568333333333" lon="15.019333333333334">
        <ele>439</ele>
        <time>2025-03-28T16:14:33Z</time>
      </trkpt>
      <trkpt lat="49.995666666666665" lon="15.019466666666666">
        <ele>439</ele>
        <time>2025-03-28T16:14:34Z</time>
      </trkpt>
      <trkpt lat="49.99561666666666" lon="15.0196">
        <ele>439</ele>
        <time>2025-03-28T16:14:35Z</time>
      </trkpt>
      <trkpt lat="49.99556666666667" lon="15.01975">
        <ele>440</ele>
        <time>2025-03-28T16:14:36Z</time>
      </trkpt>
      <trkpt lat="49.99551666666667" lon="15.019883333333333">
        <ele>440</ele>
        <time>2025-03-28T16:14:37Z</time>
      </trkpt>
      <trkpt lat="49.99545" lon="15.020016666666667">
        <ele>440</ele>
        <time>2025-03-28T16:14:38Z</time>
      </trkpt>
      <trkpt lat="49.995416666666664" lon="15.02015">
        <ele>441</ele>
        <time>2025-03-28T16:14:39Z</time>
      </trkpt>
      <trkpt lat="49.99536666666667" lon="15.020283333333333">
        <ele>442</ele>
        <time>2025-03-28T16:14:40Z</time>
      </trkpt>
      <trkpt lat="49.99531666666667" lon="15.020416666666666">
        <ele>442</ele>
        <time>2025-03-28T16:14:41Z</time>
      </trkpt>
      <trkpt lat="49.995266666666666" lon="15.020533333333333">
        <ele>443</ele>
        <time>2025-03-28T16:14:42Z</time>
      </trkpt>
      <trkpt lat="49.9952" lon="15.020666666666667">
        <ele>444</ele>
        <time>2025-03-28T16:14:43Z</time>
      </trkpt>
      <trkpt lat="49.99515" lon="15.020783333333334">
        <ele>444</ele>
        <time>2025-03-28T16:14:44Z</time>
      </trkpt>
      <trkpt lat="49.99508333333333" lon="15.0209">
        <ele>444</ele>
        <time>2025-03-28T16:14:45Z</time>
      </trkpt>
      <trkpt lat="49.99503333333333" lon="15.021033333333333">
        <ele>444</ele>
        <time>2025-03-28T16:14:46Z</time>
      </trkpt>
      <trkpt lat="49.99498333333333" lon="15.021166666666666">
        <ele>444</ele>
        <time>2025-03-28T16:14:47Z</time>
      </trkpt>
      <trkpt lat="49.99491666666667" lon="15.021283333333333">
        <ele>445</ele>
        <time>2025-03-28T16:14:48Z</time>
      </trkpt>
      <trkpt lat="49.99486666666667" lon="15.0214">
        <ele>445</ele>
        <time>2025-03-28T16:14:49Z</time>
      </trkpt>
      <trkpt lat="49.9948" lon="15.021516666666667">
        <ele>445</ele>
        <time>2025-03-28T16:14:50Z</time>
      </trkpt>
      <trkpt lat="49.99475" lon="15.02165">
        <ele>445</ele>
        <time>2025-03-28T16:14:51Z</time>
      </trkpt>
      <trkpt lat="49.9947" lon="15.021783333333333">
        <ele>444</ele>
        <time>2025-03-28T16:14:52Z</time>
      </trkpt>
      <trkpt lat="49.99465" lon="15.021916666666666">
        <ele>444</ele>
        <time>2025-03-28T16:14:53Z</time>
      </trkpt>
      <trkpt lat="49.9946" lon="15.022066666666667">
        <ele>444</ele>
        <time>2025-03-28T16:14:54Z</time>
      </trkpt>
      <trkpt lat="49.99455" lon="15.022216666666667">
        <ele>444</ele>
        <time>2025-03-28T16:14:55Z</time>
      </trkpt>
      <trkpt lat="49.99451666666667" lon="15.022366666666667">
        <ele>444</ele>
        <time>2025-03-28T16:14:56Z</time>
      </trkpt>
      <trkpt lat="49.99446666666667" lon="15.0225">
        <ele>444</ele>
        <time>2025-03-28T16:14:57Z</time>
      </trkpt>
      <trkpt lat="49.994416666666666" lon="15.02265">
        <ele>444</ele>
        <time>2025-03-28T16:14:58Z</time>
      </trkpt>
      <trkpt lat="49.99438333333333" lon="15.0228">
        <ele>444</ele>
        <time>2025-03-28T16:14:59Z</time>
      </trkpt>
      <trkpt lat="49.99435" lon="15.022933333333333">
        <ele>445</ele>
        <time>2025-03-28T16:15:00Z</time>
      </trkpt>
      <trkpt lat="49.99431666666667" lon="15.023066666666667">
        <ele>446</ele>
        <time>2025-03-28T16:15:01Z</time>
      </trkpt>
      <trkpt lat="49.994283333333335" lon="15.0232">
        <ele>446</ele>
        <time>2025-03-28T16:15:02Z</time>
      </trkpt>
      <trkpt lat="49.99425" lon="15.023333333333333">
        <ele>446</ele>
        <time>2025-03-28T16:15:03Z</time>
      </trkpt>
      <trkpt lat="49.9942" lon="15.023466666666666">
        <ele>447</ele>
        <time>2025-03-28T16:15:04Z</time>
      </trkpt>
      <trkpt lat="49.99415" lon="15.023616666666667">
        <ele>446</ele>
        <time>2025-03-28T16:15:05Z</time>
      </trkpt>
      <trkpt lat="49.99411666666666" lon="15.02375">
        <ele>446</ele>
        <time>2025-03-28T16:15:06Z</time>
      </trkpt>
      <trkpt lat="49.994083333333336" lon="15.0239">
        <ele>446</ele>
        <time>2025-03-28T16:15:07Z</time>
      </trkpt>
      <trkpt lat="49.99405" lon="15.02405">
        <ele>446</ele>
        <time>2025-03-28T16:15:08Z</time>
      </trkpt>
      <trkpt lat="49.99401666666667" lon="15.0242">
        <ele>446</ele>
        <time>2025-03-28T16:15:09Z</time>
      </trkpt>
      <trkpt lat="49.99398333333333" lon="15.02435">
        <ele>446</ele>
        <time>2025-03-28T16:15:10Z</time>
      </trkpt>
      <trkpt lat="49.99395" lon="15.024483333333333">
        <ele>447</ele>
        <time>2025-03-28T16:15:11Z</time>
      </trkpt>
      <trkpt lat="49.9939" lon="15.024633333333334">
        <ele>447</ele>
        <time>2025-03-28T16:15:12Z</time>
      </trkpt>
      <trkpt lat="49.993883333333336" lon="15.024783333333334">
        <ele>448</ele>
        <time>2025-03-28T16:15:13Z</time>
      </trkpt>
      <trkpt lat="49.993883333333336" lon="15.024933333333333">
        <ele>448</ele>
        <time>2025-03-28T16:15:14Z</time>
      </trkpt>
      <trkpt lat="49.993883333333336" lon="15.025083333333333">
        <ele>449</ele>
        <time>2025-03-28T16:15:15Z</time>
      </trkpt>
      <trkpt lat="49.99386666666667" lon="15.025216666666667">
        <ele>450</ele>
        <time>2025-03-28T16:15:16Z</time>
      </trkpt>
      <trkpt lat="49.99385" lon="15.025366666666667">
        <ele>451</ele>
        <time>2025-03-28T16:15:17Z</time>
      </trkpt>
      <trkpt lat="49.993833333333335" lon="15.025516666666666">
        <ele>452</ele>
        <time>2025-03-28T16:15:18Z</time>
      </trkpt>
      <trkpt lat="49.9938" lon="15.025666666666666">
        <ele>452</ele>
        <time>2025-03-28T16:15:19Z</time>
      </trkpt>
      <trkpt lat="49.99378333333333" lon="15.025816666666667">
        <ele>453</ele>
        <time>2025-03-28T16:15:20Z</time>
      </trkpt>
      <trkpt lat="49.993766666666666" lon="15.025966666666667">
        <ele>453</ele>
        <time>2025-03-28T16:15:21Z</time>
      </trkpt>
      <trkpt lat="49.99375" lon="15.026133333333334">
        <ele>453</ele>
        <time>2025-03-28T16:15:22Z</time>
      </trkpt>
      <trkpt lat="49.99373333333333" lon="15.026283333333334">
        <ele>453</ele>
        <time>2025-03-28T16:15:23Z</time>
      </trkpt>
      <trkpt lat="49.993716666666664" lon="15.026433333333333">
        <ele>454</ele>
        <time>2025-03-28T16:15:24Z</time>
      </trkpt>
      <trkpt lat="49.99368333333334" lon="15.026583333333333">
        <ele>455</ele>
        <time>2025-03-28T16:15:25Z</time>
      </trkpt>
      <trkpt lat="49.99366666666667" lon="15.026716666666667">
        <ele>456</ele>
        <time>2025-03-28T16:15:26Z</time>
      </trkpt>
      <trkpt lat="49.993633333333335" lon="15.02685">
        <ele>456</ele>
        <time>2025-03-28T16:15:27Z</time>
      </trkpt>
      <trkpt lat="49.99361666666667" lon="15.027">
        <ele>457</ele>
        <time>2025-03-28T16:15:28Z</time>
      </trkpt>
      <trkpt lat="49.99358333333333" lon="15.027133333333333">
        <ele>458</ele>
        <time>2025-03-28T16:15:29Z</time>
      </trkpt>
      <trkpt lat="49.99353333333333" lon="15.027266666666666">
        <ele>458</ele>
        <time>2025-03-28T16:15:30Z</time>
      </trkpt>
      <trkpt lat="49.9935" lon="15.0274">
        <ele>458</ele>
        <time>2025-03-28T16:15:31Z</time>
      </trkpt>
      <trkpt lat="49.99346666666667" lon="15.02755">
        <ele>457</ele>
        <time>2025-03-28T16:15:32Z</time>
      </trkpt>
      <trkpt lat="49.99341666666667" lon="15.027683333333334">
        <ele>458</ele>
        <time>2025-03-28T16:15:33Z</time>
      </trkpt>
      <trkpt lat="49.99341666666667" lon="15.0278">
        <ele>458</ele>
        <time>2025-03-28T16:15:34Z</time>
      </trkpt>
      <trkpt lat="49.993433333333336" lon="15.027933333333333">
        <ele>459</ele>
        <time>2025-03-28T16:15:35Z</time>
      </trkpt>
      <trkpt lat="49.99346666666667" lon="15.028066666666666">
        <ele>459</ele>
        <time>2025-03-28T16:15:36Z</time>
      </trkpt>
      <trkpt lat="49.99353333333333" lon="15.028166666666667">
        <ele>459</ele>
        <time>2025-03-28T16:15:37Z</time>
      </trkpt>
      <trkpt lat="49.99361666666667" lon="15.028266666666667">
        <ele>460</ele>
        <time>2025-03-28T16:15:38Z</time>
      </trkpt>
      <trkpt lat="49.9937" lon="15.028333333333334">
        <ele>460</ele>
        <time>2025-03-28T16:15:39Z</time>
      </trkpt>
      <trkpt lat="49.9938" lon="15.0284">
        <ele>461</ele>
        <time>2025-03-28T16:15:40Z</time>
      </trkpt>
      <trkpt lat="49.9939" lon="15.0284">
        <ele>461</ele>
        <time>2025-03-28T16:15:41Z</time>
      </trkpt>
      <trkpt lat="49.99401666666667" lon="15.028366666666667">
        <ele>462</ele>
        <time>2025-03-28T16:15:42Z</time>
      </trkpt>
      <trkpt lat="49.99413333333333" lon="15.028316666666667">
        <ele>462</ele>
        <time>2025-03-28T16:15:43Z</time>
      </trkpt>
      <trkpt lat="49.99425" lon="15.028266666666667">
        <ele>463</ele>
        <time>2025-03-28T16:15:44Z</time>
      </trkpt>
      <trkpt lat="49.99435" lon="15.0282">
        <ele>464</ele>
        <time>2025-03-28T16:15:45Z</time>
      </trkpt>
      <trkpt lat="49.99446666666667" lon="15.028166666666667">
        <ele>464</ele>
        <time>2025-03-28T16:15:46Z</time>
      </trkpt>
      <trkpt lat="49.99458333333333" lon="15.028166666666667">
        <ele>465</ele>
        <time>2025-03-28T16:15:47Z</time>
      </trkpt>
      <trkpt lat="49.994683333333334" lon="15.0282">
        <ele>466</ele>
        <time>2025-03-28T16:15:48Z</time>
      </trkpt>
      <trkpt lat="49.99478333333333" lon="15.028266666666667">
        <ele>467</ele>
        <time>2025-03-28T16:15:49Z</time>
      </trkpt>
      <trkpt lat="49.99486666666667" lon="15.028366666666667">
        <ele>466</ele>
        <time>2025-03-28T16:15:50Z</time>
      </trkpt>
      <trkpt lat="49.994933333333336" lon="15.028483333333334">
        <ele>466</ele>
        <time>2025-03-28T16:15:51Z</time>
      </trkpt>
      <trkpt lat="49.99498333333333" lon="15.0286">
        <ele>467</ele>
        <time>2025-03-28T16:15:52Z</time>
      </trkpt>
      <trkpt lat="49.995016666666665" lon="15.028733333333333">
        <ele>467</ele>
        <time>2025-03-28T16:15:53Z</time>
      </trkpt>
      <trkpt lat="49.99503333333333" lon="15.028866666666667">
        <ele>468</ele>
        <time>2025-03-28T16:15:54Z</time>
      </trkpt>
      <trkpt lat="49.99505" lon="15.028983333333333">
        <ele>469</ele>
        <time>2025-03-28T16:15:55Z</time>
      </trkpt>
      <trkpt lat="49.995066666666666" lon="15.0291">
        <ele>469</ele>
        <time>2025-03-28T16:15:56Z</time>
      </trkpt>
      <trkpt lat="49.99508333333333" lon="15.029216666666667">
        <ele>470</ele>
        <time>2025-03-28T16:15:57Z</time>
      </trkpt>
      <trkpt lat="49.99508333333333" lon="15.029366666666666">
        <ele>471</ele>
        <time>2025-03-28T16:15:58Z</time>
      </trkpt>
      <trkpt lat="49.995066666666666" lon="15.029516666666666">
        <ele>471</ele>
        <time>2025-03-28T16:15:59Z</time>
      </trkpt>
      <trkpt lat="49.99503333333333" lon="15.029633333333333">
        <ele>471</ele>
        <time>2025-03-28T16:16:00Z</time>
      </trkpt>
      <trkpt lat="49.995" lon="15.029766666666667">
        <ele>471</ele>
        <time>2025-03-28T16:16:01Z</time>
      </trkpt>
      <trkpt lat="49.99495" lon="15.029883333333334">
        <ele>472</ele>
        <time>2025-03-28T16:16:02Z</time>
      </trkpt>
      <trkpt lat="49.99491666666667" lon="15.030016666666667">
        <ele>472</ele>
        <time>2025-03-28T16:16:03Z</time>
      </trkpt>
      <trkpt lat="49.9949" lon="15.030133333333334">
        <ele>473</ele>
        <time>2025-03-28T16:16:04Z</time>
      </trkpt>
      <trkpt lat="49.99486666666667" lon="15.03025">
        <ele>473</ele>
        <time>2025-03-28T16:16:05Z</time>
      </trkpt>
      <trkpt lat="49.99483333333333" lon="15.030383333333333">
        <ele>474</ele>
        <time>2025-03-28T16:16:06Z</time>
      </trkpt>
      <trkpt lat="49.99478333333333" lon="15.030516666666667">
        <ele>474</ele>
        <time>2025-03-28T16:16:07Z</time>
      </trkpt>
      <trkpt lat="49.994733333333336" lon="15.030633333333334">
        <ele>474</ele>
        <time>2025-03-28T16:16:08Z</time>
      </trkpt>
      <trkpt lat="49.994683333333334" lon="15.030766666666667">
        <ele>474</ele>
        <time>2025-03-28T16:16:09Z</time>
      </trkpt>
      <trkpt lat="49.99466666666667" lon="15.0309">
        <ele>474</ele>
        <time>2025-03-28T16:16:10Z</time>
      </trkpt>
      <trkpt lat="49.99463333333333" lon="15.031033333333333">
        <ele>475</ele>
        <time>2025-03-28T16:16:11Z</time>
      </trkpt>
      <trkpt lat="49.9946" lon="15.03115">
        <ele>475</ele>
        <time>2025-03-28T16:16:12Z</time>
      </trkpt>
      <trkpt lat="49.994566666666664" lon="15.031266666666667">
        <ele>475</ele>
        <time>2025-03-28T16:16:13Z</time>
      </trkpt>
      <trkpt lat="49.99451666666667" lon="15.0314">
        <ele>475</ele>
        <time>2025-03-28T16:16:14Z</time>
      </trkpt>
      <trkpt lat="49.994483333333335" lon="15.03155">
        <ele>474</ele>
        <time>2025-03-28T16:16:15Z</time>
      </trkpt>
      <trkpt lat="49.99445" lon="15.0317">
        <ele>473</ele>
        <time>2025-03-28T16:16:16Z</time>
      </trkpt>
      <trkpt lat="49.9944" lon="15.03185">
        <ele>472</ele>
        <time>2025-03-28T16:16:17Z</time>
      </trkpt>
      <trkpt lat="49.994366666666664" lon="15.031983333333333">
        <ele>471</ele>
        <time>2025-03-28T16:16:18Z</time>
      </trkpt>
      <trkpt lat="49.99431666666667" lon="15.032133333333332">
        <ele>472</ele>
        <time>2025-03-28T16:16:19Z</time>
      </trkpt>
      <trkpt lat="49.994283333333335" lon="15.032266666666667">
        <ele>472</ele>
        <time>2025-03-28T16:16:20Z</time>
      </trkpt>
      <trkpt lat="49.99425" lon="15.032416666666666">
        <ele>472</ele>
        <time>2025-03-28T16:16:21Z</time>
      </trkpt>
      <trkpt lat="49.99421666666667" lon="15.032566666666666">
        <ele>472</ele>
        <time>2025-03-28T16:16:22Z</time>
      </trkpt>
      <trkpt lat="49.99418333333333" lon="15.0327">
        <ele>472</ele>
        <time>2025-03-28T16:16:23Z</time>
      </trkpt>
      <trkpt lat="49.99413333333333" lon="15.03285">
        <ele>472</ele>
        <time>2025-03-28T16:16:24Z</time>
      </trkpt>
      <trkpt lat="49.994083333333336" lon="15.033">
        <ele>472</ele>
        <time>2025-03-28T16:16:25Z</time>
      </trkpt>
      <trkpt lat="49.99405" lon="15.033133333333334">
        <ele>472</ele>
        <time>2025-03-28T16:16:26Z</time>
      </trkpt>
      <trkpt lat="49.99401666666667" lon="15.033283333333333">
        <ele>472</ele>
        <time>2025-03-28T16:16:27Z</time>
      </trkpt>
      <trkpt lat="49.99398333333333" lon="15.033433333333333">
        <ele>471</ele>
        <time>2025-03-28T16:16:28Z</time>
      </trkpt>
      <trkpt lat="49.99393333333333" lon="15.0336">
        <ele>470</ele>
        <time>2025-03-28T16:16:29Z</time>
      </trkpt>
      <trkpt lat="49.9939" lon="15.033783333333334">
        <ele>469</ele>
        <time>2025-03-28T16:16:30Z</time>
      </trkpt>
      <trkpt lat="49.99386666666667" lon="15.033966666666666">
        <ele>467</ele>
        <time>2025-03-28T16:16:31Z</time>
      </trkpt>
      <trkpt lat="49.993833333333335" lon="15.034133333333333">
        <ele>465</ele>
        <time>2025-03-28T16:16:32Z</time>
      </trkpt>
      <trkpt lat="49.9938" lon="15.034316666666667">
        <ele>464</ele>
        <time>2025-03-28T16:16:33Z</time>
      </trkpt>
      <trkpt lat="49.99378333333333" lon="15.034483333333334">
        <ele>463</ele>
        <time>2025-03-28T16:16:34Z</time>
      </trkpt>
      <trkpt lat="49.99373333333333" lon="15.03465">
        <ele>462</ele>
        <time>2025-03-28T16:16:35Z</time>
      </trkpt>
      <trkpt lat="49.9937" lon="15.0348">
        <ele>463</ele>
        <time>2025-03-28T16:16:36Z</time>
      </trkpt>
      <trkpt lat="49.993633333333335" lon="15.034966666666667">
        <ele>463</ele>
        <time>2025-03-28T16:16:37Z</time>
      </trkpt>
      <trkpt lat="49.99358333333333" lon="15.035116666666667">
        <ele>462</ele>
        <time>2025-03-28T16:16:38Z</time>
      </trkpt>
      <trkpt lat="49.99353333333333" lon="15.035283333333334">
        <ele>462</ele>
        <time>2025-03-28T16:16:39Z</time>
      </trkpt>
      <trkpt lat="49.99348333333333" lon="15.03545">
        <ele>461</ele>
        <time>2025-03-28T16:16:40Z</time>
      </trkpt>
      <trkpt lat="49.99345" lon="15.035616666666666">
        <ele>461</ele>
        <time>2025-03-28T16:16:41Z</time>
      </trkpt>
      <trkpt lat="49.9934" lon="15.035783333333333">
        <ele>460</ele>
        <time>2025-03-28T16:16:42Z</time>
      </trkpt>
      <trkpt lat="49.99335" lon="15.035933333333332">
        <ele>460</ele>
        <time>2025-03-28T16:16:43Z</time>
      </trkpt>
      <trkpt lat="49.9933" lon="15.0361">
        <ele>460</ele>
        <time>2025-03-28T16:16:44Z</time>
      </trkpt>
      <trkpt lat="49.99325" lon="15.03625">
        <ele>459</ele>
        <time>2025-03-28T16:16:45Z</time>
      </trkpt>
      <trkpt lat="49.9932" lon="15.036416666666666">
        <ele>459</ele>
        <time>2025-03-28T16:16:46Z</time>
      </trkpt>
      <trkpt lat="49.99315" lon="15.036583333333333">
        <ele>458</ele>
        <time>2025-03-28T16:16:47Z</time>
      </trkpt>
      <trkpt lat="49.993116666666666" lon="15.03675">
        <ele>458</ele>
        <time>2025-03-28T16:16:48Z</time>
      </trkpt>
      <trkpt lat="49.993066666666664" lon="15.036916666666666">
        <ele>458</ele>
        <time>2025-03-28T16:16:49Z</time>
      </trkpt>
      <trkpt lat="49.99303333333334" lon="15.037066666666666">
        <ele>457</ele>
        <time>2025-03-28T16:16:50Z</time>
      </trkpt>
      <trkpt lat="49.992983333333335" lon="15.037233333333333">
        <ele>457</ele>
        <time>2025-03-28T16:16:51Z</time>
      </trkpt>
      <trkpt lat="49.99295" lon="15.0374">
        <ele>457</ele>
        <time>2025-03-28T16:16:52Z</time>
      </trkpt>
      <trkpt lat="49.9929" lon="15.037566666666667">
        <ele>457</ele>
        <time>2025-03-28T16:16:53Z</time>
      </trkpt>
      <trkpt lat="49.99285" lon="15.037733333333334">
        <ele>457</ele>
        <time>2025-03-28T16:16:54Z</time>
      </trkpt>
      <trkpt lat="49.99281666666667" lon="15.0379">
        <ele>457</ele>
        <time>2025-03-28T16:16:55Z</time>
      </trkpt>
      <trkpt lat="49.992783333333335" lon="15.03805">
        <ele>458</ele>
        <time>2025-03-28T16:16:56Z</time>
      </trkpt>
      <trkpt lat="49.992733333333334" lon="15.0382">
        <ele>458</ele>
        <time>2025-03-28T16:16:57Z</time>
      </trkpt>
      <trkpt lat="49.9927" lon="15.038333333333334">
        <ele>460</ele>
        <time>2025-03-28T16:16:58Z</time>
      </trkpt>
      <trkpt lat="49.99265" lon="15.03845">
        <ele>461</ele>
        <time>2025-03-28T16:16:59Z</time>
      </trkpt>
      <trkpt lat="49.99261666666666" lon="15.038583333333333">
        <ele>461</ele>
        <time>2025-03-28T16:17:00Z</time>
      </trkpt>
      <trkpt lat="49.99256666666667" lon="15.038733333333333">
        <ele>462</ele>
        <time>2025-03-28T16:17:01Z</time>
      </trkpt>
      <trkpt lat="49.992533333333334" lon="15.038866666666667">
        <ele>462</ele>
        <time>2025-03-28T16:17:02Z</time>
      </trkpt>
      <trkpt lat="49.99248333333333" lon="15.039016666666667">
        <ele>461</ele>
        <time>2025-03-28T16:17:03Z</time>
      </trkpt>
      <trkpt lat="49.99243333333333" lon="15.039166666666667">
        <ele>461</ele>
        <time>2025-03-28T16:17:04Z</time>
      </trkpt>
      <trkpt lat="49.9924" lon="15.0393">
        <ele>461</ele>
        <time>2025-03-28T16:17:05Z</time>
      </trkpt>
      <trkpt lat="49.992383333333336" lon="15.039433333333333">
        <ele>462</ele>
        <time>2025-03-28T16:17:06Z</time>
      </trkpt>
      <trkpt lat="49.99235" lon="15.039583333333333">
        <ele>462</ele>
        <time>2025-03-28T16:17:07Z</time>
      </trkpt>
      <trkpt lat="49.992333333333335" lon="15.039716666666667">
        <ele>462</ele>
        <time>2025-03-28T16:17:08Z</time>
      </trkpt>
      <trkpt lat="49.9923" lon="15.039866666666667">
        <ele>462</ele>
        <time>2025-03-28T16:17:09Z</time>
      </trkpt>
      <trkpt lat="49.99228333333333" lon="15.040016666666666">
        <ele>462</ele>
        <time>2025-03-28T16:17:10Z</time>
      </trkpt>
      <trkpt lat="49.992266666666666" lon="15.040166666666666">
        <ele>462</ele>
        <time>2025-03-28T16:17:11Z</time>
      </trkpt>
      <trkpt lat="49.99223333333333" lon="15.040333333333333">
        <ele>461</ele>
        <time>2025-03-28T16:17:12Z</time>
      </trkpt>
      <trkpt lat="49.992216666666664" lon="15.040483333333333">
        <ele>461</ele>
        <time>2025-03-28T16:17:13Z</time>
      </trkpt>
      <trkpt lat="49.99218333333334" lon="15.040616666666667">
        <ele>461</ele>
        <time>2025-03-28T16:17:14Z</time>
      </trkpt>
      <trkpt lat="49.99216666666667" lon="15.040766666666666">
        <ele>461</ele>
        <time>2025-03-28T16:17:15Z</time>
      </trkpt>
      <trkpt lat="49.99215" lon="15.0409">
        <ele>462</ele>
        <time>2025-03-28T16:17:16Z</time>
      </trkpt>
      <trkpt lat="49.992133333333335" lon="15.04105">
        <ele>462</ele>
        <time>2025-03-28T16:17:17Z</time>
      </trkpt>
      <trkpt lat="49.992133333333335" lon="15.0412">
        <ele>462</ele>
        <time>2025-03-28T16:17:18Z</time>
      </trkpt>
      <trkpt lat="49.99211666666667" lon="15.04135">
        <ele>462</ele>
        <time>2025-03-28T16:17:19Z</time>
      </trkpt>
      <trkpt lat="49.9921" lon="15.0415">
        <ele>462</ele>
        <time>2025-03-28T16:17:20Z</time>
      </trkpt>
      <trkpt lat="49.9921" lon="15.04165">
        <ele>463</ele>
        <time>2025-03-28T16:17:21Z</time>
      </trkpt>
      <trkpt lat="49.99208333333333" lon="15.0418">
        <ele>463</ele>
        <time>2025-03-28T16:17:22Z</time>
      </trkpt>
      <trkpt lat="49.99208333333333" lon="15.041933333333333">
        <ele>463</ele>
        <time>2025-03-28T16:17:23Z</time>
      </trkpt>
      <trkpt lat="49.992066666666666" lon="15.042083333333334">
        <ele>463</ele>
        <time>2025-03-28T16:17:24Z</time>
      </trkpt>
      <trkpt lat="49.992066666666666" lon="15.042233333333334">
        <ele>463</ele>
        <time>2025-03-28T16:17:25Z</time>
      </trkpt>
      <trkpt lat="49.99205" lon="15.042383333333333">
        <ele>463</ele>
        <time>2025-03-28T16:17:26Z</time>
      </trkpt>
      <trkpt lat="49.99205" lon="15.042533333333333">
        <ele>463</ele>
        <time>2025-03-28T16:17:27Z</time>
      </trkpt>
      <trkpt lat="49.99203333333333" lon="15.042683333333333">
        <ele>462</ele>
        <time>2025-03-28T16:17:28Z</time>
      </trkpt>
      <trkpt lat="49.992016666666665" lon="15.042833333333334">
        <ele>462</ele>
        <time>2025-03-28T16:17:29Z</time>
      </trkpt>
      <trkpt lat="49.99198333333333" lon="15.042983333333334">
        <ele>462</ele>
        <time>2025-03-28T16:17:30Z</time>
      </trkpt>
      <trkpt lat="49.991933333333336" lon="15.043116666666666">
        <ele>461</ele>
        <time>2025-03-28T16:17:31Z</time>
      </trkpt>
      <trkpt lat="49.991883333333334" lon="15.043266666666666">
        <ele>461</ele>
        <time>2025-03-28T16:17:32Z</time>
      </trkpt>
      <trkpt lat="49.99185" lon="15.043416666666667">
        <ele>460</ele>
        <time>2025-03-28T16:17:33Z</time>
      </trkpt>
      <trkpt lat="49.99183333333333" lon="15.043566666666667">
        <ele>460</ele>
        <time>2025-03-28T16:17:34Z</time>
      </trkpt>
      <trkpt lat="49.9918" lon="15.0437">
        <ele>460</ele>
        <time>2025-03-28T16:17:35Z</time>
      </trkpt>
      <trkpt lat="49.991733333333336" lon="15.043833333333334">
        <ele>460</ele>
        <time>2025-03-28T16:17:36Z</time>
      </trkpt>
      <trkpt lat="49.99166666666667" lon="15.04395">
        <ele>460</ele>
        <time>2025-03-28T16:17:37Z</time>
      </trkpt>
      <trkpt lat="49.991616666666665" lon="15.044083333333333">
        <ele>460</ele>
        <time>2025-03-28T16:17:38Z</time>
      </trkpt>
      <trkpt lat="49.991566666666664" lon="15.0442">
        <ele>460</ele>
        <time>2025-03-28T16:17:39Z</time>
      </trkpt>
      <trkpt lat="49.9915" lon="15.044333333333334">
        <ele>460</ele>
        <time>2025-03-28T16:17:40Z</time>
      </trkpt>
      <trkpt lat="49.99145" lon="15.04445">
        <ele>460</ele>
        <time>2025-03-28T16:17:41Z</time>
      </trkpt>
      <trkpt lat="49.99138333333333" lon="15.044566666666666">
        <ele>460</ele>
        <time>2025-03-28T16:17:42Z</time>
      </trkpt>
      <trkpt lat="49.99131666666667" lon="15.0447">
        <ele>459</ele>
        <time>2025-03-28T16:17:43Z</time>
      </trkpt>
      <trkpt lat="49.99125" lon="15.044833333333333">
        <ele>459</ele>
        <time>2025-03-28T16:17:44Z</time>
      </trkpt>
      <trkpt lat="49.9912" lon="15.044966666666667">
        <ele>459</ele>
        <time>2025-03-28T16:17:45Z</time>
      </trkpt>
      <trkpt lat="49.99113333333333" lon="15.0451">
        <ele>458</ele>
        <time>2025-03-28T16:17:46Z</time>
      </trkpt>
      <trkpt lat="49.99106666666667" lon="15.045216666666667">
        <ele>458</ele>
        <time>2025-03-28T16:17:47Z</time>
      </trkpt>
      <trkpt lat="49.991" lon="15.045333333333334">
        <ele>458</ele>
        <time>2025-03-28T16:17:48Z</time>
      </trkpt>
      <trkpt lat="49.99093333333333" lon="15.045433333333333">
        <ele>458</ele>
        <time>2025-03-28T16:17:49Z</time>
      </trkpt>
      <trkpt lat="49.99085" lon="15.045516666666666">
        <ele>458</ele>
        <time>2025-03-28T16:17:50Z</time>
      </trkpt>
      <trkpt lat="49.990766666666666" lon="15.0456">
        <ele>458</ele>
        <time>2025-03-28T16:17:51Z</time>
      </trkpt>
      <trkpt lat="49.99066666666667" lon="15.045683333333333">
        <ele>458</ele>
        <time>2025-03-28T16:17:52Z</time>
      </trkpt>
      <trkpt lat="49.990566666666666" lon="15.045783333333333">
        <ele>458</ele>
        <time>2025-03-28T16:17:53Z</time>
      </trkpt>
      <trkpt lat="49.9905" lon="15.045883333333334">
        <ele>457</ele>
        <time>2025-03-28T16:17:54Z</time>
      </trkpt>
      <trkpt lat="49.99041666666667" lon="15.046">
        <ele>457</ele>
        <time>2025-03-28T16:17:55Z</time>
      </trkpt>
      <trkpt lat="49.99033333333333" lon="15.0461">
        <ele>458</ele>
        <time>2025-03-28T16:17:56Z</time>
      </trkpt>
      <trkpt lat="49.99025" lon="15.046183333333333">
        <ele>458</ele>
        <time>2025-03-28T16:17:57Z</time>
      </trkpt>
      <trkpt lat="49.99016666666667" lon="15.046266666666666">
        <ele>459</ele>
        <time>2025-03-28T16:17:58Z</time>
      </trkpt>
      <trkpt lat="49.9901" lon="15.046366666666668">
        <ele>459</ele>
        <time>2025-03-28T16:17:59Z</time>
      </trkpt>
      <trkpt lat="49.99001666666667" lon="15.046466666666667">
        <ele>460</ele>
        <time>2025-03-28T16:18:00Z</time>
      </trkpt>
      <trkpt lat="49.98995" lon="15.046583333333333">
        <ele>460</ele>
        <time>2025-03-28T16:18:01Z</time>
      </trkpt>
      <trkpt lat="49.98988333333333" lon="15.0467">
        <ele>460</ele>
        <time>2025-03-28T16:18:02Z</time>
      </trkpt>
      <trkpt lat="49.98983333333334" lon="15.046833333333334">
        <ele>461</ele>
        <time>2025-03-28T16:18:03Z</time>
      </trkpt>
      <trkpt lat="49.98976666666667" lon="15.046966666666666">
        <ele>460</ele>
        <time>2025-03-28T16:18:04Z</time>
      </trkpt>
      <trkpt lat="49.989716666666666" lon="15.047083333333333">
        <ele>460</ele>
        <time>2025-03-28T16:18:05Z</time>
      </trkpt>
      <trkpt lat="49.98965" lon="15.0472">
        <ele>461</ele>
        <time>2025-03-28T16:18:06Z</time>
      </trkpt>
      <trkpt lat="49.9896" lon="15.047333333333333">
        <ele>461</ele>
        <time>2025-03-28T16:18:07Z</time>
      </trkpt>
      <trkpt lat="49.98955" lon="15.047466666666667">
        <ele>461</ele>
        <time>2025-03-28T16:18:08Z</time>
      </trkpt>
      <trkpt lat="49.98948333333333" lon="15.047583333333334">
        <ele>461</ele>
        <time>2025-03-28T16:18:09Z</time>
      </trkpt>
      <trkpt lat="49.98943333333333" lon="15.047716666666666">
        <ele>461</ele>
        <time>2025-03-28T16:18:10Z</time>
      </trkpt>
      <trkpt lat="49.98936666666667" lon="15.04785">
        <ele>461</ele>
        <time>2025-03-28T16:18:11Z</time>
      </trkpt>
      <trkpt lat="49.9893" lon="15.047983333333333">
        <ele>461</ele>
        <time>2025-03-28T16:18:12Z</time>
      </trkpt>
      <trkpt lat="49.98923333333333" lon="15.0481">
        <ele>461</ele>
        <time>2025-03-28T16:18:13Z</time>
      </trkpt>
      <trkpt lat="49.98916666666667" lon="15.048216666666667">
        <ele>461</ele>
        <time>2025-03-28T16:18:14Z</time>
      </trkpt>
      <trkpt lat="49.9891" lon="15.048333333333334">
        <ele>461</ele>
        <time>2025-03-28T16:18:15Z</time>
      </trkpt>
      <trkpt lat="49.989016666666664" lon="15.04845">
        <ele>461</ele>
        <time>2025-03-28T16:18:16Z</time>
      </trkpt>
      <trkpt lat="49.98896666666667" lon="15.048583333333333">
        <ele>461</ele>
        <time>2025-03-28T16:18:17Z</time>
      </trkpt>
      <trkpt lat="49.9889" lon="15.0487">
        <ele>462</ele>
        <time>2025-03-28T16:18:18Z</time>
      </trkpt>
      <trkpt lat="49.98883333333333" lon="15.048833333333333">
        <ele>462</ele>
        <time>2025-03-28T16:18:19Z</time>
      </trkpt>
      <trkpt lat="49.98876666666666" lon="15.04895">
        <ele>462</ele>
        <time>2025-03-28T16:18:20Z</time>
      </trkpt>
      <trkpt lat="49.988683333333334" lon="15.049066666666667">
        <ele>462</ele>
        <time>2025-03-28T16:18:21Z</time>
      </trkpt>
      <trkpt lat="49.9886" lon="15.049183333333334">
        <ele>462</ele>
        <time>2025-03-28T16:18:22Z</time>
      </trkpt>
      <trkpt lat="49.98851666666667" lon="15.049283333333333">
        <ele>462</ele>
        <time>2025-03-28T16:18:23Z</time>
      </trkpt>
      <trkpt lat="49.98845" lon="15.0494">
        <ele>462</ele>
        <time>2025-03-28T16:18:24Z</time>
      </trkpt>
      <trkpt lat="49.988366666666664" lon="15.049516666666667">
        <ele>463</ele>
        <time>2025-03-28T16:18:25Z</time>
      </trkpt>
      <trkpt lat="49.9883" lon="15.049633333333333">
        <ele>463</ele>
        <time>2025-03-28T16:18:26Z</time>
      </trkpt>
      <trkpt lat="49.98823333333333" lon="15.049766666666667">
        <ele>464</ele>
        <time>2025-03-28T16:18:27Z</time>
      </trkpt>
      <trkpt lat="49.988166666666665" lon="15.0499">
        <ele>464</ele>
        <time>2025-03-28T16:18:28Z</time>
      </trkpt>
      <trkpt lat="49.9881" lon="15.050016666666666">
        <ele>465</ele>
        <time>2025-03-28T16:18:29Z</time>
      </trkpt>
      <trkpt lat="49.98801666666667" lon="15.050116666666666">
        <ele>465</ele>
        <time>2025-03-28T16:18:30Z</time>
      </trkpt>
      <trkpt lat="49.98793333333333" lon="15.050216666666667">
        <ele>465</ele>
        <time>2025-03-28T16:18:31Z</time>
      </trkpt>
      <trkpt lat="49.98786666666667" lon="15.05035">
        <ele>465</ele>
        <time>2025-03-28T16:18:32Z</time>
      </trkpt>
      <trkpt lat="49.9878" lon="15.050483333333334">
        <ele>464</ele>
        <time>2025-03-28T16:18:33Z</time>
      </trkpt>
      <trkpt lat="49.98773333333333" lon="15.050633333333334">
        <ele>464</ele>
        <time>2025-03-28T16:18:34Z</time>
      </trkpt>
      <trkpt lat="49.98765" lon="15.05075">
        <ele>464</ele>
        <time>2025-03-28T16:18:35Z</time>
      </trkpt>
      <trkpt lat="49.987566666666666" lon="15.050866666666666">
        <ele>464</ele>
        <time>2025-03-28T16:18:36Z</time>
      </trkpt>
      <trkpt lat="49.98748333333333" lon="15.050983333333333">
        <ele>464</ele>
        <time>2025-03-28T16:18:37Z</time>
      </trkpt>
      <trkpt lat="49.98741666666667" lon="15.051116666666667">
        <ele>465</ele>
        <time>2025-03-28T16:18:38Z</time>
      </trkpt>
      <trkpt lat="49.98733333333333" lon="15.051233333333334">
        <ele>465</ele>
        <time>2025-03-28T16:18:39Z</time>
      </trkpt>
      <trkpt lat="49.98726666666666" lon="15.051366666666667">
        <ele>465</ele>
        <time>2025-03-28T16:18:40Z</time>
      </trkpt>
      <trkpt lat="49.987183333333334" lon="15.0515">
        <ele>465</ele>
        <time>2025-03-28T16:18:41Z</time>
      </trkpt>
      <trkpt lat="49.987116666666665" lon="15.051633333333333">
        <ele>465</ele>
        <time>2025-03-28T16:18:42Z</time>
      </trkpt>
      <trkpt lat="49.987049999999996" lon="15.051766666666667">
        <ele>465</ele>
        <time>2025-03-28T16:18:43Z</time>
      </trkpt>
      <trkpt lat="49.987" lon="15.051916666666667">
        <ele>465</ele>
        <time>2025-03-28T16:18:44Z</time>
      </trkpt>
      <trkpt lat="49.98695" lon="15.05205">
        <ele>465</ele>
        <time>2025-03-28T16:18:45Z</time>
      </trkpt>
      <trkpt lat="49.9869" lon="15.0522">
        <ele>465</ele>
        <time>2025-03-28T16:18:46Z</time>
      </trkpt>
      <trkpt lat="49.98685" lon="15.052333333333333">
        <ele>465</ele>
        <time>2025-03-28T16:18:47Z</time>
      </trkpt>
      <trkpt lat="49.9868" lon="15.052483333333333">
        <ele>465</ele>
        <time>2025-03-28T16:18:48Z</time>
      </trkpt>
      <trkpt lat="49.98676666666667" lon="15.052616666666667">
        <ele>465</ele>
        <time>2025-03-28T16:18:49Z</time>
      </trkpt>
      <trkpt lat="49.986716666666666" lon="15.052783333333334">
        <ele>465</ele>
        <time>2025-03-28T16:18:50Z</time>
      </trkpt>
      <trkpt lat="49.98668333333333" lon="15.052933333333334">
        <ele>465</ele>
        <time>2025-03-28T16:18:51Z</time>
      </trkpt>
      <trkpt lat="49.98665" lon="15.053083333333333">
        <ele>466</ele>
        <time>2025-03-28T16:18:52Z</time>
      </trkpt>
      <trkpt lat="49.9866" lon="15.053216666666666">
        <ele>466</ele>
        <time>2025-03-28T16:18:53Z</time>
      </trkpt>
      <trkpt lat="49.98655" lon="15.053366666666667">
        <ele>466</ele>
        <time>2025-03-28T16:18:54Z</time>
      </trkpt>
      <trkpt lat="49.9865" lon="15.0535">
        <ele>467</ele>
        <time>2025-03-28T16:18:55Z</time>
      </trkpt>
      <trkpt lat="49.98643333333333" lon="15.053616666666667">
        <ele>467</ele>
        <time>2025-03-28T16:18:56Z</time>
      </trkpt>
      <trkpt lat="49.9864" lon="15.05375">
        <ele>468</ele>
        <time>2025-03-28T16:18:57Z</time>
      </trkpt>
      <trkpt lat="49.98636666666667" lon="15.053883333333333">
        <ele>469</ele>
        <time>2025-03-28T16:18:58Z</time>
      </trkpt>
      <trkpt lat="49.986333333333334" lon="15.054016666666667">
        <ele>470</ele>
        <time>2025-03-28T16:18:59Z</time>
      </trkpt>
      <trkpt lat="49.9863" lon="15.05415">
        <ele>471</ele>
        <time>2025-03-28T16:19:00Z</time>
      </trkpt>
      <trkpt lat="49.98625" lon="15.054283333333334">
        <ele>471</ele>
        <time>2025-03-28T16:19:01Z</time>
      </trkpt>
      <trkpt lat="49.9862" lon="15.054416666666667">
        <ele>471</ele>
        <time>2025-03-28T16:19:02Z</time>
      </trkpt>
      <trkpt lat="49.98615" lon="15.054566666666666">
        <ele>471</ele>
        <time>2025-03-28T16:19:03Z</time>
      </trkpt>
      <trkpt lat="49.98611666666667" lon="15.0547">
        <ele>471</ele>
        <time>2025-03-28T16:19:04Z</time>
      </trkpt>
      <trkpt lat="49.98608333333333" lon="15.054866666666667">
        <ele>471</ele>
        <time>2025-03-28T16:19:05Z</time>
      </trkpt>
      <trkpt lat="49.986066666666666" lon="15.055">
        <ele>471</ele>
        <time>2025-03-28T16:19:06Z</time>
      </trkpt>
      <trkpt lat="49.98603333333333" lon="15.05515">
        <ele>472</ele>
        <time>2025-03-28T16:19:07Z</time>
      </trkpt>
      <trkpt lat="49.986" lon="15.055266666666666">
        <ele>472</ele>
        <time>2025-03-28T16:19:08Z</time>
      </trkpt>
      <trkpt lat="49.98596666666667" lon="15.0554">
        <ele>473</ele>
        <time>2025-03-28T16:19:09Z</time>
      </trkpt>
      <trkpt lat="49.985933333333335" lon="15.055533333333333">
        <ele>474</ele>
        <time>2025-03-28T16:19:10Z</time>
      </trkpt>
      <trkpt lat="49.98591666666667" lon="15.055666666666667">
        <ele>474</ele>
        <time>2025-03-28T16:19:11Z</time>
      </trkpt>
      <trkpt lat="49.985883333333334" lon="15.055816666666667">
        <ele>475</ele>
        <time>2025-03-28T16:19:12Z</time>
      </trkpt>
      <trkpt lat="49.985866666666666" lon="15.05595">
        <ele>475</ele>
        <time>2025-03-28T16:19:13Z</time>
      </trkpt>
      <trkpt lat="49.98583333333333" lon="15.0561">
        <ele>475</ele>
        <time>2025-03-28T16:19:14Z</time>
      </trkpt>
      <trkpt lat="49.9858" lon="15.05625">
        <ele>475</ele>
        <time>2025-03-28T16:19:15Z</time>
      </trkpt>
      <trkpt lat="49.98576666666666" lon="15.056383333333333">
        <ele>475</ele>
        <time>2025-03-28T16:19:16Z</time>
      </trkpt>
      <trkpt lat="49.98575" lon="15.056516666666667">
        <ele>475</ele>
        <time>2025-03-28T16:19:17Z</time>
      </trkpt>
      <trkpt lat="49.985733333333336" lon="15.05665">
        <ele>475</ele>
        <time>2025-03-28T16:19:18Z</time>
      </trkpt>
      <trkpt lat="49.9857" lon="15.0568">
        <ele>476</ele>
        <time>2025-03-28T16:19:19Z</time>
      </trkpt>
      <trkpt lat="49.985683333333334" lon="15.056933333333333">
        <ele>475</ele>
        <time>2025-03-28T16:19:20Z</time>
      </trkpt>
      <trkpt lat="49.98565" lon="15.0571">
        <ele>474</ele>
        <time>2025-03-28T16:19:21Z</time>
      </trkpt>
      <trkpt lat="49.985616666666665" lon="15.057283333333332">
        <ele>473</ele>
        <time>2025-03-28T16:19:22Z</time>
      </trkpt>
      <trkpt lat="49.98558333333333" lon="15.057483333333334">
        <ele>471</ele>
        <time>2025-03-28T16:19:23Z</time>
      </trkpt>
      <trkpt lat="49.985566666666664" lon="15.057666666666666">
        <ele>469</ele>
        <time>2025-03-28T16:19:24Z</time>
      </trkpt>
      <trkpt lat="49.985533333333336" lon="15.05785">
        <ele>468</ele>
        <time>2025-03-28T16:19:25Z</time>
      </trkpt>
      <trkpt lat="49.98551666666667" lon="15.058016666666667">
        <ele>468</ele>
        <time>2025-03-28T16:19:26Z</time>
      </trkpt>
      <trkpt lat="49.985483333333335" lon="15.058183333333334">
        <ele>468</ele>
        <time>2025-03-28T16:19:27Z</time>
      </trkpt>
      <trkpt lat="49.98546666666667" lon="15.05835">
        <ele>469</ele>
        <time>2025-03-28T16:19:28Z</time>
      </trkpt>
      <trkpt lat="49.98546666666667" lon="15.058516666666666">
        <ele>469</ele>
        <time>2025-03-28T16:19:29Z</time>
      </trkpt>
      <trkpt lat="49.98545" lon="15.058683333333333">
        <ele>468</ele>
        <time>2025-03-28T16:19:30Z</time>
      </trkpt>
      <trkpt lat="49.98543333333333" lon="15.058866666666667">
        <ele>468</ele>
        <time>2025-03-28T16:19:31Z</time>
      </trkpt>
      <trkpt lat="49.985416666666666" lon="15.059033333333334">
        <ele>468</ele>
        <time>2025-03-28T16:19:32Z</time>
      </trkpt>
      <trkpt lat="49.98538333333333" lon="15.0592">
        <ele>467</ele>
        <time>2025-03-28T16:19:33Z</time>
      </trkpt>
      <trkpt lat="49.98535" lon="15.059383333333333">
        <ele>466</ele>
        <time>2025-03-28T16:19:34Z</time>
      </trkpt>
      <trkpt lat="49.98531666666667" lon="15.05955">
        <ele>466</ele>
        <time>2025-03-28T16:19:35Z</time>
      </trkpt>
      <trkpt lat="49.9853" lon="15.059716666666667">
        <ele>465</ele>
        <time>2025-03-28T16:19:36Z</time>
      </trkpt>
      <trkpt lat="49.985283333333335" lon="15.059883333333334">
        <ele>465</ele>
        <time>2025-03-28T16:19:37Z</time>
      </trkpt>
      <trkpt lat="49.985283333333335" lon="15.060066666666666">
        <ele>464</ele>
        <time>2025-03-28T16:19:38Z</time>
      </trkpt>
      <trkpt lat="49.98526666666667" lon="15.060233333333333">
        <ele>464</ele>
        <time>2025-03-28T16:19:39Z</time>
      </trkpt>
      <trkpt lat="49.98525" lon="15.060416666666667">
        <ele>463</ele>
        <time>2025-03-28T16:19:40Z</time>
      </trkpt>
      <trkpt lat="49.985216666666666" lon="15.060583333333334">
        <ele>463</ele>
        <time>2025-03-28T16:19:41Z</time>
      </trkpt>
      <trkpt lat="49.98518333333333" lon="15.060766666666666">
        <ele>463</ele>
        <time>2025-03-28T16:19:42Z</time>
      </trkpt>
      <trkpt lat="49.98515" lon="15.060933333333333">
        <ele>463</ele>
        <time>2025-03-28T16:19:43Z</time>
      </trkpt>
      <trkpt lat="49.98511666666667" lon="15.0611">
        <ele>463</ele>
        <time>2025-03-28T16:19:44Z</time>
      </trkpt>
      <trkpt lat="49.985083333333336" lon="15.061266666666667">
        <ele>463</ele>
        <time>2025-03-28T16:19:45Z</time>
      </trkpt>
      <trkpt lat="49.98505" lon="15.061433333333333">
        <ele>463</ele>
        <time>2025-03-28T16:19:46Z</time>
      </trkpt>
      <trkpt lat="49.985" lon="15.061616666666668">
        <ele>463</ele>
        <time>2025-03-28T16:19:47Z</time>
      </trkpt>
      <trkpt lat="49.984966666666665" lon="15.061766666666667">
        <ele>463</ele>
        <time>2025-03-28T16:19:48Z</time>
      </trkpt>
      <trkpt lat="49.98493333333333" lon="15.061933333333334">
        <ele>462</ele>
        <time>2025-03-28T16:19:49Z</time>
      </trkpt>
      <trkpt lat="49.984883333333336" lon="15.0621">
        <ele>462</ele>
        <time>2025-03-28T16:19:50Z</time>
      </trkpt>
      <trkpt lat="49.984833333333334" lon="15.06225">
        <ele>462</ele>
        <time>2025-03-28T16:19:51Z</time>
      </trkpt>
      <trkpt lat="49.98478333333333" lon="15.062416666666667">
        <ele>461</ele>
        <time>2025-03-28T16:19:52Z</time>
      </trkpt>
      <trkpt lat="49.98475" lon="15.062583333333333">
        <ele>460</ele>
        <time>2025-03-28T16:19:53Z</time>
      </trkpt>
      <trkpt lat="49.9847" lon="15.06275">
        <ele>460</ele>
        <time>2025-03-28T16:19:54Z</time>
      </trkpt>
      <trkpt lat="49.98465" lon="15.062916666666666">
        <ele>459</ele>
        <time>2025-03-28T16:19:55Z</time>
      </trkpt>
      <trkpt lat="49.98461666666667" lon="15.063083333333333">
        <ele>459</ele>
        <time>2025-03-28T16:19:56Z</time>
      </trkpt>
      <trkpt lat="49.984566666666666" lon="15.06325">
        <ele>458</ele>
        <time>2025-03-28T16:19:57Z</time>
      </trkpt>
      <trkpt lat="49.98453333333333" lon="15.063416666666667">
        <ele>457</ele>
        <time>2025-03-28T16:19:58Z</time>
      </trkpt>
      <trkpt lat="49.98448333333333" lon="15.063583333333334">
        <ele>456</ele>
        <time>2025-03-28T16:19:59Z</time>
      </trkpt>
      <trkpt lat="49.98445" lon="15.06375">
        <ele>455</ele>
        <time>2025-03-28T16:20:00Z</time>
      </trkpt>
      <trkpt lat="49.984433333333335" lon="15.063916666666668">
        <ele>454</ele>
        <time>2025-03-28T16:20:01Z</time>
      </trkpt>
      <trkpt lat="49.984383333333334" lon="15.064083333333333">
        <ele>453</ele>
        <time>2025-03-28T16:20:02Z</time>
      </trkpt>
      <trkpt lat="49.98435" lon="15.06425">
        <ele>453</ele>
        <time>2025-03-28T16:20:03Z</time>
      </trkpt>
      <trkpt lat="49.9843" lon="15.064416666666666">
        <ele>452</ele>
        <time>2025-03-28T16:20:04Z</time>
      </trkpt>
      <trkpt lat="49.98426666666667" lon="15.064583333333333">
        <ele>451</ele>
        <time>2025-03-28T16:20:05Z</time>
      </trkpt>
      <trkpt lat="49.984233333333336" lon="15.06475">
        <ele>450</ele>
        <time>2025-03-28T16:20:06Z</time>
      </trkpt>
      <trkpt lat="49.984183333333334" lon="15.064916666666667">
        <ele>449</ele>
        <time>2025-03-28T16:20:07Z</time>
      </trkpt>
      <trkpt lat="49.98416666666667" lon="15.065083333333334">
        <ele>449</ele>
        <time>2025-03-28T16:20:08Z</time>
      </trkpt>
      <trkpt lat="49.98413333333333" lon="15.06525">
        <ele>448</ele>
        <time>2025-03-28T16:20:09Z</time>
      </trkpt>
      <trkpt lat="49.984116666666665" lon="15.065416666666666">
        <ele>447</ele>
        <time>2025-03-28T16:20:10Z</time>
      </trkpt>
      <trkpt lat="49.9841" lon="15.065583333333333">
        <ele>448</ele>
        <time>2025-03-28T16:20:11Z</time>
      </trkpt>
      <trkpt lat="49.98406666666666" lon="15.065733333333334">
        <ele>448</ele>
        <time>2025-03-28T16:20:12Z</time>
      </trkpt>
      <trkpt lat="49.984033333333336" lon="15.065866666666667">
        <ele>448</ele>
        <time>2025-03-28T16:20:13Z</time>
      </trkpt>
      <trkpt lat="49.98401666666667" lon="15.066016666666666">
        <ele>449</ele>
        <time>2025-03-28T16:20:14Z</time>
      </trkpt>
      <trkpt lat="49.983983333333335" lon="15.066166666666666">
        <ele>448</ele>
        <time>2025-03-28T16:20:15Z</time>
      </trkpt>
      <trkpt lat="49.98396666666667" lon="15.066316666666667">
        <ele>448</ele>
        <time>2025-03-28T16:20:16Z</time>
      </trkpt>
      <trkpt lat="49.98395" lon="15.066466666666667">
        <ele>448</ele>
        <time>2025-03-28T16:20:17Z</time>
      </trkpt>
      <trkpt lat="49.983916666666666" lon="15.066633333333334">
        <ele>448</ele>
        <time>2025-03-28T16:20:18Z</time>
      </trkpt>
      <trkpt lat="49.9839" lon="15.066783333333333">
        <ele>448</ele>
        <time>2025-03-28T16:20:19Z</time>
      </trkpt>
      <trkpt lat="49.98388333333333" lon="15.066933333333333">
        <ele>448</ele>
        <time>2025-03-28T16:20:20Z</time>
      </trkpt>
      <trkpt lat="49.983866666666664" lon="15.067083333333333">
        <ele>448</ele>
        <time>2025-03-28T16:20:21Z</time>
      </trkpt>
      <trkpt lat="49.983866666666664" lon="15.067233333333334">
        <ele>447</ele>
        <time>2025-03-28T16:20:22Z</time>
      </trkpt>
      <trkpt lat="49.98383333333334" lon="15.067383333333334">
        <ele>447</ele>
        <time>2025-03-28T16:20:23Z</time>
      </trkpt>
      <trkpt lat="49.98383333333334" lon="15.067533333333333">
        <ele>447</ele>
        <time>2025-03-28T16:20:24Z</time>
      </trkpt>
      <trkpt lat="49.98381666666667" lon="15.067683333333333">
        <ele>447</ele>
        <time>2025-03-28T16:20:25Z</time>
      </trkpt>
      <trkpt lat="49.98381666666667" lon="15.067816666666667">
        <ele>446</ele>
        <time>2025-03-28T16:20:26Z</time>
      </trkpt>
      <trkpt lat="49.98381666666667" lon="15.067983333333334">
        <ele>446</ele>
        <time>2025-03-28T16:20:27Z</time>
      </trkpt>
      <trkpt lat="49.9838" lon="15.068133333333334">
        <ele>446</ele>
        <time>2025-03-28T16:20:28Z</time>
      </trkpt>
      <trkpt lat="49.983783333333335" lon="15.0683">
        <ele>446</ele>
        <time>2025-03-28T16:20:29Z</time>
      </trkpt>
      <trkpt lat="49.983783333333335" lon="15.06845">
        <ele>445</ele>
        <time>2025-03-28T16:20:30Z</time>
      </trkpt>
      <trkpt lat="49.983783333333335" lon="15.068616666666667">
        <ele>445</ele>
        <time>2025-03-28T16:20:31Z</time>
      </trkpt>
      <trkpt lat="49.9838" lon="15.068766666666667">
        <ele>444</ele>
        <time>2025-03-28T16:20:32Z</time>
      </trkpt>
      <trkpt lat="49.983783333333335" lon="15.068933333333334">
        <ele>444</ele>
        <time>2025-03-28T16:20:33Z</time>
      </trkpt>
      <trkpt lat="49.98376666666667" lon="15.0691">
        <ele>444</ele>
        <time>2025-03-28T16:20:34Z</time>
      </trkpt>
      <trkpt lat="49.98376666666667" lon="15.069266666666667">
        <ele>444</ele>
        <time>2025-03-28T16:20:35Z</time>
      </trkpt>
      <trkpt lat="49.98375" lon="15.06945">
        <ele>444</ele>
        <time>2025-03-28T16:20:36Z</time>
      </trkpt>
      <trkpt lat="49.98375" lon="15.069616666666667">
        <ele>444</ele>
        <time>2025-03-28T16:20:37Z</time>
      </trkpt>
      <trkpt lat="49.98376666666667" lon="15.069783333333334">
        <ele>445</ele>
        <time>2025-03-28T16:20:38Z</time>
      </trkpt>
      <trkpt lat="49.98376666666667" lon="15.06995">
        <ele>445</ele>
        <time>2025-03-28T16:20:39Z</time>
      </trkpt>
      <trkpt lat="49.98375" lon="15.070116666666667">
        <ele>446</ele>
        <time>2025-03-28T16:20:40Z</time>
      </trkpt>
      <trkpt lat="49.98375" lon="15.070283333333334">
        <ele>446</ele>
        <time>2025-03-28T16:20:41Z</time>
      </trkpt>
      <trkpt lat="49.98375" lon="15.07045">
        <ele>447</ele>
        <time>2025-03-28T16:20:42Z</time>
      </trkpt>
      <trkpt lat="49.98376666666667" lon="15.0706">
        <ele>449</ele>
        <time>2025-03-28T16:20:43Z</time>
      </trkpt>
      <trkpt lat="49.98375" lon="15.07075">
        <ele>450</ele>
        <time>2025-03-28T16:20:44Z</time>
      </trkpt>
      <trkpt lat="49.98375" lon="15.0709">
        <ele>451</ele>
        <time>2025-03-28T16:20:45Z</time>
      </trkpt>
      <trkpt lat="49.98373333333333" lon="15.071066666666667">
        <ele>451</ele>
        <time>2025-03-28T16:20:46Z</time>
      </trkpt>
      <trkpt lat="49.983716666666666" lon="15.07125">
        <ele>450</ele>
        <time>2025-03-28T16:20:47Z</time>
      </trkpt>
      <trkpt lat="49.98373333333333" lon="15.071466666666666">
        <ele>449</ele>
        <time>2025-03-28T16:20:48Z</time>
      </trkpt>
      <trkpt lat="49.98375" lon="15.071666666666667">
        <ele>449</ele>
        <time>2025-03-28T16:20:49Z</time>
      </trkpt>
      <trkpt lat="49.98376666666667" lon="15.07185">
        <ele>448</ele>
        <time>2025-03-28T16:20:50Z</time>
      </trkpt>
      <trkpt lat="49.983783333333335" lon="15.072016666666666">
        <ele>449</ele>
        <time>2025-03-28T16:20:51Z</time>
      </trkpt>
      <trkpt lat="49.98376666666667" lon="15.0722">
        <ele>449</ele>
        <time>2025-03-28T16:20:52Z</time>
      </trkpt>
      <trkpt lat="49.98376666666667" lon="15.072366666666667">
        <ele>450</ele>
        <time>2025-03-28T16:20:53Z</time>
      </trkpt>
      <trkpt lat="49.983783333333335" lon="15.072533333333332">
        <ele>450</ele>
        <time>2025-03-28T16:20:54Z</time>
      </trkpt>
      <trkpt lat="49.98385" lon="15.072683333333334">
        <ele>450</ele>
        <time>2025-03-28T16:20:55Z</time>
      </trkpt>
      <trkpt lat="49.9839" lon="15.072833333333334">
        <ele>450</ele>
        <time>2025-03-28T16:20:56Z</time>
      </trkpt>
      <trkpt lat="49.98396666666667" lon="15.072966666666666">
        <ele>451</ele>
        <time>2025-03-28T16:20:57Z</time>
      </trkpt>
      <trkpt lat="49.984033333333336" lon="15.073083333333333">
        <ele>451</ele>
        <time>2025-03-28T16:20:58Z</time>
      </trkpt>
      <trkpt lat="49.9841" lon="15.073183333333333">
        <ele>452</ele>
        <time>2025-03-28T16:20:59Z</time>
      </trkpt>
      <trkpt lat="49.984183333333334" lon="15.073283333333332">
        <ele>453</ele>
        <time>2025-03-28T16:21:00Z</time>
      </trkpt>
      <trkpt lat="49.98426666666667" lon="15.073383333333334">
        <ele>453</ele>
        <time>2025-03-28T16:21:01Z</time>
      </trkpt>
      <trkpt lat="49.98435" lon="15.073483333333334">
        <ele>453</ele>
        <time>2025-03-28T16:21:02Z</time>
      </trkpt>
      <trkpt lat="49.98445" lon="15.073566666666666">
        <ele>453</ele>
        <time>2025-03-28T16:21:03Z</time>
      </trkpt>
      <trkpt lat="49.98455" lon="15.07365">
        <ele>452</ele>
        <time>2025-03-28T16:21:04Z</time>
      </trkpt>
      <trkpt lat="49.98465" lon="15.073716666666666">
        <ele>452</ele>
        <time>2025-03-28T16:21:05Z</time>
      </trkpt>
      <trkpt lat="49.984766666666665" lon="15.0738">
        <ele>451</ele>
        <time>2025-03-28T16:21:06Z</time>
      </trkpt>
      <trkpt lat="49.98486666666667" lon="15.073866666666667">
        <ele>451</ele>
        <time>2025-03-28T16:21:07Z</time>
      </trkpt>
      <trkpt lat="49.984966666666665" lon="15.07395">
        <ele>451</ele>
        <time>2025-03-28T16:21:08Z</time>
      </trkpt>
      <trkpt lat="49.98506666666667" lon="15.074">
        <ele>451</ele>
        <time>2025-03-28T16:21:09Z</time>
      </trkpt>
      <trkpt lat="49.985166666666665" lon="15.074066666666667">
        <ele>451</ele>
        <time>2025-03-28T16:21:10Z</time>
      </trkpt>
      <trkpt lat="49.985283333333335" lon="15.074133333333334">
        <ele>451</ele>
        <time>2025-03-28T16:21:11Z</time>
      </trkpt>
      <trkpt lat="49.98538333333333" lon="15.0742">
        <ele>452</ele>
        <time>2025-03-28T16:21:12Z</time>
      </trkpt>
      <trkpt lat="49.985483333333335" lon="15.07425">
        <ele>453</ele>
        <time>2025-03-28T16:21:13Z</time>
      </trkpt>
      <trkpt lat="49.98558333333333" lon="15.0743">
        <ele>453</ele>
        <time>2025-03-28T16:21:14Z</time>
      </trkpt>
      <trkpt lat="49.9857" lon="15.07435">
        <ele>454</ele>
        <time>2025-03-28T16:21:15Z</time>
      </trkpt>
      <trkpt lat="49.985816666666665" lon="15.0744">
        <ele>454</ele>
        <time>2025-03-28T16:21:16Z</time>
      </trkpt>
      <trkpt lat="49.98591666666667" lon="15.07445">
        <ele>455</ele>
        <time>2025-03-28T16:21:17Z</time>
      </trkpt>
      <trkpt lat="49.98603333333333" lon="15.074483333333333">
        <ele>455</ele>
        <time>2025-03-28T16:21:18Z</time>
      </trkpt>
      <trkpt lat="49.98615" lon="15.074516666666666">
        <ele>455</ele>
        <time>2025-03-28T16:21:19Z</time>
      </trkpt>
      <trkpt lat="49.986266666666666" lon="15.07455">
        <ele>455</ele>
        <time>2025-03-28T16:21:20Z</time>
      </trkpt>
      <trkpt lat="49.98636666666667" lon="15.0746">
        <ele>455</ele>
        <time>2025-03-28T16:21:21Z</time>
      </trkpt>
      <trkpt lat="49.986466666666665" lon="15.074633333333333">
        <ele>456</ele>
        <time>2025-03-28T16:21:22Z</time>
      </trkpt>
      <trkpt lat="49.986583333333336" lon="15.074666666666667">
        <ele>457</ele>
        <time>2025-03-28T16:21:23Z</time>
      </trkpt>
      <trkpt lat="49.9867" lon="15.074716666666667">
        <ele>457</ele>
        <time>2025-03-28T16:21:24Z</time>
      </trkpt>
      <trkpt lat="49.9868" lon="15.07475">
        <ele>457</ele>
        <time>2025-03-28T16:21:25Z</time>
      </trkpt>
      <trkpt lat="49.986916666666666" lon="15.0748">
        <ele>457</ele>
        <time>2025-03-28T16:21:26Z</time>
      </trkpt>
      <trkpt lat="49.987033333333336" lon="15.074866666666667">
        <ele>457</ele>
        <time>2025-03-28T16:21:27Z</time>
      </trkpt>
      <trkpt lat="49.98713333333333" lon="15.074916666666667">
        <ele>457</ele>
        <time>2025-03-28T16:21:28Z</time>
      </trkpt>
      <trkpt lat="49.98725" lon="15.07495">
        <ele>457</ele>
        <time>2025-03-28T16:21:29Z</time>
      </trkpt>
      <trkpt lat="49.987383333333334" lon="15.075">
        <ele>456</ele>
        <time>2025-03-28T16:21:30Z</time>
      </trkpt>
      <trkpt lat="49.9875" lon="15.075033333333334">
        <ele>456</ele>
        <time>2025-03-28T16:21:31Z</time>
      </trkpt>
      <trkpt lat="49.9876" lon="15.075083333333334">
        <ele>456</ele>
        <time>2025-03-28T16:21:32Z</time>
      </trkpt>
      <trkpt lat="49.987716666666664" lon="15.075133333333333">
        <ele>455</ele>
        <time>2025-03-28T16:21:33Z</time>
      </trkpt>
      <trkpt lat="49.987833333333334" lon="15.075183333333333">
        <ele>455</ele>
        <time>2025-03-28T16:21:34Z</time>
      </trkpt>
      <trkpt lat="49.98793333333333" lon="15.075216666666666">
        <ele>455</ele>
        <time>2025-03-28T16:21:35Z</time>
      </trkpt>
      <trkpt lat="49.988033333333334" lon="15.07525">
        <ele>455</ele>
        <time>2025-03-28T16:21:36Z</time>
      </trkpt>
      <trkpt lat="49.98815" lon="15.075283333333333">
        <ele>455</ele>
        <time>2025-03-28T16:21:37Z</time>
      </trkpt>
      <trkpt lat="49.98825" lon="15.075316666666666">
        <ele>456</ele>
        <time>2025-03-28T16:21:38Z</time>
      </trkpt>
      <trkpt lat="49.988366666666664" lon="15.07535">
        <ele>456</ele>
        <time>2025-03-28T16:21:39Z</time>
      </trkpt>
      <trkpt lat="49.988483333333335" lon="15.075366666666667">
        <ele>456</ele>
        <time>2025-03-28T16:21:40Z</time>
      </trkpt>
      <trkpt lat="49.9886" lon="15.075383333333333">
        <ele>456</ele>
        <time>2025-03-28T16:21:41Z</time>
      </trkpt>
      <trkpt lat="49.9887" lon="15.075416666666667">
        <ele>456</ele>
        <time>2025-03-28T16:21:42Z</time>
      </trkpt>
      <trkpt lat="49.9888" lon="15.07545">
        <ele>455</ele>
        <time>2025-03-28T16:21:43Z</time>
      </trkpt>
      <trkpt lat="49.9889" lon="15.075466666666667">
        <ele>455</ele>
        <time>2025-03-28T16:21:44Z</time>
      </trkpt>
      <trkpt lat="49.989016666666664" lon="15.075466666666667">
        <ele>454</ele>
        <time>2025-03-28T16:21:45Z</time>
      </trkpt>
      <trkpt lat="49.989133333333335" lon="15.075366666666667">
        <ele>453</ele>
        <time>2025-03-28T16:21:46Z</time>
      </trkpt>
      <trkpt lat="49.989216666666664" lon="15.075216666666666">
        <ele>451</ele>
        <time>2025-03-28T16:21:47Z</time>
      </trkpt>
      <trkpt lat="49.989333333333335" lon="15.0751">
        <ele>450</ele>
        <time>2025-03-28T16:21:48Z</time>
      </trkpt>
      <trkpt lat="49.98945" lon="15.075083333333334">
        <ele>448</ele>
        <time>2025-03-28T16:21:49Z</time>
      </trkpt>
      <trkpt lat="49.98956666666667" lon="15.075216666666666">
        <ele>445</ele>
        <time>2025-03-28T16:21:50Z</time>
      </trkpt>
      <trkpt lat="49.98963333333333" lon="15.075416666666667">
        <ele>440</ele>
        <time>2025-03-28T16:21:51Z</time>
      </trkpt>
      <trkpt lat="49.989716666666666" lon="15.0756">
        <ele>436</ele>
        <time>2025-03-28T16:21:52Z</time>
      </trkpt>
      <trkpt lat="49.98983333333334" lon="15.07565">
        <ele>432</ele>
        <time>2025-03-28T16:21:53Z</time>
      </trkpt>
      <trkpt lat="49.99" lon="15.07555">
        <ele>427</ele>
        <time>2025-03-28T16:21:54Z</time>
      </trkpt>
      <trkpt lat="49.9901" lon="15.07535">
        <ele>421</ele>
        <time>2025-03-28T16:21:55Z</time>
      </trkpt>
      <trkpt lat="49.99016666666667" lon="15.07515">
        <ele>415</ele>
        <time>2025-03-28T16:21:56Z</time>
      </trkpt>
      <trkpt lat="49.9903" lon="15.075116666666666">
        <ele>412</ele>
        <time>2025-03-28T16:21:57Z</time>
      </trkpt>
      <trkpt lat="49.99041666666667" lon="15.0752">
        <ele>410</ele>
        <time>2025-03-28T16:21:58Z</time>
      </trkpt>
      <trkpt lat="49.9905" lon="15.0754">
        <ele>406</ele>
        <time>2025-03-28T16:21:59Z</time>
      </trkpt>
      <trkpt lat="49.990566666666666" lon="15.0756">
        <ele>403</ele>
        <time>2025-03-28T16:22:00Z</time>
      </trkpt>
      <trkpt lat="49.99068333333334" lon="15.075716666666667">
        <ele>400</ele>
        <time>2025-03-28T16:22:01Z</time>
      </trkpt>
      <trkpt lat="49.9908" lon="15.075733333333334">
        <ele>399</ele>
        <time>2025-03-28T16:22:02Z</time>
      </trkpt>
      <trkpt lat="49.990916666666664" lon="15.075766666666667">
        <ele>400</ele>
        <time>2025-03-28T16:22:03Z</time>
      </trkpt>
      <trkpt lat="49.991033333333334" lon="15.075816666666666">
        <ele>401</ele>
        <time>2025-03-28T16:22:04Z</time>
      </trkpt>
      <trkpt lat="49.99111666666667" lon="15.07595">
        <ele>403</ele>
        <time>2025-03-28T16:22:05Z</time>
      </trkpt>
      <trkpt lat="49.991216666666666" lon="15.0761">
        <ele>404</ele>
        <time>2025-03-28T16:22:06Z</time>
      </trkpt>
      <trkpt lat="49.991283333333335" lon="15.07625">
        <ele>405</ele>
        <time>2025-03-28T16:22:07Z</time>
      </trkpt>
      <trkpt lat="49.99138333333333" lon="15.07635">
        <ele>406</ele>
        <time>2025-03-28T16:22:08Z</time>
      </trkpt>
      <trkpt lat="49.991483333333335" lon="15.076416666666667">
        <ele>407</ele>
        <time>2025-03-28T16:22:09Z</time>
      </trkpt>
      <trkpt lat="49.99158333333333" lon="15.0765">
        <ele>408</ele>
        <time>2025-03-28T16:22:10Z</time>
      </trkpt>
      <trkpt lat="49.991683333333334" lon="15.076583333333334">
        <ele>408</ele>
        <time>2025-03-28T16:22:11Z</time>
      </trkpt>
      <trkpt lat="49.99178333333333" lon="15.076683333333333">
        <ele>409</ele>
        <time>2025-03-28T16:22:12Z</time>
      </trkpt>
      <trkpt lat="49.991883333333334" lon="15.07675">
        <ele>410</ele>
        <time>2025-03-28T16:22:13Z</time>
      </trkpt>
      <trkpt lat="49.99198333333333" lon="15.0768">
        <ele>411</ele>
        <time>2025-03-28T16:22:14Z</time>
      </trkpt>
      <trkpt lat="49.99208333333333" lon="15.07685">
        <ele>411</ele>
        <time>2025-03-28T16:22:15Z</time>
      </trkpt>
      <trkpt lat="49.99218333333334" lon="15.0769">
        <ele>410</ele>
        <time>2025-03-28T16:22:16Z</time>
      </trkpt>
      <trkpt lat="49.99228333333333" lon="15.076983333333333">
        <ele>410</ele>
        <time>2025-03-28T16:22:17Z</time>
      </trkpt>
      <trkpt lat="49.9924" lon="15.07705">
        <ele>410</ele>
        <time>2025-03-28T16:22:18Z</time>
      </trkpt>
      <trkpt lat="49.9925" lon="15.077133333333334">
        <ele>410</ele>
        <time>2025-03-28T16:22:19Z</time>
      </trkpt>
      <trkpt lat="49.99261666666666" lon="15.077183333333334">
        <ele>410</ele>
        <time>2025-03-28T16:22:20Z</time>
      </trkpt>
      <trkpt lat="49.992733333333334" lon="15.077233333333334">
        <ele>411</ele>
        <time>2025-03-28T16:22:21Z</time>
      </trkpt>
      <trkpt lat="49.99285" lon="15.077283333333334">
        <ele>411</ele>
        <time>2025-03-28T16:22:22Z</time>
      </trkpt>
      <trkpt lat="49.99295" lon="15.077333333333334">
        <ele>411</ele>
        <time>2025-03-28T16:22:23Z</time>
      </trkpt>
      <trkpt lat="49.993066666666664" lon="15.0774">
        <ele>411</ele>
        <time>2025-03-28T16:22:24Z</time>
      </trkpt>
      <trkpt lat="49.993183333333334" lon="15.07745">
        <ele>411</ele>
        <time>2025-03-28T16:22:25Z</time>
      </trkpt>
      <trkpt lat="49.9933" lon="15.077516666666666">
        <ele>411</ele>
        <time>2025-03-28T16:22:26Z</time>
      </trkpt>
      <trkpt lat="49.99341666666667" lon="15.077566666666666">
        <ele>411</ele>
        <time>2025-03-28T16:22:27Z</time>
      </trkpt>
      <trkpt lat="49.993516666666665" lon="15.077616666666668">
        <ele>411</ele>
        <time>2025-03-28T16:22:28Z</time>
      </trkpt>
      <trkpt lat="49.99365" lon="15.077666666666667">
        <ele>411</ele>
        <time>2025-03-28T16:22:29Z</time>
      </trkpt>
      <trkpt lat="49.99375" lon="15.077733333333333">
        <ele>411</ele>
        <time>2025-03-28T16:22:30Z</time>
      </trkpt>
      <trkpt lat="49.99386666666667" lon="15.077766666666667">
        <ele>410</ele>
        <time>2025-03-28T16:22:31Z</time>
      </trkpt>
      <trkpt lat="49.99398333333333" lon="15.077816666666667">
        <ele>410</ele>
        <time>2025-03-28T16:22:32Z</time>
      </trkpt>
      <trkpt lat="49.9941" lon="15.07785">
        <ele>411</ele>
        <time>2025-03-28T16:22:33Z</time>
      </trkpt>
      <trkpt lat="49.99421666666667" lon="15.0779">
        <ele>410</ele>
        <time>2025-03-28T16:22:34Z</time>
      </trkpt>
      <trkpt lat="49.99435" lon="15.077933333333334">
        <ele>410</ele>
        <time>2025-03-28T16:22:35Z</time>
      </trkpt>
      <trkpt lat="49.99446666666667" lon="15.077966666666667">
        <ele>410</ele>
        <time>2025-03-28T16:22:36Z</time>
      </trkpt>
      <trkpt lat="49.99458333333333" lon="15.078016666666667">
        <ele>409</ele>
        <time>2025-03-28T16:22:37Z</time>
      </trkpt>
      <trkpt lat="49.9947" lon="15.07805">
        <ele>409</ele>
        <time>2025-03-28T16:22:38Z</time>
      </trkpt>
      <trkpt lat="49.994816666666665" lon="15.0781">
        <ele>408</ele>
        <time>2025-03-28T16:22:39Z</time>
      </trkpt>
      <trkpt lat="49.99491666666667" lon="15.07815">
        <ele>408</ele>
        <time>2025-03-28T16:22:40Z</time>
      </trkpt>
      <trkpt lat="49.99503333333333" lon="15.0782">
        <ele>408</ele>
        <time>2025-03-28T16:22:41Z</time>
      </trkpt>
      <trkpt lat="49.995133333333335" lon="15.078283333333333">
        <ele>408</ele>
        <time>2025-03-28T16:22:42Z</time>
      </trkpt>
      <trkpt lat="49.995216666666664" lon="15.078383333333333">
        <ele>408</ele>
        <time>2025-03-28T16:22:43Z</time>
      </trkpt>
      <trkpt lat="49.9953" lon="15.078483333333333">
        <ele>409</ele>
        <time>2025-03-28T16:22:44Z</time>
      </trkpt>
      <trkpt lat="49.995383333333336" lon="15.0786">
        <ele>409</ele>
        <time>2025-03-28T16:22:45Z</time>
      </trkpt>
      <trkpt lat="49.99545" lon="15.078716666666667">
        <ele>409</ele>
        <time>2025-03-28T16:22:46Z</time>
      </trkpt>
      <trkpt lat="49.99551666666667" lon="15.07885">
        <ele>409</ele>
        <time>2025-03-28T16:22:47Z</time>
      </trkpt>
      <trkpt lat="49.995583333333336" lon="15.078966666666666">
        <ele>410</ele>
        <time>2025-03-28T16:22:48Z</time>
      </trkpt>
      <trkpt lat="49.995666666666665" lon="15.079083333333333">
        <ele>410</ele>
        <time>2025-03-28T16:22:49Z</time>
      </trkpt>
      <trkpt lat="49.99571666666667" lon="15.079216666666667">
        <ele>410</ele>
        <time>2025-03-28T16:22:50Z</time>
      </trkpt>
      <trkpt lat="49.995783333333335" lon="15.079333333333333">
        <ele>410</ele>
        <time>2025-03-28T16:22:51Z</time>
      </trkpt>
      <trkpt lat="49.99585" lon="15.079466666666667">
        <ele>410</ele>
        <time>2025-03-28T16:22:52Z</time>
      </trkpt>
      <trkpt lat="49.995916666666666" lon="15.0796">
        <ele>410</ele>
        <time>2025-03-28T16:22:53Z</time>
      </trkpt>
      <trkpt lat="49.995983333333335" lon="15.07975">
        <ele>410</ele>
        <time>2025-03-28T16:22:54Z</time>
      </trkpt>
      <trkpt lat="49.99603333333334" lon="15.079866666666666">
        <ele>410</ele>
        <time>2025-03-28T16:22:55Z</time>
      </trkpt>
      <trkpt lat="49.9961" lon="15.080016666666667">
        <ele>410</ele>
        <time>2025-03-28T16:22:56Z</time>
      </trkpt>
      <trkpt lat="49.99616666666667" lon="15.08015">
        <ele>410</ele>
        <time>2025-03-28T16:22:57Z</time>
      </trkpt>
      <trkpt lat="49.99621666666667" lon="15.080266666666667">
        <ele>409</ele>
        <time>2025-03-28T16:22:58Z</time>
      </trkpt>
      <trkpt lat="49.99628333333333" lon="15.0804">
        <ele>409</ele>
        <time>2025-03-28T16:22:59Z</time>
      </trkpt>
      <trkpt lat="49.99635" lon="15.080533333333333">
        <ele>409</ele>
        <time>2025-03-28T16:23:00Z</time>
      </trkpt>
      <trkpt lat="49.99641666666667" lon="15.080666666666666">
        <ele>409</ele>
        <time>2025-03-28T16:23:01Z</time>
      </trkpt>
      <trkpt lat="49.99648333333333" lon="15.0808">
        <ele>409</ele>
        <time>2025-03-28T16:23:02Z</time>
      </trkpt>
      <trkpt lat="49.996566666666666" lon="15.080933333333334">
        <ele>410</ele>
        <time>2025-03-28T16:23:03Z</time>
      </trkpt>
      <trkpt lat="49.996633333333335" lon="15.08105">
        <ele>410</ele>
        <time>2025-03-28T16:23:04Z</time>
      </trkpt>
      <trkpt lat="49.996716666666664" lon="15.081166666666666">
        <ele>411</ele>
        <time>2025-03-28T16:23:05Z</time>
      </trkpt>
      <trkpt lat="49.9968" lon="15.081266666666666">
        <ele>412</ele>
        <time>2025-03-28T16:23:06Z</time>
      </trkpt>
      <trkpt lat="49.99688333333334" lon="15.081366666666666">
        <ele>412</ele>
        <time>2025-03-28T16:23:07Z</time>
      </trkpt>
      <trkpt lat="49.99698333333333" lon="15.08145">
        <ele>413</ele>
        <time>2025-03-28T16:23:08Z</time>
      </trkpt>
      <trkpt lat="49.997083333333336" lon="15.0815">
        <ele>413</ele>
        <time>2025-03-28T16:23:09Z</time>
      </trkpt>
      <trkpt lat="49.99718333333333" lon="15.081533333333333">
        <ele>414</ele>
        <time>2025-03-28T16:23:10Z</time>
      </trkpt>
      <trkpt lat="49.99726666666667" lon="15.081566666666667">
        <ele>415</ele>
        <time>2025-03-28T16:23:11Z</time>
      </trkpt>
      <trkpt lat="49.997366666666665" lon="15.081583333333333">
        <ele>416</ele>
        <time>2025-03-28T16:23:12Z</time>
      </trkpt>
      <trkpt lat="49.99746666666667" lon="15.081583333333333">
        <ele>416</ele>
        <time>2025-03-28T16:23:13Z</time>
      </trkpt>
      <trkpt lat="49.997566666666664" lon="15.0816">
        <ele>416</ele>
        <time>2025-03-28T16:23:14Z</time>
      </trkpt>
      <trkpt lat="49.997683333333335" lon="15.081616666666667">
        <ele>416</ele>
        <time>2025-03-28T16:23:15Z</time>
      </trkpt>
      <trkpt lat="49.99778333333333" lon="15.08165">
        <ele>416</ele>
        <time>2025-03-28T16:23:16Z</time>
      </trkpt>
      <trkpt lat="49.997883333333334" lon="15.0817">
        <ele>416</ele>
        <time>2025-03-28T16:23:17Z</time>
      </trkpt>
      <trkpt lat="49.99796666666667" lon="15.081766666666667">
        <ele>416</ele>
        <time>2025-03-28T16:23:18Z</time>
      </trkpt>
      <trkpt lat="49.99805" lon="15.08185">
        <ele>416</ele>
        <time>2025-03-28T16:23:19Z</time>
      </trkpt>
      <trkpt lat="49.998133333333335" lon="15.081933333333334">
        <ele>416</ele>
        <time>2025-03-28T16:23:20Z</time>
      </trkpt>
      <trkpt lat="49.99818333333333" lon="15.082066666666666">
        <ele>416</ele>
        <time>2025-03-28T16:23:21Z</time>
      </trkpt>
      <trkpt lat="49.99818333333333" lon="15.082233333333333">
        <ele>416</ele>
        <time>2025-03-28T16:23:22Z</time>
      </trkpt>
      <trkpt lat="49.99811666666667" lon="15.082416666666667">
        <ele>415</ele>
        <time>2025-03-28T16:23:23Z</time>
      </trkpt>
      <trkpt lat="49.998016666666665" lon="15.082533333333334">
        <ele>414</ele>
        <time>2025-03-28T16:23:24Z</time>
      </trkpt>
      <trkpt lat="49.997933333333336" lon="15.082616666666667">
        <ele>414</ele>
        <time>2025-03-28T16:23:25Z</time>
      </trkpt>
      <trkpt lat="49.99783333333333" lon="15.082683333333334">
        <ele>414</ele>
        <time>2025-03-28T16:23:26Z</time>
      </trkpt>
      <trkpt lat="49.997766666666664" lon="15.08275">
        <ele>415</ele>
        <time>2025-03-28T16:23:27Z</time>
      </trkpt>
      <trkpt lat="49.9977" lon="15.082833333333333">
        <ele>416</ele>
        <time>2025-03-28T16:23:28Z</time>
      </trkpt>
      <trkpt lat="49.99763333333333" lon="15.082916666666666">
        <ele>417</ele>
        <time>2025-03-28T16:23:29Z</time>
      </trkpt>
      <trkpt lat="49.997566666666664" lon="15.083016666666667">
        <ele>418</ele>
        <time>2025-03-28T16:23:30Z</time>
      </trkpt>
      <trkpt lat="49.997483333333335" lon="15.083116666666667">
        <ele>418</ele>
        <time>2025-03-28T16:23:31Z</time>
      </trkpt>
      <trkpt lat="49.9974" lon="15.083216666666667">
        <ele>417</ele>
        <time>2025-03-28T16:23:32Z</time>
      </trkpt>
      <trkpt lat="49.99731666666667" lon="15.083333333333334">
        <ele>417</ele>
        <time>2025-03-28T16:23:33Z</time>
      </trkpt>
      <trkpt lat="49.997233333333334" lon="15.08345">
        <ele>416</ele>
        <time>2025-03-28T16:23:34Z</time>
      </trkpt>
      <trkpt lat="49.997166666666665" lon="15.083566666666666">
        <ele>416</ele>
        <time>2025-03-28T16:23:35Z</time>
      </trkpt>
      <trkpt lat="49.9971" lon="15.083666666666666">
        <ele>417</ele>
        <time>2025-03-28T16:23:36Z</time>
      </trkpt>
      <trkpt lat="49.997033333333334" lon="15.083783333333333">
        <ele>417</ele>
        <time>2025-03-28T16:23:37Z</time>
      </trkpt>
      <trkpt lat="49.996966666666665" lon="15.0839">
        <ele>418</ele>
        <time>2025-03-28T16:23:38Z</time>
      </trkpt>
      <trkpt lat="49.996916666666664" lon="15.084016666666667">
        <ele>418</ele>
        <time>2025-03-28T16:23:39Z</time>
      </trkpt>
      <trkpt lat="49.99685" lon="15.08415">
        <ele>418</ele>
        <time>2025-03-28T16:23:40Z</time>
      </trkpt>
      <trkpt lat="49.9968" lon="15.084283333333333">
        <ele>419</ele>
        <time>2025-03-28T16:23:41Z</time>
      </trkpt>
      <trkpt lat="49.99673333333333" lon="15.0844">
        <ele>419</ele>
        <time>2025-03-28T16:23:42Z</time>
      </trkpt>
      <trkpt lat="49.99666666666667" lon="15.084533333333333">
        <ele>420</ele>
        <time>2025-03-28T16:23:43Z</time>
      </trkpt>
      <trkpt lat="49.99661666666667" lon="15.084633333333333">
        <ele>420</ele>
        <time>2025-03-28T16:23:44Z</time>
      </trkpt>
      <trkpt lat="49.99653333333333" lon="15.084716666666667">
        <ele>421</ele>
        <time>2025-03-28T16:23:45Z</time>
      </trkpt>
      <trkpt lat="49.99646666666666" lon="15.084816666666667">
        <ele>421</ele>
        <time>2025-03-28T16:23:46Z</time>
      </trkpt>
      <trkpt lat="49.996383333333334" lon="15.084883333333334">
        <ele>421</ele>
        <time>2025-03-28T16:23:47Z</time>
      </trkpt>
      <trkpt lat="49.9963" lon="15.08495">
        <ele>422</ele>
        <time>2025-03-28T16:23:48Z</time>
      </trkpt>
      <trkpt lat="49.99621666666667" lon="15.085">
        <ele>422</ele>
        <time>2025-03-28T16:23:49Z</time>
      </trkpt>
      <trkpt lat="49.996116666666666" lon="15.08505">
        <ele>422</ele>
        <time>2025-03-28T16:23:50Z</time>
      </trkpt>
      <trkpt lat="49.99601666666667" lon="15.0851">
        <ele>422</ele>
        <time>2025-03-28T16:23:51Z</time>
      </trkpt>
      <trkpt lat="49.99593333333333" lon="15.085183333333333">
        <ele>423</ele>
        <time>2025-03-28T16:23:52Z</time>
      </trkpt>
      <trkpt lat="49.995866666666664" lon="15.085283333333333">
        <ele>423</ele>
        <time>2025-03-28T16:23:53Z</time>
      </trkpt>
      <trkpt lat="49.9958" lon="15.085366666666667">
        <ele>423</ele>
        <time>2025-03-28T16:23:54Z</time>
      </trkpt>
      <trkpt lat="49.995733333333334" lon="15.08545">
        <ele>424</ele>
        <time>2025-03-28T16:23:55Z</time>
      </trkpt>
      <trkpt lat="49.995666666666665" lon="15.085566666666667">
        <ele>424</ele>
        <time>2025-03-28T16:23:56Z</time>
      </trkpt>
      <trkpt lat="49.99561666666666" lon="15.085683333333334">
        <ele>425</ele>
        <time>2025-03-28T16:23:57Z</time>
      </trkpt>
      <trkpt lat="49.995583333333336" lon="15.085816666666666">
        <ele>424</ele>
        <time>2025-03-28T16:23:58Z</time>
      </trkpt>
      <trkpt lat="49.9956" lon="15.085966666666666">
        <ele>424</ele>
        <time>2025-03-28T16:23:59Z</time>
      </trkpt>
      <trkpt lat="49.99561666666666" lon="15.086116666666667">
        <ele>423</ele>
        <time>2025-03-28T16:24:00Z</time>
      </trkpt>
      <trkpt lat="49.99561666666666" lon="15.086266666666667">
        <ele>423</ele>
        <time>2025-03-28T16:24:01Z</time>
      </trkpt>
      <trkpt lat="49.99563333333333" lon="15.0864">
        <ele>423</ele>
        <time>2025-03-28T16:24:02Z</time>
      </trkpt>
      <trkpt lat="49.995666666666665" lon="15.086533333333334">
        <ele>424</ele>
        <time>2025-03-28T16:24:03Z</time>
      </trkpt>
      <trkpt lat="49.99568333333333" lon="15.086683333333333">
        <ele>424</ele>
        <time>2025-03-28T16:24:04Z</time>
      </trkpt>
      <trkpt lat="49.9957" lon="15.086816666666667">
        <ele>425</ele>
        <time>2025-03-28T16:24:05Z</time>
      </trkpt>
      <trkpt lat="49.995733333333334" lon="15.08695">
        <ele>425</ele>
        <time>2025-03-28T16:24:06Z</time>
      </trkpt>
      <trkpt lat="49.99576666666667" lon="15.0871">
        <ele>424</ele>
        <time>2025-03-28T16:24:07Z</time>
      </trkpt>
      <trkpt lat="49.995783333333335" lon="15.08725">
        <ele>424</ele>
        <time>2025-03-28T16:24:08Z</time>
      </trkpt>
      <trkpt lat="49.9958" lon="15.0874">
        <ele>424</ele>
        <time>2025-03-28T16:24:09Z</time>
      </trkpt>
      <trkpt lat="49.99581666666667" lon="15.087533333333333">
        <ele>425</ele>
        <time>2025-03-28T16:24:10Z</time>
      </trkpt>
      <trkpt lat="49.99583333333333" lon="15.087683333333333">
        <ele>425</ele>
        <time>2025-03-28T16:24:11Z</time>
      </trkpt>
      <trkpt lat="49.99583333333333" lon="15.087833333333334">
        <ele>426</ele>
        <time>2025-03-28T16:24:12Z</time>
      </trkpt>
      <trkpt lat="49.995866666666664" lon="15.087966666666667">
        <ele>427</ele>
        <time>2025-03-28T16:24:13Z</time>
      </trkpt>
      <trkpt lat="49.99588333333333" lon="15.0881">
        <ele>428</ele>
        <time>2025-03-28T16:24:14Z</time>
      </trkpt>
      <trkpt lat="49.995916666666666" lon="15.088233333333333">
        <ele>428</ele>
        <time>2025-03-28T16:24:15Z</time>
      </trkpt>
      <trkpt lat="49.99593333333333" lon="15.088383333333333">
        <ele>429</ele>
        <time>2025-03-28T16:24:16Z</time>
      </trkpt>
      <trkpt lat="49.99595" lon="15.088533333333332">
        <ele>430</ele>
        <time>2025-03-28T16:24:17Z</time>
      </trkpt>
      <trkpt lat="49.995983333333335" lon="15.088683333333334">
        <ele>431</ele>
        <time>2025-03-28T16:24:18Z</time>
      </trkpt>
      <trkpt lat="49.99601666666667" lon="15.088816666666666">
        <ele>431</ele>
        <time>2025-03-28T16:24:19Z</time>
      </trkpt>
      <trkpt lat="49.99603333333334" lon="15.088966666666666">
        <ele>431</ele>
        <time>2025-03-28T16:24:20Z</time>
      </trkpt>
      <trkpt lat="49.996066666666664" lon="15.089133333333333">
        <ele>432</ele>
        <time>2025-03-28T16:24:21Z</time>
      </trkpt>
      <trkpt lat="49.9961" lon="15.089266666666667">
        <ele>432</ele>
        <time>2025-03-28T16:24:22Z</time>
      </trkpt>
      <trkpt lat="49.996116666666666" lon="15.089416666666667">
        <ele>433</ele>
        <time>2025-03-28T16:24:23Z</time>
      </trkpt>
      <trkpt lat="49.99613333333333" lon="15.08955">
        <ele>434</ele>
        <time>2025-03-28T16:24:24Z</time>
      </trkpt>
      <trkpt lat="49.99615" lon="15.0897">
        <ele>435</ele>
        <time>2025-03-28T16:24:25Z</time>
      </trkpt>
      <trkpt lat="49.996183333333335" lon="15.089833333333333">
        <ele>437</ele>
        <time>2025-03-28T16:24:26Z</time>
      </trkpt>
      <trkpt lat="49.9962" lon="15.089966666666667">
        <ele>438</ele>
        <time>2025-03-28T16:24:27Z</time>
      </trkpt>
      <trkpt lat="49.99621666666667" lon="15.0901">
        <ele>439</ele>
        <time>2025-03-28T16:24:28Z</time>
      </trkpt>
      <trkpt lat="49.996233333333336" lon="15.09025">
        <ele>440</ele>
        <time>2025-03-28T16:24:29Z</time>
      </trkpt>
      <trkpt lat="49.99625" lon="15.0904">
        <ele>440</ele>
        <time>2025-03-28T16:24:30Z</time>
      </trkpt>
      <trkpt lat="49.99628333333333" lon="15.09055">
        <ele>439</ele>
        <time>2025-03-28T16:24:31Z</time>
      </trkpt>
      <trkpt lat="49.9963" lon="15.090683333333333">
        <ele>439</ele>
        <time>2025-03-28T16:24:32Z</time>
      </trkpt>
      <trkpt lat="49.99633333333333" lon="15.090833333333334">
        <ele>440</ele>
        <time>2025-03-28T16:24:33Z</time>
      </trkpt>
      <trkpt lat="49.99633333333333" lon="15.090983333333334">
        <ele>440</ele>
        <time>2025-03-28T16:24:34Z</time>
      </trkpt>
      <trkpt lat="49.99635" lon="15.091116666666666">
        <ele>441</ele>
        <time>2025-03-28T16:24:35Z</time>
      </trkpt>
      <trkpt lat="49.99636666666667" lon="15.091266666666666">
        <ele>441</ele>
        <time>2025-03-28T16:24:36Z</time>
      </trkpt>
      <trkpt lat="49.996383333333334" lon="15.091416666666667">
        <ele>441</ele>
        <time>2025-03-28T16:24:37Z</time>
      </trkpt>
      <trkpt lat="49.9964" lon="15.091566666666667">
        <ele>441</ele>
        <time>2025-03-28T16:24:38Z</time>
      </trkpt>
      <trkpt lat="49.9964" lon="15.091733333333334">
        <ele>441</ele>
        <time>2025-03-28T16:24:39Z</time>
      </trkpt>
      <trkpt lat="49.9964" lon="15.091866666666666">
        <ele>441</ele>
        <time>2025-03-28T16:24:40Z</time>
      </trkpt>
      <trkpt lat="49.9964" lon="15.092016666666666">
        <ele>442</ele>
        <time>2025-03-28T16:24:41Z</time>
      </trkpt>
      <trkpt lat="49.9964" lon="15.092166666666667">
        <ele>442</ele>
        <time>2025-03-28T16:24:42Z</time>
      </trkpt>
      <trkpt lat="49.996383333333334" lon="15.092316666666667">
        <ele>443</ele>
        <time>2025-03-28T16:24:43Z</time>
      </trkpt>
      <trkpt lat="49.99636666666667" lon="15.092483333333334">
        <ele>443</ele>
        <time>2025-03-28T16:24:44Z</time>
      </trkpt>
      <trkpt lat="49.99636666666667" lon="15.092633333333334">
        <ele>443</ele>
        <time>2025-03-28T16:24:45Z</time>
      </trkpt>
      <trkpt lat="49.99635" lon="15.0928">
        <ele>443</ele>
        <time>2025-03-28T16:24:46Z</time>
      </trkpt>
      <trkpt lat="49.99633333333333" lon="15.092933333333333">
        <ele>444</ele>
        <time>2025-03-28T16:24:47Z</time>
      </trkpt>
      <trkpt lat="49.99633333333333" lon="15.093083333333333">
        <ele>444</ele>
        <time>2025-03-28T16:24:48Z</time>
      </trkpt>
      <trkpt lat="49.996316666666665" lon="15.09325">
        <ele>445</ele>
        <time>2025-03-28T16:24:49Z</time>
      </trkpt>
      <trkpt lat="49.9963" lon="15.0934">
        <ele>445</ele>
        <time>2025-03-28T16:24:50Z</time>
      </trkpt>
      <trkpt lat="49.99628333333333" lon="15.09355">
        <ele>446</ele>
        <time>2025-03-28T16:24:51Z</time>
      </trkpt>
      <trkpt lat="49.99628333333333" lon="15.093716666666667">
        <ele>446</ele>
        <time>2025-03-28T16:24:52Z</time>
      </trkpt>
      <trkpt lat="49.99625" lon="15.093866666666667">
        <ele>446</ele>
        <time>2025-03-28T16:24:53Z</time>
      </trkpt>
      <trkpt lat="49.99621666666667" lon="15.094">
        <ele>446</ele>
        <time>2025-03-28T16:24:54Z</time>
      </trkpt>
      <trkpt lat="49.99616666666667" lon="15.094116666666666">
        <ele>446</ele>
        <time>2025-03-28T16:24:55Z</time>
      </trkpt>
      <trkpt lat="49.996116666666666" lon="15.094233333333333">
        <ele>446</ele>
        <time>2025-03-28T16:24:56Z</time>
      </trkpt>
      <trkpt lat="49.996066666666664" lon="15.09435">
        <ele>446</ele>
        <time>2025-03-28T16:24:57Z</time>
      </trkpt>
      <trkpt lat="49.99601666666667" lon="15.094483333333333">
        <ele>445</ele>
        <time>2025-03-28T16:24:58Z</time>
      </trkpt>
      <trkpt lat="49.995983333333335" lon="15.09465">
        <ele>445</ele>
        <time>2025-03-28T16:24:59Z</time>
      </trkpt>
      <trkpt lat="49.99595" lon="15.0948">
        <ele>445</ele>
        <time>2025-03-28T16:25:00Z</time>
      </trkpt>
      <trkpt lat="49.995916666666666" lon="15.09495">
        <ele>445</ele>
        <time>2025-03-28T16:25:01Z</time>
      </trkpt>
      <trkpt lat="49.99588333333333" lon="15.095083333333333">
        <ele>445</ele>
        <time>2025-03-28T16:25:02Z</time>
      </trkpt>
      <trkpt lat="49.995866666666664" lon="15.095233333333333">
        <ele>446</ele>
        <time>2025-03-28T16:25:03Z</time>
      </trkpt>
      <trkpt lat="49.99585" lon="15.095366666666667">
        <ele>446</ele>
        <time>2025-03-28T16:25:04Z</time>
      </trkpt>
      <trkpt lat="49.99585" lon="15.095516666666667">
        <ele>447</ele>
        <time>2025-03-28T16:25:05Z</time>
      </trkpt>
      <trkpt lat="49.99585" lon="15.095666666666666">
        <ele>447</ele>
        <time>2025-03-28T16:25:06Z</time>
      </trkpt>
      <trkpt lat="49.99583333333333" lon="15.095833333333333">
        <ele>447</ele>
        <time>2025-03-28T16:25:07Z</time>
      </trkpt>
      <trkpt lat="49.99583333333333" lon="15.095983333333333">
        <ele>447</ele>
        <time>2025-03-28T16:25:08Z</time>
      </trkpt>
      <trkpt lat="49.99581666666667" lon="15.096133333333333">
        <ele>447</ele>
        <time>2025-03-28T16:25:09Z</time>
      </trkpt>
      <trkpt lat="49.995783333333335" lon="15.096266666666667">
        <ele>447</ele>
        <time>2025-03-28T16:25:10Z</time>
      </trkpt>
      <trkpt lat="49.995733333333334" lon="15.096383333333334">
        <ele>447</ele>
        <time>2025-03-28T16:25:11Z</time>
      </trkpt>
      <trkpt lat="49.995666666666665" lon="15.0965">
        <ele>446</ele>
        <time>2025-03-28T16:25:12Z</time>
      </trkpt>
      <trkpt lat="49.99556666666667" lon="15.0966">
        <ele>445</ele>
        <time>2025-03-28T16:25:13Z</time>
      </trkpt>
      <trkpt lat="49.99548333333333" lon="15.096733333333333">
        <ele>444</ele>
        <time>2025-03-28T16:25:14Z</time>
      </trkpt>
      <trkpt lat="49.995416666666664" lon="15.096866666666667">
        <ele>443</ele>
        <time>2025-03-28T16:25:15Z</time>
      </trkpt>
      <trkpt lat="49.99535" lon="15.097">
        <ele>442</ele>
        <time>2025-03-28T16:25:16Z</time>
      </trkpt>
      <trkpt lat="49.99528333333333" lon="15.097133333333334">
        <ele>441</ele>
        <time>2025-03-28T16:25:17Z</time>
      </trkpt>
      <trkpt lat="49.9952" lon="15.09725">
        <ele>441</ele>
        <time>2025-03-28T16:25:18Z</time>
      </trkpt>
      <trkpt lat="49.995133333333335" lon="15.097383333333333">
        <ele>440</ele>
        <time>2025-03-28T16:25:19Z</time>
      </trkpt>
      <trkpt lat="49.995066666666666" lon="15.0975">
        <ele>439</ele>
        <time>2025-03-28T16:25:20Z</time>
      </trkpt>
      <trkpt lat="49.995" lon="15.097633333333333">
        <ele>438</ele>
        <time>2025-03-28T16:25:21Z</time>
      </trkpt>
      <trkpt lat="49.994933333333336" lon="15.097783333333334">
        <ele>437</ele>
        <time>2025-03-28T16:25:22Z</time>
      </trkpt>
      <trkpt lat="49.99486666666667" lon="15.097916666666666">
        <ele>435</ele>
        <time>2025-03-28T16:25:23Z</time>
      </trkpt>
      <trkpt lat="49.99478333333333" lon="15.098066666666666">
        <ele>434</ele>
        <time>2025-03-28T16:25:24Z</time>
      </trkpt>
      <trkpt lat="49.994733333333336" lon="15.098216666666668">
        <ele>433</ele>
        <time>2025-03-28T16:25:25Z</time>
      </trkpt>
      <trkpt lat="49.99466666666667" lon="15.09835">
        <ele>432</ele>
        <time>2025-03-28T16:25:26Z</time>
      </trkpt>
      <trkpt lat="49.994616666666666" lon="15.0985">
        <ele>430</ele>
        <time>2025-03-28T16:25:27Z</time>
      </trkpt>
      <trkpt lat="49.99455" lon="15.09865">
        <ele>429</ele>
        <time>2025-03-28T16:25:28Z</time>
      </trkpt>
      <trkpt lat="49.9945" lon="15.0988">
        <ele>427</ele>
        <time>2025-03-28T16:25:29Z</time>
      </trkpt>
      <trkpt lat="49.99443333333333" lon="15.09895">
        <ele>426</ele>
        <time>2025-03-28T16:25:30Z</time>
      </trkpt>
      <trkpt lat="49.99438333333333" lon="15.099133333333333">
        <ele>425</ele>
        <time>2025-03-28T16:25:31Z</time>
      </trkpt>
      <trkpt lat="49.99435" lon="15.0993">
        <ele>424</ele>
        <time>2025-03-28T16:25:32Z</time>
      </trkpt>
      <trkpt lat="49.9943" lon="15.099466666666666">
        <ele>423</ele>
        <time>2025-03-28T16:25:33Z</time>
      </trkpt>
      <trkpt lat="49.99425" lon="15.099616666666666">
        <ele>423</ele>
        <time>2025-03-28T16:25:34Z</time>
      </trkpt>
      <trkpt lat="49.99421666666667" lon="15.099783333333333">
        <ele>424</ele>
        <time>2025-03-28T16:25:35Z</time>
      </trkpt>
      <trkpt lat="49.9942" lon="15.09995">
        <ele>424</ele>
        <time>2025-03-28T16:25:36Z</time>
      </trkpt>
      <trkpt lat="49.99418333333333" lon="15.100116666666667">
        <ele>424</ele>
        <time>2025-03-28T16:25:37Z</time>
      </trkpt>
      <trkpt lat="49.994166666666665" lon="15.100283333333334">
        <ele>424</ele>
        <time>2025-03-28T16:25:38Z</time>
      </trkpt>
      <trkpt lat="49.99418333333333" lon="15.10045">
        <ele>424</ele>
        <time>2025-03-28T16:25:39Z</time>
      </trkpt>
      <trkpt lat="49.9942" lon="15.100616666666667">
        <ele>424</ele>
        <time>2025-03-28T16:25:40Z</time>
      </trkpt>
      <trkpt lat="49.994233333333334" lon="15.100766666666667">
        <ele>424</ele>
        <time>2025-03-28T16:25:41Z</time>
      </trkpt>
      <trkpt lat="49.99426666666667" lon="15.100933333333334">
        <ele>424</ele>
        <time>2025-03-28T16:25:42Z</time>
      </trkpt>
      <trkpt lat="49.9943" lon="15.1011">
        <ele>424</ele>
        <time>2025-03-28T16:25:43Z</time>
      </trkpt>
      <trkpt lat="49.99435" lon="15.10125">
        <ele>424</ele>
        <time>2025-03-28T16:25:44Z</time>
      </trkpt>
      <trkpt lat="49.9944" lon="15.101383333333333">
        <ele>424</ele>
        <time>2025-03-28T16:25:45Z</time>
      </trkpt>
      <trkpt lat="49.99446666666667" lon="15.101516666666667">
        <ele>424</ele>
        <time>2025-03-28T16:25:46Z</time>
      </trkpt>
      <trkpt lat="49.99451666666667" lon="15.101666666666667">
        <ele>425</ele>
        <time>2025-03-28T16:25:47Z</time>
      </trkpt>
      <trkpt lat="49.99458333333333" lon="15.1018">
        <ele>425</ele>
        <time>2025-03-28T16:25:48Z</time>
      </trkpt>
      <trkpt lat="49.99465" lon="15.10195">
        <ele>425</ele>
        <time>2025-03-28T16:25:49Z</time>
      </trkpt>
      <trkpt lat="49.9947" lon="15.102066666666667">
        <ele>425</ele>
        <time>2025-03-28T16:25:50Z</time>
      </trkpt>
      <trkpt lat="49.99476666666666" lon="15.102183333333333">
        <ele>426</ele>
        <time>2025-03-28T16:25:51Z</time>
      </trkpt>
      <trkpt lat="49.99483333333333" lon="15.1023">
        <ele>426</ele>
        <time>2025-03-28T16:25:52Z</time>
      </trkpt>
      <trkpt lat="49.99491666666667" lon="15.102416666666667">
        <ele>426</ele>
        <time>2025-03-28T16:25:53Z</time>
      </trkpt>
      <trkpt lat="49.99498333333333" lon="15.10255">
        <ele>426</ele>
        <time>2025-03-28T16:25:54Z</time>
      </trkpt>
      <trkpt lat="49.99505" lon="15.10265">
        <ele>426</ele>
        <time>2025-03-28T16:25:55Z</time>
      </trkpt>
      <trkpt lat="49.995133333333335" lon="15.102766666666668">
        <ele>426</ele>
        <time>2025-03-28T16:25:56Z</time>
      </trkpt>
      <trkpt lat="49.995216666666664" lon="15.102883333333333">
        <ele>426</ele>
        <time>2025-03-28T16:25:57Z</time>
      </trkpt>
      <trkpt lat="49.9953" lon="15.102966666666667">
        <ele>426</ele>
        <time>2025-03-28T16:25:58Z</time>
      </trkpt>
      <trkpt lat="49.995383333333336" lon="15.10305">
        <ele>426</ele>
        <time>2025-03-28T16:25:59Z</time>
      </trkpt>
      <trkpt lat="49.99548333333333" lon="15.10315">
        <ele>426</ele>
        <time>2025-03-28T16:26:00Z</time>
      </trkpt>
      <trkpt lat="49.99556666666667" lon="15.103233333333334">
        <ele>426</ele>
        <time>2025-03-28T16:26:01Z</time>
      </trkpt>
      <trkpt lat="49.99568333333333" lon="15.103316666666666">
        <ele>426</ele>
        <time>2025-03-28T16:26:02Z</time>
      </trkpt>
      <trkpt lat="49.995783333333335" lon="15.1034">
        <ele>426</ele>
        <time>2025-03-28T16:26:03Z</time>
      </trkpt>
      <trkpt lat="49.995866666666664" lon="15.103466666666666">
        <ele>425</ele>
        <time>2025-03-28T16:26:04Z</time>
      </trkpt>
      <trkpt lat="49.99596666666667" lon="15.10355">
        <ele>425</ele>
        <time>2025-03-28T16:26:05Z</time>
      </trkpt>
      <trkpt lat="49.99605" lon="15.1036">
        <ele>426</ele>
        <time>2025-03-28T16:26:06Z</time>
      </trkpt>
      <trkpt lat="49.99615" lon="15.103666666666667">
        <ele>427</ele>
        <time>2025-03-28T16:26:07Z</time>
      </trkpt>
      <trkpt lat="49.996233333333336" lon="15.103716666666667">
        <ele>429</ele>
        <time>2025-03-28T16:26:08Z</time>
      </trkpt>
      <trkpt lat="49.99633333333333" lon="15.103766666666667">
        <ele>430</ele>
        <time>2025-03-28T16:26:09Z</time>
      </trkpt>
      <trkpt lat="49.99641666666667" lon="15.103833333333334">
        <ele>431</ele>
        <time>2025-03-28T16:26:10Z</time>
      </trkpt>
      <trkpt lat="49.996516666666665" lon="15.103883333333334">
        <ele>432</ele>
        <time>2025-03-28T16:26:11Z</time>
      </trkpt>
      <trkpt lat="49.99661666666667" lon="15.10395">
        <ele>432</ele>
        <time>2025-03-28T16:26:12Z</time>
      </trkpt>
      <trkpt lat="49.99673333333333" lon="15.103983333333334">
        <ele>432</ele>
        <time>2025-03-28T16:26:13Z</time>
      </trkpt>
      <trkpt lat="49.996833333333335" lon="15.104016666666666">
        <ele>432</ele>
        <time>2025-03-28T16:26:14Z</time>
      </trkpt>
      <trkpt lat="49.99693333333333" lon="15.104033333333334">
        <ele>433</ele>
        <time>2025-03-28T16:26:15Z</time>
      </trkpt>
      <trkpt lat="49.997033333333334" lon="15.104066666666666">
        <ele>433</ele>
        <time>2025-03-28T16:26:16Z</time>
      </trkpt>
      <trkpt lat="49.99713333333333" lon="15.104083333333334">
        <ele>434</ele>
        <time>2025-03-28T16:26:17Z</time>
      </trkpt>
      <trkpt lat="49.997233333333334" lon="15.104116666666666">
        <ele>435</ele>
        <time>2025-03-28T16:26:18Z</time>
      </trkpt>
      <trkpt lat="49.99735" lon="15.10415">
        <ele>436</ele>
        <time>2025-03-28T16:26:19Z</time>
      </trkpt>
      <trkpt lat="49.99745" lon="15.104183333333333">
        <ele>436</ele>
        <time>2025-03-28T16:26:20Z</time>
      </trkpt>
      <trkpt lat="49.99755" lon="15.1042">
        <ele>436</ele>
        <time>2025-03-28T16:26:21Z</time>
      </trkpt>
      <trkpt lat="49.99766666666667" lon="15.104233333333333">
        <ele>437</ele>
        <time>2025-03-28T16:26:22Z</time>
      </trkpt>
      <trkpt lat="49.997766666666664" lon="15.10425">
        <ele>437</ele>
        <time>2025-03-28T16:26:23Z</time>
      </trkpt>
      <trkpt lat="49.99786666666667" lon="15.104283333333333">
        <ele>438</ele>
        <time>2025-03-28T16:26:24Z</time>
      </trkpt>
      <trkpt lat="49.99795" lon="15.104333333333333">
        <ele>438</ele>
        <time>2025-03-28T16:26:25Z</time>
      </trkpt>
      <trkpt lat="49.99805" lon="15.104383333333333">
        <ele>439</ele>
        <time>2025-03-28T16:26:26Z</time>
      </trkpt>
      <trkpt lat="49.998133333333335" lon="15.104466666666667">
        <ele>439</ele>
        <time>2025-03-28T16:26:27Z</time>
      </trkpt>
      <trkpt lat="49.99823333333333" lon="15.10455">
        <ele>438</ele>
        <time>2025-03-28T16:26:28Z</time>
      </trkpt>
      <trkpt lat="49.99831666666667" lon="15.104633333333334">
        <ele>438</ele>
        <time>2025-03-28T16:26:29Z</time>
      </trkpt>
      <trkpt lat="49.998416666666664" lon="15.104716666666667">
        <ele>438</ele>
        <time>2025-03-28T16:26:30Z</time>
      </trkpt>
      <trkpt lat="49.99851666666667" lon="15.104783333333334">
        <ele>437</ele>
        <time>2025-03-28T16:26:31Z</time>
      </trkpt>
      <trkpt lat="49.99863333333333" lon="15.104833333333334">
        <ele>436</ele>
        <time>2025-03-28T16:26:32Z</time>
      </trkpt>
      <trkpt lat="49.998733333333334" lon="15.104916666666666">
        <ele>436</ele>
        <time>2025-03-28T16:26:33Z</time>
      </trkpt>
      <trkpt lat="49.99881666666667" lon="15.105016666666666">
        <ele>437</ele>
        <time>2025-03-28T16:26:34Z</time>
      </trkpt>
      <trkpt lat="49.99888333333333" lon="15.105116666666667">
        <ele>437</ele>
        <time>2025-03-28T16:26:35Z</time>
      </trkpt>
      <trkpt lat="49.99895" lon="15.105216666666667">
        <ele>438</ele>
        <time>2025-03-28T16:26:36Z</time>
      </trkpt>
      <trkpt lat="49.99903333333334" lon="15.105333333333334">
        <ele>438</ele>
        <time>2025-03-28T16:26:37Z</time>
      </trkpt>
      <trkpt lat="49.999116666666666" lon="15.105433333333334">
        <ele>438</ele>
        <time>2025-03-28T16:26:38Z</time>
      </trkpt>
      <trkpt lat="49.999183333333335" lon="15.105533333333334">
        <ele>438</ele>
        <time>2025-03-28T16:26:39Z</time>
      </trkpt>
      <trkpt lat="49.999266666666664" lon="15.10565">
        <ele>438</ele>
        <time>2025-03-28T16:26:40Z</time>
      </trkpt>
      <trkpt lat="49.99933333333333" lon="15.105766666666666">
        <ele>438</ele>
        <time>2025-03-28T16:26:41Z</time>
      </trkpt>
      <trkpt lat="49.9994" lon="15.105866666666667">
        <ele>438</ele>
        <time>2025-03-28T16:26:42Z</time>
      </trkpt>
      <trkpt lat="49.99948333333333" lon="15.105966666666667">
        <ele>439</ele>
        <time>2025-03-28T16:26:43Z</time>
      </trkpt>
      <trkpt lat="49.99956666666667" lon="15.106066666666667">
        <ele>439</ele>
        <time>2025-03-28T16:26:44Z</time>
      </trkpt>
      <trkpt lat="49.99965" lon="15.10615">
        <ele>439</ele>
        <time>2025-03-28T16:26:45Z</time>
      </trkpt>
      <trkpt lat="49.99973333333333" lon="15.106266666666667">
        <ele>439</ele>
        <time>2025-03-28T16:26:46Z</time>
      </trkpt>
      <trkpt lat="49.9998" lon="15.106366666666666">
        <ele>440</ele>
        <time>2025-03-28T16:26:47Z</time>
      </trkpt>
      <trkpt lat="49.99988333333334" lon="15.106483333333333">
        <ele>440</ele>
        <time>2025-03-28T16:26:48Z</time>
      </trkpt>
      <trkpt lat="49.99995" lon="15.1066">
        <ele>441</ele>
        <time>2025-03-28T16:26:49Z</time>
      </trkpt>
      <trkpt lat="50.00001666666667" lon="15.106716666666667">
        <ele>441</ele>
        <time>2025-03-28T16:26:50Z</time>
      </trkpt>
      <trkpt lat="50.0001" lon="15.106833333333334">
        <ele>441</ele>
        <time>2025-03-28T16:26:51Z</time>
      </trkpt>
      <trkpt lat="50.000166666666665" lon="15.106933333333334">
        <ele>442</ele>
        <time>2025-03-28T16:26:52Z</time>
      </trkpt>
      <trkpt lat="50.000233333333334" lon="15.107033333333334">
        <ele>442</ele>
        <time>2025-03-28T16:26:53Z</time>
      </trkpt>
      <trkpt lat="50.00031666666667" lon="15.107133333333334">
        <ele>443</ele>
        <time>2025-03-28T16:26:54Z</time>
      </trkpt>
      <trkpt lat="50.0004" lon="15.107216666666666">
        <ele>443</ele>
        <time>2025-03-28T16:26:55Z</time>
      </trkpt>
      <trkpt lat="50.0005" lon="15.107283333333333">
        <ele>443</ele>
        <time>2025-03-28T16:26:56Z</time>
      </trkpt>
      <trkpt lat="50.0006" lon="15.10735">
        <ele>443</ele>
        <time>2025-03-28T16:26:57Z</time>
      </trkpt>
      <trkpt lat="50.0007" lon="15.107416666666667">
        <ele>443</ele>
        <time>2025-03-28T16:26:58Z</time>
      </trkpt>
      <trkpt lat="50.0008" lon="15.107466666666667">
        <ele>443</ele>
        <time>2025-03-28T16:26:59Z</time>
      </trkpt>
      <trkpt lat="50.000883333333334" lon="15.1075">
        <ele>443</ele>
        <time>2025-03-28T16:27:00Z</time>
      </trkpt>
      <trkpt lat="50.001" lon="15.10755">
        <ele>443</ele>
        <time>2025-03-28T16:27:01Z</time>
      </trkpt>
      <trkpt lat="50.0011" lon="15.1076">
        <ele>443</ele>
        <time>2025-03-28T16:27:02Z</time>
      </trkpt>
      <trkpt lat="50.0012" lon="15.107633333333334">
        <ele>443</ele>
        <time>2025-03-28T16:27:03Z</time>
      </trkpt>
      <trkpt lat="50.0013" lon="15.10765">
        <ele>443</ele>
        <time>2025-03-28T16:27:04Z</time>
      </trkpt>
      <trkpt lat="50.001416666666664" lon="15.107683333333334">
        <ele>443</ele>
        <time>2025-03-28T16:27:05Z</time>
      </trkpt>
      <trkpt lat="50.00151666666667" lon="15.1077">
        <ele>443</ele>
        <time>2025-03-28T16:27:06Z</time>
      </trkpt>
      <trkpt lat="50.00161666666666" lon="15.107716666666667">
        <ele>443</ele>
        <time>2025-03-28T16:27:07Z</time>
      </trkpt>
      <trkpt lat="50.001733333333334" lon="15.10775">
        <ele>444</ele>
        <time>2025-03-28T16:27:08Z</time>
      </trkpt>
      <trkpt lat="50.00183333333333" lon="15.107783333333334">
        <ele>444</ele>
        <time>2025-03-28T16:27:09Z</time>
      </trkpt>
      <trkpt lat="50.00195" lon="15.1078">
        <ele>444</ele>
        <time>2025-03-28T16:27:10Z</time>
      </trkpt>
      <trkpt lat="50.00205" lon="15.107816666666666">
        <ele>444</ele>
        <time>2025-03-28T16:27:11Z</time>
      </trkpt>
      <trkpt lat="50.00216666666667" lon="15.10785">
        <ele>445</ele>
        <time>2025-03-28T16:27:12Z</time>
      </trkpt>
      <trkpt lat="50.00228333333333" lon="15.107883333333334">
        <ele>445</ele>
        <time>2025-03-28T16:27:13Z</time>
      </trkpt>
      <trkpt lat="50.002383333333334" lon="15.107916666666666">
        <ele>445</ele>
        <time>2025-03-28T16:27:14Z</time>
      </trkpt>
      <trkpt lat="50.0025" lon="15.107916666666666">
        <ele>445</ele>
        <time>2025-03-28T16:27:15Z</time>
      </trkpt>
      <trkpt lat="50.00261666666667" lon="15.1079">
        <ele>445</ele>
        <time>2025-03-28T16:27:16Z</time>
      </trkpt>
      <trkpt lat="50.002716666666664" lon="15.10785">
        <ele>446</ele>
        <time>2025-03-28T16:27:17Z</time>
      </trkpt>
      <trkpt lat="50.002833333333335" lon="15.1078">
        <ele>446</ele>
        <time>2025-03-28T16:27:18Z</time>
      </trkpt>
      <trkpt lat="50.00293333333333" lon="15.107733333333334">
        <ele>446</ele>
        <time>2025-03-28T16:27:19Z</time>
      </trkpt>
      <trkpt lat="50.00305" lon="15.107666666666667">
        <ele>446</ele>
        <time>2025-03-28T16:27:20Z</time>
      </trkpt>
      <trkpt lat="50.003166666666665" lon="15.107616666666667">
        <ele>446</ele>
        <time>2025-03-28T16:27:21Z</time>
      </trkpt>
      <trkpt lat="50.00326666666667" lon="15.107566666666667">
        <ele>447</ele>
        <time>2025-03-28T16:27:22Z</time>
      </trkpt>
      <trkpt lat="50.00338333333333" lon="15.107533333333333">
        <ele>447</ele>
        <time>2025-03-28T16:27:23Z</time>
      </trkpt>
      <trkpt lat="50.003483333333335" lon="15.107483333333333">
        <ele>447</ele>
        <time>2025-03-28T16:27:24Z</time>
      </trkpt>
      <trkpt lat="50.00358333333333" lon="15.107433333333333">
        <ele>448</ele>
        <time>2025-03-28T16:27:25Z</time>
      </trkpt>
      <trkpt lat="50.0037" lon="15.107366666666667">
        <ele>449</ele>
        <time>2025-03-28T16:27:26Z</time>
      </trkpt>
      <trkpt lat="50.0038" lon="15.107316666666666">
        <ele>449</ele>
        <time>2025-03-28T16:27:27Z</time>
      </trkpt>
      <trkpt lat="50.00391666666667" lon="15.10725">
        <ele>450</ele>
        <time>2025-03-28T16:27:28Z</time>
      </trkpt>
      <trkpt lat="50.00403333333333" lon="15.107216666666666">
        <ele>450</ele>
        <time>2025-03-28T16:27:29Z</time>
      </trkpt>
      <trkpt lat="50.004133333333336" lon="15.107183333333333">
        <ele>451</ele>
        <time>2025-03-28T16:27:30Z</time>
      </trkpt>
      <trkpt lat="50.00425" lon="15.107166666666666">
        <ele>452</ele>
        <time>2025-03-28T16:27:31Z</time>
      </trkpt>
      <trkpt lat="50.00435" lon="15.107166666666666">
        <ele>453</ele>
        <time>2025-03-28T16:27:32Z</time>
      </trkpt>
      <trkpt lat="50.00445" lon="15.10715">
        <ele>454</ele>
        <time>2025-03-28T16:27:33Z</time>
      </trkpt>
      <trkpt lat="50.00456666666667" lon="15.10715">
        <ele>454</ele>
        <time>2025-03-28T16:27:34Z</time>
      </trkpt>
      <trkpt lat="50.004666666666665" lon="15.10715">
        <ele>453</ele>
        <time>2025-03-28T16:27:35Z</time>
      </trkpt>
      <trkpt lat="50.004783333333336" lon="15.10715">
        <ele>452</ele>
        <time>2025-03-28T16:27:36Z</time>
      </trkpt>
      <trkpt lat="50.0049" lon="15.10715">
        <ele>451</ele>
        <time>2025-03-28T16:27:37Z</time>
      </trkpt>
      <trkpt lat="50.00501666666667" lon="15.107166666666666">
        <ele>450</ele>
        <time>2025-03-28T16:27:38Z</time>
      </trkpt>
      <trkpt lat="50.00515" lon="15.107183333333333">
        <ele>449</ele>
        <time>2025-03-28T16:27:39Z</time>
      </trkpt>
      <trkpt lat="50.005266666666664" lon="15.1072">
        <ele>448</ele>
        <time>2025-03-28T16:27:40Z</time>
      </trkpt>
      <trkpt lat="50.005383333333334" lon="15.107216666666666">
        <ele>447</ele>
        <time>2025-03-28T16:27:41Z</time>
      </trkpt>
      <trkpt lat="50.0055" lon="15.10725">
        <ele>447</ele>
        <time>2025-03-28T16:27:42Z</time>
      </trkpt>
      <trkpt lat="50.00561666666667" lon="15.107283333333333">
        <ele>447</ele>
        <time>2025-03-28T16:27:43Z</time>
      </trkpt>
      <trkpt lat="50.00573333333333" lon="15.107316666666666">
        <ele>448</ele>
        <time>2025-03-28T16:27:44Z</time>
      </trkpt>
      <trkpt lat="50.00585" lon="15.10735">
        <ele>448</ele>
        <time>2025-03-28T16:27:45Z</time>
      </trkpt>
      <trkpt lat="50.00595" lon="15.107366666666667">
        <ele>449</ele>
        <time>2025-03-28T16:27:46Z</time>
      </trkpt>
      <trkpt lat="50.00606666666667" lon="15.1074">
        <ele>449</ele>
        <time>2025-03-28T16:27:47Z</time>
      </trkpt>
      <trkpt lat="50.00618333333333" lon="15.107416666666667">
        <ele>449</ele>
        <time>2025-03-28T16:27:48Z</time>
      </trkpt>
      <trkpt lat="50.0063" lon="15.10745">
        <ele>448</ele>
        <time>2025-03-28T16:27:49Z</time>
      </trkpt>
      <trkpt lat="50.00641666666667" lon="15.107483333333333">
        <ele>448</ele>
        <time>2025-03-28T16:27:50Z</time>
      </trkpt>
      <trkpt lat="50.00651666666667" lon="15.107516666666667">
        <ele>448</ele>
        <time>2025-03-28T16:27:51Z</time>
      </trkpt>
      <trkpt lat="50.00665" lon="15.107533333333333">
        <ele>447</ele>
        <time>2025-03-28T16:27:52Z</time>
      </trkpt>
      <trkpt lat="50.006766666666664" lon="15.10755">
        <ele>447</ele>
        <time>2025-03-28T16:27:53Z</time>
      </trkpt>
      <trkpt lat="50.006883333333334" lon="15.107583333333332">
        <ele>447</ele>
        <time>2025-03-28T16:27:54Z</time>
      </trkpt>
      <trkpt lat="50.007" lon="15.107616666666667">
        <ele>447</ele>
        <time>2025-03-28T16:27:55Z</time>
      </trkpt>
      <trkpt lat="50.00711666666667" lon="15.10765">
        <ele>448</ele>
        <time>2025-03-28T16:27:56Z</time>
      </trkpt>
      <trkpt lat="50.00723333333333" lon="15.107683333333334">
        <ele>447</ele>
        <time>2025-03-28T16:27:57Z</time>
      </trkpt>
      <trkpt lat="50.007333333333335" lon="15.107733333333334">
        <ele>447</ele>
        <time>2025-03-28T16:27:58Z</time>
      </trkpt>
      <trkpt lat="50.00745" lon="15.107766666666667">
        <ele>447</ele>
        <time>2025-03-28T16:27:59Z</time>
      </trkpt>
      <trkpt lat="50.00756666666667" lon="15.1078">
        <ele>447</ele>
        <time>2025-03-28T16:28:00Z</time>
      </trkpt>
      <trkpt lat="50.00768333333333" lon="15.107833333333334">
        <ele>447</ele>
        <time>2025-03-28T16:28:01Z</time>
      </trkpt>
      <trkpt lat="50.00781666666666" lon="15.107866666666666">
        <ele>447</ele>
        <time>2025-03-28T16:28:02Z</time>
      </trkpt>
      <trkpt lat="50.007933333333334" lon="15.1079">
        <ele>447</ele>
        <time>2025-03-28T16:28:03Z</time>
      </trkpt>
      <trkpt lat="50.00803333333333" lon="15.107916666666666">
        <ele>447</ele>
        <time>2025-03-28T16:28:04Z</time>
      </trkpt>
      <trkpt lat="50.00815" lon="15.107966666666666">
        <ele>448</ele>
        <time>2025-03-28T16:28:05Z</time>
      </trkpt>
      <trkpt lat="50.008266666666664" lon="15.108016666666666">
        <ele>448</ele>
        <time>2025-03-28T16:28:06Z</time>
      </trkpt>
      <trkpt lat="50.008383333333335" lon="15.108066666666666">
        <ele>448</ele>
        <time>2025-03-28T16:28:07Z</time>
      </trkpt>
      <trkpt lat="50.0085" lon="15.108116666666668">
        <ele>448</ele>
        <time>2025-03-28T16:28:08Z</time>
      </trkpt>
      <trkpt lat="50.00861666666667" lon="15.108166666666667">
        <ele>449</ele>
        <time>2025-03-28T16:28:09Z</time>
      </trkpt>
      <trkpt lat="50.008716666666665" lon="15.108216666666667">
        <ele>449</ele>
        <time>2025-03-28T16:28:10Z</time>
      </trkpt>
      <trkpt lat="50.008833333333335" lon="15.108266666666667">
        <ele>449</ele>
        <time>2025-03-28T16:28:11Z</time>
      </trkpt>
      <trkpt lat="50.00895" lon="15.108316666666667">
        <ele>449</ele>
        <time>2025-03-28T16:28:12Z</time>
      </trkpt>
      <trkpt lat="50.00906666666667" lon="15.108366666666667">
        <ele>449</ele>
        <time>2025-03-28T16:28:13Z</time>
      </trkpt>
      <trkpt lat="50.009166666666665" lon="15.108433333333334">
        <ele>449</ele>
        <time>2025-03-28T16:28:14Z</time>
      </trkpt>
      <trkpt lat="50.009283333333336" lon="15.108483333333334">
        <ele>449</ele>
        <time>2025-03-28T16:28:15Z</time>
      </trkpt>
      <trkpt lat="50.00938333333333" lon="15.10855">
        <ele>450</ele>
        <time>2025-03-28T16:28:16Z</time>
      </trkpt>
      <trkpt lat="50.00946666666667" lon="15.1086">
        <ele>451</ele>
        <time>2025-03-28T16:28:17Z</time>
      </trkpt>
      <trkpt lat="50.009566666666665" lon="15.108666666666666">
        <ele>452</ele>
        <time>2025-03-28T16:28:18Z</time>
      </trkpt>
      <trkpt lat="50.00965" lon="15.108716666666666">
        <ele>453</ele>
        <time>2025-03-28T16:28:19Z</time>
      </trkpt>
      <trkpt lat="50.00975" lon="15.108783333333333">
        <ele>454</ele>
        <time>2025-03-28T16:28:20Z</time>
      </trkpt>
      <trkpt lat="50.00983333333333" lon="15.108866666666668">
        <ele>455</ele>
        <time>2025-03-28T16:28:21Z</time>
      </trkpt>
      <trkpt lat="50.009933333333336" lon="15.108933333333333">
        <ele>456</ele>
        <time>2025-03-28T16:28:22Z</time>
      </trkpt>
      <trkpt lat="50.01003333333333" lon="15.109016666666667">
        <ele>456</ele>
        <time>2025-03-28T16:28:23Z</time>
      </trkpt>
      <trkpt lat="50.01015" lon="15.1091">
        <ele>457</ele>
        <time>2025-03-28T16:28:24Z</time>
      </trkpt>
      <trkpt lat="50.01023333333333" lon="15.10915">
        <ele>458</ele>
        <time>2025-03-28T16:28:25Z</time>
      </trkpt>
      <trkpt lat="50.010333333333335" lon="15.1092">
        <ele>458</ele>
        <time>2025-03-28T16:28:26Z</time>
      </trkpt>
      <trkpt lat="50.010416666666664" lon="15.109233333333334">
        <ele>459</ele>
        <time>2025-03-28T16:28:27Z</time>
      </trkpt>
      <trkpt lat="50.01051666666667" lon="15.109283333333334">
        <ele>459</ele>
        <time>2025-03-28T16:28:28Z</time>
      </trkpt>
      <trkpt lat="50.010616666666664" lon="15.109333333333334">
        <ele>459</ele>
        <time>2025-03-28T16:28:29Z</time>
      </trkpt>
      <trkpt lat="50.01071666666667" lon="15.109383333333334">
        <ele>459</ele>
        <time>2025-03-28T16:28:30Z</time>
      </trkpt>
      <trkpt lat="50.01083333333333" lon="15.10945">
        <ele>458</ele>
        <time>2025-03-28T16:28:31Z</time>
      </trkpt>
      <trkpt lat="50.010933333333334" lon="15.1095">
        <ele>458</ele>
        <time>2025-03-28T16:28:32Z</time>
      </trkpt>
      <trkpt lat="50.01105" lon="15.109533333333333">
        <ele>458</ele>
        <time>2025-03-28T16:28:33Z</time>
      </trkpt>
      <trkpt lat="50.01115" lon="15.10955">
        <ele>459</ele>
        <time>2025-03-28T16:28:34Z</time>
      </trkpt>
      <trkpt lat="50.011266666666664" lon="15.109583333333333">
        <ele>459</ele>
        <time>2025-03-28T16:28:35Z</time>
      </trkpt>
      <trkpt lat="50.011383333333335" lon="15.109633333333333">
        <ele>459</ele>
        <time>2025-03-28T16:28:36Z</time>
      </trkpt>
      <trkpt lat="50.0115" lon="15.109666666666667">
        <ele>458</ele>
        <time>2025-03-28T16:28:37Z</time>
      </trkpt>
      <trkpt lat="50.0116" lon="15.109683333333333">
        <ele>458</ele>
        <time>2025-03-28T16:28:38Z</time>
      </trkpt>
      <trkpt lat="50.0117" lon="15.109716666666667">
        <ele>458</ele>
        <time>2025-03-28T16:28:39Z</time>
      </trkpt>
      <trkpt lat="50.01181666666667" lon="15.109716666666667">
        <ele>459</ele>
        <time>2025-03-28T16:28:40Z</time>
      </trkpt>
      <trkpt lat="50.011916666666664" lon="15.109733333333333">
        <ele>458</ele>
        <time>2025-03-28T16:28:41Z</time>
      </trkpt>
      <trkpt lat="50.012033333333335" lon="15.109766666666667">
        <ele>458</ele>
        <time>2025-03-28T16:28:42Z</time>
      </trkpt>
      <trkpt lat="50.012166666666666" lon="15.109783333333333">
        <ele>457</ele>
        <time>2025-03-28T16:28:43Z</time>
      </trkpt>
      <trkpt lat="50.012283333333336" lon="15.1098">
        <ele>456</ele>
        <time>2025-03-28T16:28:44Z</time>
      </trkpt>
      <trkpt lat="50.0124" lon="15.109833333333333">
        <ele>455</ele>
        <time>2025-03-28T16:28:45Z</time>
      </trkpt>
      <trkpt lat="50.01251666666667" lon="15.10985">
        <ele>455</ele>
        <time>2025-03-28T16:28:46Z</time>
      </trkpt>
      <trkpt lat="50.012616666666666" lon="15.109866666666667">
        <ele>456</ele>
        <time>2025-03-28T16:28:47Z</time>
      </trkpt>
      <trkpt lat="50.01273333333334" lon="15.1099">
        <ele>456</ele>
        <time>2025-03-28T16:28:48Z</time>
      </trkpt>
      <trkpt lat="50.01285" lon="15.109916666666667">
        <ele>457</ele>
        <time>2025-03-28T16:28:49Z</time>
      </trkpt>
      <trkpt lat="50.01295" lon="15.10995">
        <ele>457</ele>
        <time>2025-03-28T16:28:50Z</time>
      </trkpt>
      <trkpt lat="50.013083333333334" lon="15.109983333333334">
        <ele>457</ele>
        <time>2025-03-28T16:28:51Z</time>
      </trkpt>
      <trkpt lat="50.0132" lon="15.110016666666667">
        <ele>457</ele>
        <time>2025-03-28T16:28:52Z</time>
      </trkpt>
      <trkpt lat="50.013333333333335" lon="15.110033333333334">
        <ele>457</ele>
        <time>2025-03-28T16:28:53Z</time>
      </trkpt>
      <trkpt lat="50.01343333333333" lon="15.11005">
        <ele>457</ele>
        <time>2025-03-28T16:28:54Z</time>
      </trkpt>
      <trkpt lat="50.013533333333335" lon="15.110066666666667">
        <ele>458</ele>
        <time>2025-03-28T16:28:55Z</time>
      </trkpt>
      <trkpt lat="50.01365" lon="15.1101">
        <ele>458</ele>
        <time>2025-03-28T16:28:56Z</time>
      </trkpt>
      <trkpt lat="50.01376666666667" lon="15.110116666666666">
        <ele>459</ele>
        <time>2025-03-28T16:28:57Z</time>
      </trkpt>
      <trkpt lat="50.01388333333333" lon="15.110133333333334">
        <ele>459</ele>
        <time>2025-03-28T16:28:58Z</time>
      </trkpt>
      <trkpt lat="50.014" lon="15.110166666666666">
        <ele>459</ele>
        <time>2025-03-28T16:28:59Z</time>
      </trkpt>
      <trkpt lat="50.014116666666666" lon="15.110183333333334">
        <ele>459</ele>
        <time>2025-03-28T16:29:00Z</time>
      </trkpt>
      <trkpt lat="50.01423333333334" lon="15.1102">
        <ele>459</ele>
        <time>2025-03-28T16:29:01Z</time>
      </trkpt>
      <trkpt lat="50.01435" lon="15.1102">
        <ele>460</ele>
        <time>2025-03-28T16:29:02Z</time>
      </trkpt>
      <trkpt lat="50.014466666666664" lon="15.110216666666666">
        <ele>460</ele>
        <time>2025-03-28T16:29:03Z</time>
      </trkpt>
      <trkpt lat="50.014583333333334" lon="15.110233333333333">
        <ele>461</ele>
        <time>2025-03-28T16:29:04Z</time>
      </trkpt>
      <trkpt lat="50.0147" lon="15.11025">
        <ele>461</ele>
        <time>2025-03-28T16:29:05Z</time>
      </trkpt>
      <trkpt lat="50.0148" lon="15.110266666666666">
        <ele>462</ele>
        <time>2025-03-28T16:29:06Z</time>
      </trkpt>
      <trkpt lat="50.0149" lon="15.110266666666666">
        <ele>462</ele>
        <time>2025-03-28T16:29:07Z</time>
      </trkpt>
      <trkpt lat="50.01501666666667" lon="15.110283333333333">
        <ele>462</ele>
        <time>2025-03-28T16:29:08Z</time>
      </trkpt>
      <trkpt lat="50.01513333333333" lon="15.110283333333333">
        <ele>461</ele>
        <time>2025-03-28T16:29:09Z</time>
      </trkpt>
      <trkpt lat="50.01525" lon="15.110316666666666">
        <ele>461</ele>
        <time>2025-03-28T16:29:10Z</time>
      </trkpt>
      <trkpt lat="50.01535" lon="15.110333333333333">
        <ele>461</ele>
        <time>2025-03-28T16:29:11Z</time>
      </trkpt>
      <trkpt lat="50.01546666666667" lon="15.110333333333333">
        <ele>460</ele>
        <time>2025-03-28T16:29:12Z</time>
      </trkpt>
      <trkpt lat="50.015566666666665" lon="15.110333333333333">
        <ele>460</ele>
        <time>2025-03-28T16:29:13Z</time>
      </trkpt>
      <trkpt lat="50.015683333333335" lon="15.110333333333333">
        <ele>460</ele>
        <time>2025-03-28T16:29:14Z</time>
      </trkpt>
      <trkpt lat="50.0158" lon="15.11035">
        <ele>460</ele>
        <time>2025-03-28T16:29:15Z</time>
      </trkpt>
      <trkpt lat="50.01591666666667" lon="15.11035">
        <ele>460</ele>
        <time>2025-03-28T16:29:16Z</time>
      </trkpt>
      <trkpt lat="50.016016666666665" lon="15.110366666666666">
        <ele>460</ele>
        <time>2025-03-28T16:29:17Z</time>
      </trkpt>
      <trkpt lat="50.01611666666667" lon="15.110366666666666">
        <ele>460</ele>
        <time>2025-03-28T16:29:18Z</time>
      </trkpt>
      <trkpt lat="50.01623333333333" lon="15.11035">
        <ele>459</ele>
        <time>2025-03-28T16:29:19Z</time>
      </trkpt>
      <trkpt lat="50.01635" lon="15.110333333333333">
        <ele>458</ele>
        <time>2025-03-28T16:29:20Z</time>
      </trkpt>
      <trkpt lat="50.016466666666666" lon="15.110316666666666">
        <ele>456</ele>
        <time>2025-03-28T16:29:21Z</time>
      </trkpt>
      <trkpt lat="50.01658333333334" lon="15.1103">
        <ele>454</ele>
        <time>2025-03-28T16:29:22Z</time>
      </trkpt>
      <trkpt lat="50.01671666666667" lon="15.110283333333333">
        <ele>452</ele>
        <time>2025-03-28T16:29:23Z</time>
      </trkpt>
      <trkpt lat="50.01683333333333" lon="15.11025">
        <ele>451</ele>
        <time>2025-03-28T16:29:24Z</time>
      </trkpt>
      <trkpt lat="50.01695" lon="15.1102">
        <ele>449</ele>
        <time>2025-03-28T16:29:25Z</time>
      </trkpt>
      <trkpt lat="50.01705" lon="15.11015">
        <ele>448</ele>
        <time>2025-03-28T16:29:26Z</time>
      </trkpt>
      <trkpt lat="50.01716666666667" lon="15.1101">
        <ele>446</ele>
        <time>2025-03-28T16:29:27Z</time>
      </trkpt>
      <trkpt lat="50.01728333333333" lon="15.11005">
        <ele>444</ele>
        <time>2025-03-28T16:29:28Z</time>
      </trkpt>
      <trkpt lat="50.0174" lon="15.109983333333334">
        <ele>443</ele>
        <time>2025-03-28T16:29:29Z</time>
      </trkpt>
      <trkpt lat="50.017516666666666" lon="15.109933333333334">
        <ele>441</ele>
        <time>2025-03-28T16:29:30Z</time>
      </trkpt>
      <trkpt lat="50.017633333333336" lon="15.109866666666667">
        <ele>440</ele>
        <time>2025-03-28T16:29:31Z</time>
      </trkpt>
      <trkpt lat="50.01775" lon="15.109833333333333">
        <ele>439</ele>
        <time>2025-03-28T16:29:32Z</time>
      </trkpt>
      <trkpt lat="50.01786666666667" lon="15.109833333333333">
        <ele>440</ele>
        <time>2025-03-28T16:29:33Z</time>
      </trkpt>
      <trkpt lat="50.01798333333333" lon="15.109866666666667">
        <ele>440</ele>
        <time>2025-03-28T16:29:34Z</time>
      </trkpt>
      <trkpt lat="50.0181" lon="15.1099">
        <ele>441</ele>
        <time>2025-03-28T16:29:35Z</time>
      </trkpt>
      <trkpt lat="50.0182" lon="15.109933333333334">
        <ele>442</ele>
        <time>2025-03-28T16:29:36Z</time>
      </trkpt>
      <trkpt lat="50.018316666666664" lon="15.109966666666667">
        <ele>442</ele>
        <time>2025-03-28T16:29:37Z</time>
      </trkpt>
      <trkpt lat="50.018433333333334" lon="15.110016666666667">
        <ele>443</ele>
        <time>2025-03-28T16:29:38Z</time>
      </trkpt>
      <trkpt lat="50.01855" lon="15.110083333333334">
        <ele>442</ele>
        <time>2025-03-28T16:29:39Z</time>
      </trkpt>
      <trkpt lat="50.01866666666667" lon="15.110166666666666">
        <ele>442</ele>
        <time>2025-03-28T16:29:40Z</time>
      </trkpt>
      <trkpt lat="50.01878333333333" lon="15.11025">
        <ele>441</ele>
        <time>2025-03-28T16:29:41Z</time>
      </trkpt>
      <trkpt lat="50.0189" lon="15.11035">
        <ele>440</ele>
        <time>2025-03-28T16:29:42Z</time>
      </trkpt>
      <trkpt lat="50.019" lon="15.110433333333333">
        <ele>440</ele>
        <time>2025-03-28T16:29:43Z</time>
      </trkpt>
      <trkpt lat="50.0191" lon="15.110516666666667">
        <ele>441</ele>
        <time>2025-03-28T16:29:44Z</time>
      </trkpt>
      <trkpt lat="50.0192" lon="15.110616666666667">
        <ele>442</ele>
        <time>2025-03-28T16:29:45Z</time>
      </trkpt>
      <trkpt lat="50.0193" lon="15.1107">
        <ele>442</ele>
        <time>2025-03-28T16:29:46Z</time>
      </trkpt>
      <trkpt lat="50.0194" lon="15.1108">
        <ele>443</ele>
        <time>2025-03-28T16:29:47Z</time>
      </trkpt>
      <trkpt lat="50.0195" lon="15.1109">
        <ele>444</ele>
        <time>2025-03-28T16:29:48Z</time>
      </trkpt>
      <trkpt lat="50.0196" lon="15.111">
        <ele>444</ele>
        <time>2025-03-28T16:29:49Z</time>
      </trkpt>
      <trkpt lat="50.0197" lon="15.111083333333333">
        <ele>444</ele>
        <time>2025-03-28T16:29:50Z</time>
      </trkpt>
      <trkpt lat="50.019816666666664" lon="15.111183333333333">
        <ele>444</ele>
        <time>2025-03-28T16:29:51Z</time>
      </trkpt>
      <trkpt lat="50.01991666666667" lon="15.111283333333333">
        <ele>444</ele>
        <time>2025-03-28T16:29:52Z</time>
      </trkpt>
      <trkpt lat="50.02001666666666" lon="15.111383333333333">
        <ele>445</ele>
        <time>2025-03-28T16:29:53Z</time>
      </trkpt>
      <trkpt lat="50.02011666666667" lon="15.111483333333334">
        <ele>445</ele>
        <time>2025-03-28T16:29:54Z</time>
      </trkpt>
      <trkpt lat="50.02021666666667" lon="15.111583333333334">
        <ele>445</ele>
        <time>2025-03-28T16:29:55Z</time>
      </trkpt>
      <trkpt lat="50.020316666666666" lon="15.111666666666666">
        <ele>446</ele>
        <time>2025-03-28T16:29:56Z</time>
      </trkpt>
      <trkpt lat="50.02041666666667" lon="15.111766666666666">
        <ele>446</ele>
        <time>2025-03-28T16:29:57Z</time>
      </trkpt>
      <trkpt lat="50.020516666666666" lon="15.111866666666666">
        <ele>446</ele>
        <time>2025-03-28T16:29:58Z</time>
      </trkpt>
      <trkpt lat="50.02061666666667" lon="15.111983333333333">
        <ele>446</ele>
        <time>2025-03-28T16:29:59Z</time>
      </trkpt>
      <trkpt lat="50.020716666666665" lon="15.1121">
        <ele>447</ele>
        <time>2025-03-28T16:30:00Z</time>
      </trkpt>
      <trkpt lat="50.0208" lon="15.1122">
        <ele>447</ele>
        <time>2025-03-28T16:30:01Z</time>
      </trkpt>
      <trkpt lat="50.0209" lon="15.1123">
        <ele>447</ele>
        <time>2025-03-28T16:30:02Z</time>
      </trkpt>
      <trkpt lat="50.021" lon="15.112416666666666">
        <ele>448</ele>
        <time>2025-03-28T16:30:03Z</time>
      </trkpt>
      <trkpt lat="50.02108333333333" lon="15.112516666666666">
        <ele>448</ele>
        <time>2025-03-28T16:30:04Z</time>
      </trkpt>
      <trkpt lat="50.02118333333333" lon="15.112616666666666">
        <ele>449</ele>
        <time>2025-03-28T16:30:05Z</time>
      </trkpt>
      <trkpt lat="50.021283333333336" lon="15.112716666666667">
        <ele>449</ele>
        <time>2025-03-28T16:30:06Z</time>
      </trkpt>
      <trkpt lat="50.02138333333333" lon="15.112816666666667">
        <ele>450</ele>
        <time>2025-03-28T16:30:07Z</time>
      </trkpt>
      <trkpt lat="50.02146666666667" lon="15.112916666666667">
        <ele>450</ele>
        <time>2025-03-28T16:30:08Z</time>
      </trkpt>
      <trkpt lat="50.021566666666665" lon="15.113016666666667">
        <ele>450</ele>
        <time>2025-03-28T16:30:09Z</time>
      </trkpt>
      <trkpt lat="50.02166666666667" lon="15.113116666666667">
        <ele>451</ele>
        <time>2025-03-28T16:30:10Z</time>
      </trkpt>
      <trkpt lat="50.021766666666664" lon="15.113216666666666">
        <ele>451</ele>
        <time>2025-03-28T16:30:11Z</time>
      </trkpt>
      <trkpt lat="50.02186666666667" lon="15.113316666666666">
        <ele>451</ele>
        <time>2025-03-28T16:30:12Z</time>
      </trkpt>
      <trkpt lat="50.021966666666664" lon="15.113433333333333">
        <ele>451</ele>
        <time>2025-03-28T16:30:13Z</time>
      </trkpt>
      <trkpt lat="50.02205" lon="15.113533333333333">
        <ele>451</ele>
        <time>2025-03-28T16:30:14Z</time>
      </trkpt>
      <trkpt lat="50.02215" lon="15.113633333333333">
        <ele>451</ele>
        <time>2025-03-28T16:30:15Z</time>
      </trkpt>
      <trkpt lat="50.02225" lon="15.113733333333334">
        <ele>451</ele>
        <time>2025-03-28T16:30:16Z</time>
      </trkpt>
      <trkpt lat="50.02235" lon="15.113833333333334">
        <ele>451</ele>
        <time>2025-03-28T16:30:17Z</time>
      </trkpt>
      <trkpt lat="50.02245" lon="15.113933333333334">
        <ele>451</ele>
        <time>2025-03-28T16:30:18Z</time>
      </trkpt>
      <trkpt lat="50.02255" lon="15.114033333333333">
        <ele>451</ele>
        <time>2025-03-28T16:30:19Z</time>
      </trkpt>
      <trkpt lat="50.02265" lon="15.114133333333333">
        <ele>452</ele>
        <time>2025-03-28T16:30:20Z</time>
      </trkpt>
      <trkpt lat="50.02275" lon="15.114216666666668">
        <ele>452</ele>
        <time>2025-03-28T16:30:21Z</time>
      </trkpt>
      <trkpt lat="50.02283333333333" lon="15.114316666666667">
        <ele>452</ele>
        <time>2025-03-28T16:30:22Z</time>
      </trkpt>
      <trkpt lat="50.022933333333334" lon="15.114416666666667">
        <ele>453</ele>
        <time>2025-03-28T16:30:23Z</time>
      </trkpt>
      <trkpt lat="50.02303333333333" lon="15.1145">
        <ele>453</ele>
        <time>2025-03-28T16:30:24Z</time>
      </trkpt>
      <trkpt lat="50.023133333333334" lon="15.114616666666667">
        <ele>452</ele>
        <time>2025-03-28T16:30:25Z</time>
      </trkpt>
      <trkpt lat="50.02323333333333" lon="15.1147">
        <ele>452</ele>
        <time>2025-03-28T16:30:26Z</time>
      </trkpt>
      <trkpt lat="50.02333333333333" lon="15.1148">
        <ele>451</ele>
        <time>2025-03-28T16:30:27Z</time>
      </trkpt>
      <trkpt lat="50.02343333333334" lon="15.114916666666666">
        <ele>451</ele>
        <time>2025-03-28T16:30:28Z</time>
      </trkpt>
      <trkpt lat="50.023516666666666" lon="15.115016666666667">
        <ele>451</ele>
        <time>2025-03-28T16:30:29Z</time>
      </trkpt>
      <trkpt lat="50.02361666666667" lon="15.115133333333333">
        <ele>452</ele>
        <time>2025-03-28T16:30:30Z</time>
      </trkpt>
      <trkpt lat="50.02373333333333" lon="15.115233333333334">
        <ele>452</ele>
        <time>2025-03-28T16:30:31Z</time>
      </trkpt>
      <trkpt lat="50.023833333333336" lon="15.115316666666667">
        <ele>452</ele>
        <time>2025-03-28T16:30:32Z</time>
      </trkpt>
      <trkpt lat="50.023916666666665" lon="15.115433333333334">
        <ele>452</ele>
        <time>2025-03-28T16:30:33Z</time>
      </trkpt>
      <trkpt lat="50.02401666666667" lon="15.11555">
        <ele>453</ele>
        <time>2025-03-28T16:30:34Z</time>
      </trkpt>
      <trkpt lat="50.024116666666664" lon="15.115666666666666">
        <ele>453</ele>
        <time>2025-03-28T16:30:35Z</time>
      </trkpt>
      <trkpt lat="50.0242" lon="15.11575">
        <ele>454</ele>
        <time>2025-03-28T16:30:36Z</time>
      </trkpt>
      <trkpt lat="50.0243" lon="15.115866666666667">
        <ele>455</ele>
        <time>2025-03-28T16:30:37Z</time>
      </trkpt>
      <trkpt lat="50.0244" lon="15.11595">
        <ele>455</ele>
        <time>2025-03-28T16:30:38Z</time>
      </trkpt>
      <trkpt lat="50.0245" lon="15.116066666666667">
        <ele>455</ele>
        <time>2025-03-28T16:30:39Z</time>
      </trkpt>
      <trkpt lat="50.02461666666667" lon="15.116183333333334">
        <ele>454</ele>
        <time>2025-03-28T16:30:40Z</time>
      </trkpt>
      <trkpt lat="50.02473333333333" lon="15.116316666666666">
        <ele>453</ele>
        <time>2025-03-28T16:30:41Z</time>
      </trkpt>
      <trkpt lat="50.02483333333333" lon="15.11645">
        <ele>451</ele>
        <time>2025-03-28T16:30:42Z</time>
      </trkpt>
      <trkpt lat="50.02493333333334" lon="15.1166">
        <ele>449</ele>
        <time>2025-03-28T16:30:43Z</time>
      </trkpt>
      <trkpt lat="50.02503333333333" lon="15.116716666666667">
        <ele>448</ele>
        <time>2025-03-28T16:30:44Z</time>
      </trkpt>
      <trkpt lat="50.02515" lon="15.116816666666667">
        <ele>446</ele>
        <time>2025-03-28T16:30:45Z</time>
      </trkpt>
      <trkpt lat="50.02525" lon="15.116916666666667">
        <ele>444</ele>
        <time>2025-03-28T16:30:46Z</time>
      </trkpt>
      <trkpt lat="50.02536666666666" lon="15.117016666666666">
        <ele>442</ele>
        <time>2025-03-28T16:30:47Z</time>
      </trkpt>
      <trkpt lat="50.02546666666667" lon="15.117133333333333">
        <ele>440</ele>
        <time>2025-03-28T16:30:48Z</time>
      </trkpt>
      <trkpt lat="50.02558333333333" lon="15.117233333333333">
        <ele>437</ele>
        <time>2025-03-28T16:30:49Z</time>
      </trkpt>
      <trkpt lat="50.0257" lon="15.117333333333333">
        <ele>434</ele>
        <time>2025-03-28T16:30:50Z</time>
      </trkpt>
      <trkpt lat="50.02583333333333" lon="15.1174">
        <ele>431</ele>
        <time>2025-03-28T16:30:51Z</time>
      </trkpt>
      <trkpt lat="50.02596666666667" lon="15.117483333333332">
        <ele>428</ele>
        <time>2025-03-28T16:30:52Z</time>
      </trkpt>
      <trkpt lat="50.0261" lon="15.11755">
        <ele>426</ele>
        <time>2025-03-28T16:30:53Z</time>
      </trkpt>
      <trkpt lat="50.02621666666667" lon="15.117616666666667">
        <ele>423</ele>
        <time>2025-03-28T16:30:54Z</time>
      </trkpt>
      <trkpt lat="50.02635" lon="15.117666666666667">
        <ele>420</ele>
        <time>2025-03-28T16:30:55Z</time>
      </trkpt>
      <trkpt lat="50.02648333333333" lon="15.117716666666666">
        <ele>417</ele>
        <time>2025-03-28T16:30:56Z</time>
      </trkpt>
      <trkpt lat="50.02661666666667" lon="15.117733333333334">
        <ele>415</ele>
        <time>2025-03-28T16:30:57Z</time>
      </trkpt>
      <trkpt lat="50.02675" lon="15.117766666666666">
        <ele>412</ele>
        <time>2025-03-28T16:30:58Z</time>
      </trkpt>
      <trkpt lat="50.02688333333333" lon="15.1178">
        <ele>409</ele>
        <time>2025-03-28T16:30:59Z</time>
      </trkpt>
      <trkpt lat="50.027033333333335" lon="15.117833333333333">
        <ele>407</ele>
        <time>2025-03-28T16:31:00Z</time>
      </trkpt>
      <trkpt lat="50.02718333333333" lon="15.11785">
        <ele>404</ele>
        <time>2025-03-28T16:31:01Z</time>
      </trkpt>
      <trkpt lat="50.02733333333333" lon="15.11785">
        <ele>401</ele>
        <time>2025-03-28T16:31:02Z</time>
      </trkpt>
      <trkpt lat="50.02746666666667" lon="15.11785">
        <ele>399</ele>
        <time>2025-03-28T16:31:03Z</time>
      </trkpt>
      <trkpt lat="50.02761666666667" lon="15.117816666666666">
        <ele>396</ele>
        <time>2025-03-28T16:31:04Z</time>
      </trkpt>
      <trkpt lat="50.02775" lon="15.117783333333334">
        <ele>395</ele>
        <time>2025-03-28T16:31:05Z</time>
      </trkpt>
      <trkpt lat="50.027883333333335" lon="15.11775">
        <ele>394</ele>
        <time>2025-03-28T16:31:06Z</time>
      </trkpt>
      <trkpt lat="50.028016666666666" lon="15.11775">
        <ele>394</ele>
        <time>2025-03-28T16:31:07Z</time>
      </trkpt>
      <trkpt lat="50.02815" lon="15.117766666666666">
        <ele>394</ele>
        <time>2025-03-28T16:31:08Z</time>
      </trkpt>
      <trkpt lat="50.02826666666667" lon="15.117833333333333">
        <ele>394</ele>
        <time>2025-03-28T16:31:09Z</time>
      </trkpt>
      <trkpt lat="50.02838333333333" lon="15.117916666666666">
        <ele>394</ele>
        <time>2025-03-28T16:31:10Z</time>
      </trkpt>
      <trkpt lat="50.02846666666667" lon="15.118033333333333">
        <ele>393</ele>
        <time>2025-03-28T16:31:11Z</time>
      </trkpt>
      <trkpt lat="50.02855" lon="15.118166666666667">
        <ele>392</ele>
        <time>2025-03-28T16:31:12Z</time>
      </trkpt>
      <trkpt lat="50.0286" lon="15.118316666666667">
        <ele>390</ele>
        <time>2025-03-28T16:31:13Z</time>
      </trkpt>
      <trkpt lat="50.02868333333333" lon="15.118466666666666">
        <ele>387</ele>
        <time>2025-03-28T16:31:14Z</time>
      </trkpt>
      <trkpt lat="50.02875" lon="15.11865">
        <ele>384</ele>
        <time>2025-03-28T16:31:15Z</time>
      </trkpt>
      <trkpt lat="50.02883333333333" lon="15.118816666666667">
        <ele>380</ele>
        <time>2025-03-28T16:31:16Z</time>
      </trkpt>
      <trkpt lat="50.0289" lon="15.119">
        <ele>376</ele>
        <time>2025-03-28T16:31:17Z</time>
      </trkpt>
      <trkpt lat="50.028983333333336" lon="15.119166666666667">
        <ele>372</ele>
        <time>2025-03-28T16:31:18Z</time>
      </trkpt>
      <trkpt lat="50.02903333333333" lon="15.119333333333334">
        <ele>370</ele>
        <time>2025-03-28T16:31:19Z</time>
      </trkpt>
      <trkpt lat="50.02908333333333" lon="15.119483333333333">
        <ele>369</ele>
        <time>2025-03-28T16:31:20Z</time>
      </trkpt>
      <trkpt lat="50.0291" lon="15.11965">
        <ele>370</ele>
        <time>2025-03-28T16:31:21Z</time>
      </trkpt>
      <trkpt lat="50.02908333333333" lon="15.119816666666667">
        <ele>370</ele>
        <time>2025-03-28T16:31:22Z</time>
      </trkpt>
      <trkpt lat="50.02908333333333" lon="15.119966666666667">
        <ele>370</ele>
        <time>2025-03-28T16:31:23Z</time>
      </trkpt>
      <trkpt lat="50.0291" lon="15.12015">
        <ele>368</ele>
        <time>2025-03-28T16:31:24Z</time>
      </trkpt>
      <trkpt lat="50.02911666666667" lon="15.120316666666668">
        <ele>366</ele>
        <time>2025-03-28T16:31:25Z</time>
      </trkpt>
      <trkpt lat="50.029133333333334" lon="15.120516666666667">
        <ele>363</ele>
        <time>2025-03-28T16:31:26Z</time>
      </trkpt>
      <trkpt lat="50.02915" lon="15.120716666666667">
        <ele>360</ele>
        <time>2025-03-28T16:31:27Z</time>
      </trkpt>
      <trkpt lat="50.02915" lon="15.120916666666666">
        <ele>357</ele>
        <time>2025-03-28T16:31:28Z</time>
      </trkpt>
      <trkpt lat="50.02915" lon="15.1211">
        <ele>354</ele>
        <time>2025-03-28T16:31:29Z</time>
      </trkpt>
      <trkpt lat="50.02915" lon="15.1213">
        <ele>353</ele>
        <time>2025-03-28T16:31:30Z</time>
      </trkpt>
      <trkpt lat="50.02915" lon="15.121483333333334">
        <ele>352</ele>
        <time>2025-03-28T16:31:31Z</time>
      </trkpt>
      <trkpt lat="50.02915" lon="15.121666666666666">
        <ele>352</ele>
        <time>2025-03-28T16:31:32Z</time>
      </trkpt>
      <trkpt lat="50.02915" lon="15.121833333333333">
        <ele>352</ele>
        <time>2025-03-28T16:31:33Z</time>
      </trkpt>
      <trkpt lat="50.02916666666667" lon="15.122016666666667">
        <ele>352</ele>
        <time>2025-03-28T16:31:34Z</time>
      </trkpt>
      <trkpt lat="50.029183333333336" lon="15.122183333333334">
        <ele>352</ele>
        <time>2025-03-28T16:31:35Z</time>
      </trkpt>
      <trkpt lat="50.02923333333333" lon="15.122333333333334">
        <ele>352</ele>
        <time>2025-03-28T16:31:36Z</time>
      </trkpt>
      <trkpt lat="50.0293" lon="15.122466666666666">
        <ele>352</ele>
        <time>2025-03-28T16:31:37Z</time>
      </trkpt>
      <trkpt lat="50.02941666666667" lon="15.122566666666666">
        <ele>352</ele>
        <time>2025-03-28T16:31:38Z</time>
      </trkpt>
      <trkpt lat="50.029516666666666" lon="15.12265">
        <ele>352</ele>
        <time>2025-03-28T16:31:39Z</time>
      </trkpt>
      <trkpt lat="50.02961666666667" lon="15.122733333333333">
        <ele>352</ele>
        <time>2025-03-28T16:31:40Z</time>
      </trkpt>
      <trkpt lat="50.029716666666666" lon="15.122766666666667">
        <ele>353</ele>
        <time>2025-03-28T16:31:41Z</time>
      </trkpt>
      <trkpt lat="50.029833333333336" lon="15.122783333333333">
        <ele>353</ele>
        <time>2025-03-28T16:31:42Z</time>
      </trkpt>
      <trkpt lat="50.02993333333333" lon="15.122766666666667">
        <ele>354</ele>
        <time>2025-03-28T16:31:43Z</time>
      </trkpt>
      <trkpt lat="50.030033333333336" lon="15.122716666666667">
        <ele>355</ele>
        <time>2025-03-28T16:31:44Z</time>
      </trkpt>
      <trkpt lat="50.03015" lon="15.122666666666667">
        <ele>356</ele>
        <time>2025-03-28T16:31:45Z</time>
      </trkpt>
      <trkpt lat="50.03026666666667" lon="15.122616666666667">
        <ele>356</ele>
        <time>2025-03-28T16:31:46Z</time>
      </trkpt>
      <trkpt lat="50.030366666666666" lon="15.12255">
        <ele>356</ele>
        <time>2025-03-28T16:31:47Z</time>
      </trkpt>
      <trkpt lat="50.030483333333336" lon="15.122483333333333">
        <ele>356</ele>
        <time>2025-03-28T16:31:48Z</time>
      </trkpt>
      <trkpt lat="50.03058333333333" lon="15.122416666666666">
        <ele>357</ele>
        <time>2025-03-28T16:31:49Z</time>
      </trkpt>
      <trkpt lat="50.0307" lon="15.12235">
        <ele>357</ele>
        <time>2025-03-28T16:31:50Z</time>
      </trkpt>
      <trkpt lat="50.0308" lon="15.1223">
        <ele>357</ele>
        <time>2025-03-28T16:31:51Z</time>
      </trkpt>
      <trkpt lat="50.0309" lon="15.122233333333334">
        <ele>358</ele>
        <time>2025-03-28T16:31:52Z</time>
      </trkpt>
      <trkpt lat="50.031" lon="15.122166666666667">
        <ele>359</ele>
        <time>2025-03-28T16:31:53Z</time>
      </trkpt>
      <trkpt lat="50.0311" lon="15.1221">
        <ele>360</ele>
        <time>2025-03-28T16:31:54Z</time>
      </trkpt>
      <trkpt lat="50.0312" lon="15.122033333333333">
        <ele>361</ele>
        <time>2025-03-28T16:31:55Z</time>
      </trkpt>
      <trkpt lat="50.03131666666667" lon="15.121966666666667">
        <ele>362</ele>
        <time>2025-03-28T16:31:56Z</time>
      </trkpt>
      <trkpt lat="50.031416666666665" lon="15.1219">
        <ele>362</ele>
        <time>2025-03-28T16:31:57Z</time>
      </trkpt>
      <trkpt lat="50.031533333333336" lon="15.12185">
        <ele>363</ele>
        <time>2025-03-28T16:31:58Z</time>
      </trkpt>
      <trkpt lat="50.03163333333333" lon="15.121783333333333">
        <ele>363</ele>
        <time>2025-03-28T16:31:59Z</time>
      </trkpt>
      <trkpt lat="50.031733333333335" lon="15.121733333333333">
        <ele>363</ele>
        <time>2025-03-28T16:32:00Z</time>
      </trkpt>
      <trkpt lat="50.03185" lon="15.121683333333333">
        <ele>363</ele>
        <time>2025-03-28T16:32:01Z</time>
      </trkpt>
      <trkpt lat="50.03196666666667" lon="15.121633333333333">
        <ele>363</ele>
        <time>2025-03-28T16:32:02Z</time>
      </trkpt>
      <trkpt lat="50.03208333333333" lon="15.121583333333334">
        <ele>363</ele>
        <time>2025-03-28T16:32:03Z</time>
      </trkpt>
      <trkpt lat="50.0322" lon="15.121566666666666">
        <ele>363</ele>
        <time>2025-03-28T16:32:04Z</time>
      </trkpt>
      <trkpt lat="50.03231666666667" lon="15.12155">
        <ele>363</ele>
        <time>2025-03-28T16:32:05Z</time>
      </trkpt>
      <trkpt lat="50.03243333333333" lon="15.121566666666666">
        <ele>363</ele>
        <time>2025-03-28T16:32:06Z</time>
      </trkpt>
      <trkpt lat="50.03255" lon="15.121583333333334">
        <ele>363</ele>
        <time>2025-03-28T16:32:07Z</time>
      </trkpt>
      <trkpt lat="50.032666666666664" lon="15.1216">
        <ele>363</ele>
        <time>2025-03-28T16:32:08Z</time>
      </trkpt>
      <trkpt lat="50.032783333333334" lon="15.121616666666666">
        <ele>364</ele>
        <time>2025-03-28T16:32:09Z</time>
      </trkpt>
      <trkpt lat="50.0329" lon="15.12165">
        <ele>364</ele>
        <time>2025-03-28T16:32:10Z</time>
      </trkpt>
      <trkpt lat="50.033" lon="15.121683333333333">
        <ele>364</ele>
        <time>2025-03-28T16:32:11Z</time>
      </trkpt>
      <trkpt lat="50.033116666666665" lon="15.121716666666666">
        <ele>364</ele>
        <time>2025-03-28T16:32:12Z</time>
      </trkpt>
      <trkpt lat="50.03325" lon="15.121733333333333">
        <ele>364</ele>
        <time>2025-03-28T16:32:13Z</time>
      </trkpt>
      <trkpt lat="50.03338333333333" lon="15.121766666666666">
        <ele>364</ele>
        <time>2025-03-28T16:32:14Z</time>
      </trkpt>
      <trkpt lat="50.0335" lon="15.1218">
        <ele>365</ele>
        <time>2025-03-28T16:32:15Z</time>
      </trkpt>
      <trkpt lat="50.0336" lon="15.121816666666666">
        <ele>365</ele>
        <time>2025-03-28T16:32:16Z</time>
      </trkpt>
      <trkpt lat="50.03371666666666" lon="15.121833333333333">
        <ele>366</ele>
        <time>2025-03-28T16:32:17Z</time>
      </trkpt>
      <trkpt lat="50.033833333333334" lon="15.121833333333333">
        <ele>366</ele>
        <time>2025-03-28T16:32:18Z</time>
      </trkpt>
      <trkpt lat="50.03393333333333" lon="15.121766666666666">
        <ele>367</ele>
        <time>2025-03-28T16:32:19Z</time>
      </trkpt>
      <trkpt lat="50.03405" lon="15.1217">
        <ele>368</ele>
        <time>2025-03-28T16:32:20Z</time>
      </trkpt>
      <trkpt lat="50.03415" lon="15.121616666666666">
        <ele>368</ele>
        <time>2025-03-28T16:32:21Z</time>
      </trkpt>
      <trkpt lat="50.03426666666667" lon="15.121533333333334">
        <ele>369</ele>
        <time>2025-03-28T16:32:22Z</time>
      </trkpt>
      <trkpt lat="50.03436666666666" lon="15.121433333333334">
        <ele>369</ele>
        <time>2025-03-28T16:32:23Z</time>
      </trkpt>
      <trkpt lat="50.03446666666667" lon="15.12135">
        <ele>369</ele>
        <time>2025-03-28T16:32:24Z</time>
      </trkpt>
      <trkpt lat="50.03458333333333" lon="15.121266666666667">
        <ele>368</ele>
        <time>2025-03-28T16:32:25Z</time>
      </trkpt>
      <trkpt lat="50.034683333333334" lon="15.121166666666667">
        <ele>368</ele>
        <time>2025-03-28T16:32:26Z</time>
      </trkpt>
      <trkpt lat="50.03478333333333" lon="15.121083333333333">
        <ele>368</ele>
        <time>2025-03-28T16:32:27Z</time>
      </trkpt>
      <trkpt lat="50.0349" lon="15.121016666666666">
        <ele>369</ele>
        <time>2025-03-28T16:32:28Z</time>
      </trkpt>
      <trkpt lat="50.035016666666664" lon="15.120983333333333">
        <ele>369</ele>
        <time>2025-03-28T16:32:29Z</time>
      </trkpt>
      <trkpt lat="50.035133333333334" lon="15.121">
        <ele>370</ele>
        <time>2025-03-28T16:32:30Z</time>
      </trkpt>
      <trkpt lat="50.03525" lon="15.121033333333333">
        <ele>370</ele>
        <time>2025-03-28T16:32:31Z</time>
      </trkpt>
      <trkpt lat="50.03536666666667" lon="15.1211">
        <ele>370</ele>
        <time>2025-03-28T16:32:32Z</time>
      </trkpt>
      <trkpt lat="50.035466666666665" lon="15.121183333333333">
        <ele>371</ele>
        <time>2025-03-28T16:32:33Z</time>
      </trkpt>
      <trkpt lat="50.03556666666667" lon="15.121266666666667">
        <ele>372</ele>
        <time>2025-03-28T16:32:34Z</time>
      </trkpt>
      <trkpt lat="50.03565" lon="15.12135">
        <ele>373</ele>
        <time>2025-03-28T16:32:35Z</time>
      </trkpt>
      <trkpt lat="50.03575" lon="15.12145">
        <ele>373</ele>
        <time>2025-03-28T16:32:36Z</time>
      </trkpt>
      <trkpt lat="50.035833333333336" lon="15.12155">
        <ele>374</ele>
        <time>2025-03-28T16:32:37Z</time>
      </trkpt>
      <trkpt lat="50.035916666666665" lon="15.121633333333333">
        <ele>375</ele>
        <time>2025-03-28T16:32:38Z</time>
      </trkpt>
      <trkpt lat="50.036" lon="15.121733333333333">
        <ele>376</ele>
        <time>2025-03-28T16:32:39Z</time>
      </trkpt>
      <trkpt lat="50.03608333333333" lon="15.12185">
        <ele>377</ele>
        <time>2025-03-28T16:32:40Z</time>
      </trkpt>
      <trkpt lat="50.03616666666667" lon="15.12195">
        <ele>378</ele>
        <time>2025-03-28T16:32:41Z</time>
      </trkpt>
      <trkpt lat="50.03625" lon="15.122066666666667">
        <ele>379</ele>
        <time>2025-03-28T16:32:42Z</time>
      </trkpt>
      <trkpt lat="50.03633333333333" lon="15.122166666666667">
        <ele>380</ele>
        <time>2025-03-28T16:32:43Z</time>
      </trkpt>
      <trkpt lat="50.03641666666667" lon="15.122266666666667">
        <ele>381</ele>
        <time>2025-03-28T16:32:44Z</time>
      </trkpt>
      <trkpt lat="50.0365" lon="15.12235">
        <ele>382</ele>
        <time>2025-03-28T16:32:45Z</time>
      </trkpt>
      <trkpt lat="50.036566666666666" lon="15.12245">
        <ele>383</ele>
        <time>2025-03-28T16:32:46Z</time>
      </trkpt>
      <trkpt lat="50.03665" lon="15.12255">
        <ele>383</ele>
        <time>2025-03-28T16:32:47Z</time>
      </trkpt>
      <trkpt lat="50.03673333333333" lon="15.12265">
        <ele>383</ele>
        <time>2025-03-28T16:32:48Z</time>
      </trkpt>
      <trkpt lat="50.036833333333334" lon="15.12275">
        <ele>384</ele>
        <time>2025-03-28T16:32:49Z</time>
      </trkpt>
      <trkpt lat="50.03691666666667" lon="15.12285">
        <ele>384</ele>
        <time>2025-03-28T16:32:50Z</time>
      </trkpt>
      <trkpt lat="50.037" lon="15.12295">
        <ele>385</ele>
        <time>2025-03-28T16:32:51Z</time>
      </trkpt>
      <trkpt lat="50.037083333333335" lon="15.123066666666666">
        <ele>385</ele>
        <time>2025-03-28T16:32:52Z</time>
      </trkpt>
      <trkpt lat="50.037166666666664" lon="15.123166666666666">
        <ele>386</ele>
        <time>2025-03-28T16:32:53Z</time>
      </trkpt>
      <trkpt lat="50.03725" lon="15.123266666666666">
        <ele>387</ele>
        <time>2025-03-28T16:32:54Z</time>
      </trkpt>
      <trkpt lat="50.03731666666667" lon="15.123383333333333">
        <ele>387</ele>
        <time>2025-03-28T16:32:55Z</time>
      </trkpt>
      <trkpt lat="50.0374" lon="15.1235">
        <ele>388</ele>
        <time>2025-03-28T16:32:56Z</time>
      </trkpt>
      <trkpt lat="50.037483333333334" lon="15.1236">
        <ele>389</ele>
        <time>2025-03-28T16:32:57Z</time>
      </trkpt>
      <trkpt lat="50.03756666666666" lon="15.123716666666667">
        <ele>390</ele>
        <time>2025-03-28T16:32:58Z</time>
      </trkpt>
      <trkpt lat="50.03763333333333" lon="15.123816666666666">
        <ele>390</ele>
        <time>2025-03-28T16:32:59Z</time>
      </trkpt>
      <trkpt lat="50.03771666666667" lon="15.123933333333333">
        <ele>391</ele>
        <time>2025-03-28T16:33:00Z</time>
      </trkpt>
      <trkpt lat="50.0378" lon="15.124033333333333">
        <ele>391</ele>
        <time>2025-03-28T16:33:01Z</time>
      </trkpt>
      <trkpt lat="50.03788333333333" lon="15.124133333333333">
        <ele>392</ele>
        <time>2025-03-28T16:33:02Z</time>
      </trkpt>
      <trkpt lat="50.03796666666667" lon="15.124233333333333">
        <ele>392</ele>
        <time>2025-03-28T16:33:03Z</time>
      </trkpt>
      <trkpt lat="50.03805" lon="15.124333333333333">
        <ele>392</ele>
        <time>2025-03-28T16:33:04Z</time>
      </trkpt>
      <trkpt lat="50.03811666666667" lon="15.12445">
        <ele>393</ele>
        <time>2025-03-28T16:33:05Z</time>
      </trkpt>
      <trkpt lat="50.0382" lon="15.124566666666666">
        <ele>394</ele>
        <time>2025-03-28T16:33:06Z</time>
      </trkpt>
      <trkpt lat="50.03828333333333" lon="15.124683333333333">
        <ele>394</ele>
        <time>2025-03-28T16:33:07Z</time>
      </trkpt>
      <trkpt lat="50.03835" lon="15.124783333333333">
        <ele>395</ele>
        <time>2025-03-28T16:33:08Z</time>
      </trkpt>
      <trkpt lat="50.03843333333333" lon="15.1249">
        <ele>396</ele>
        <time>2025-03-28T16:33:09Z</time>
      </trkpt>
      <trkpt lat="50.038516666666666" lon="15.125016666666667">
        <ele>396</ele>
        <time>2025-03-28T16:33:10Z</time>
      </trkpt>
      <trkpt lat="50.038583333333335" lon="15.125133333333334">
        <ele>397</ele>
        <time>2025-03-28T16:33:11Z</time>
      </trkpt>
      <trkpt lat="50.03865" lon="15.12525">
        <ele>398</ele>
        <time>2025-03-28T16:33:12Z</time>
      </trkpt>
      <trkpt lat="50.038716666666666" lon="15.125383333333334">
        <ele>398</ele>
        <time>2025-03-28T16:33:13Z</time>
      </trkpt>
      <trkpt lat="50.0388" lon="15.1255">
        <ele>399</ele>
        <time>2025-03-28T16:33:14Z</time>
      </trkpt>
      <trkpt lat="50.038866666666664" lon="15.125616666666666">
        <ele>399</ele>
        <time>2025-03-28T16:33:15Z</time>
      </trkpt>
      <trkpt lat="50.03895" lon="15.125733333333333">
        <ele>399</ele>
        <time>2025-03-28T16:33:16Z</time>
      </trkpt>
      <trkpt lat="50.03901666666667" lon="15.12585">
        <ele>400</ele>
        <time>2025-03-28T16:33:17Z</time>
      </trkpt>
      <trkpt lat="50.0391" lon="15.125966666666667">
        <ele>400</ele>
        <time>2025-03-28T16:33:18Z</time>
      </trkpt>
      <trkpt lat="50.03916666666667" lon="15.126083333333334">
        <ele>401</ele>
        <time>2025-03-28T16:33:19Z</time>
      </trkpt>
      <trkpt lat="50.03925" lon="15.126183333333334">
        <ele>401</ele>
        <time>2025-03-28T16:33:20Z</time>
      </trkpt>
      <trkpt lat="50.03933333333333" lon="15.1263">
        <ele>402</ele>
        <time>2025-03-28T16:33:21Z</time>
      </trkpt>
      <trkpt lat="50.03941666666667" lon="15.1264">
        <ele>403</ele>
        <time>2025-03-28T16:33:22Z</time>
      </trkpt>
      <trkpt lat="50.03948333333334" lon="15.1265">
        <ele>404</ele>
        <time>2025-03-28T16:33:23Z</time>
      </trkpt>
      <trkpt lat="50.039566666666666" lon="15.126616666666667">
        <ele>405</ele>
        <time>2025-03-28T16:33:24Z</time>
      </trkpt>
      <trkpt lat="50.039633333333335" lon="15.12675">
        <ele>405</ele>
        <time>2025-03-28T16:33:25Z</time>
      </trkpt>
      <trkpt lat="50.0397" lon="15.126866666666666">
        <ele>406</ele>
        <time>2025-03-28T16:33:26Z</time>
      </trkpt>
      <trkpt lat="50.03978333333333" lon="15.126983333333333">
        <ele>407</ele>
        <time>2025-03-28T16:33:27Z</time>
      </trkpt>
      <trkpt lat="50.03985" lon="15.127083333333333">
        <ele>408</ele>
        <time>2025-03-28T16:33:28Z</time>
      </trkpt>
      <trkpt lat="50.03991666666667" lon="15.127216666666667">
        <ele>408</ele>
        <time>2025-03-28T16:33:29Z</time>
      </trkpt>
      <trkpt lat="50.03998333333333" lon="15.127333333333333">
        <ele>408</ele>
        <time>2025-03-28T16:33:30Z</time>
      </trkpt>
      <trkpt lat="50.04006666666667" lon="15.127466666666667">
        <ele>408</ele>
        <time>2025-03-28T16:33:31Z</time>
      </trkpt>
      <trkpt lat="50.04013333333333" lon="15.127583333333334">
        <ele>408</ele>
        <time>2025-03-28T16:33:32Z</time>
      </trkpt>
      <trkpt lat="50.040216666666666" lon="15.1277">
        <ele>408</ele>
        <time>2025-03-28T16:33:33Z</time>
      </trkpt>
      <trkpt lat="50.0403" lon="15.127816666666666">
        <ele>408</ele>
        <time>2025-03-28T16:33:34Z</time>
      </trkpt>
      <trkpt lat="50.04038333333333" lon="15.127933333333333">
        <ele>408</ele>
        <time>2025-03-28T16:33:35Z</time>
      </trkpt>
      <trkpt lat="50.04045" lon="15.128066666666667">
        <ele>408</ele>
        <time>2025-03-28T16:33:36Z</time>
      </trkpt>
      <trkpt lat="50.040533333333336" lon="15.1282">
        <ele>407</ele>
        <time>2025-03-28T16:33:37Z</time>
      </trkpt>
      <trkpt lat="50.04063333333333" lon="15.128333333333334">
        <ele>406</ele>
        <time>2025-03-28T16:33:38Z</time>
      </trkpt>
      <trkpt lat="50.04071666666667" lon="15.128466666666666">
        <ele>406</ele>
        <time>2025-03-28T16:33:39Z</time>
      </trkpt>
      <trkpt lat="50.04078333333333" lon="15.128616666666666">
        <ele>406</ele>
        <time>2025-03-28T16:33:40Z</time>
      </trkpt>
      <trkpt lat="50.040866666666666" lon="15.12875">
        <ele>406</ele>
        <time>2025-03-28T16:33:41Z</time>
      </trkpt>
      <trkpt lat="50.04095" lon="15.128883333333333">
        <ele>406</ele>
        <time>2025-03-28T16:33:42Z</time>
      </trkpt>
      <trkpt lat="50.04103333333333" lon="15.129016666666667">
        <ele>406</ele>
        <time>2025-03-28T16:33:43Z</time>
      </trkpt>
      <trkpt lat="50.0411" lon="15.12915">
        <ele>406</ele>
        <time>2025-03-28T16:33:44Z</time>
      </trkpt>
      <trkpt lat="50.041183333333336" lon="15.129283333333333">
        <ele>406</ele>
        <time>2025-03-28T16:33:45Z</time>
      </trkpt>
      <trkpt lat="50.041266666666665" lon="15.129433333333333">
        <ele>406</ele>
        <time>2025-03-28T16:33:46Z</time>
      </trkpt>
      <trkpt lat="50.041333333333334" lon="15.129566666666667">
        <ele>405</ele>
        <time>2025-03-28T16:33:47Z</time>
      </trkpt>
      <trkpt lat="50.04143333333333" lon="15.1297">
        <ele>405</ele>
        <time>2025-03-28T16:33:48Z</time>
      </trkpt>
      <trkpt lat="50.041516666666666" lon="15.129833333333334">
        <ele>404</ele>
        <time>2025-03-28T16:33:49Z</time>
      </trkpt>
      <trkpt lat="50.0416" lon="15.129983333333334">
        <ele>404</ele>
        <time>2025-03-28T16:33:50Z</time>
      </trkpt>
      <trkpt lat="50.04168333333333" lon="15.130116666666666">
        <ele>404</ele>
        <time>2025-03-28T16:33:51Z</time>
      </trkpt>
      <trkpt lat="50.04175" lon="15.13025">
        <ele>404</ele>
        <time>2025-03-28T16:33:52Z</time>
      </trkpt>
      <trkpt lat="50.04185" lon="15.130383333333333">
        <ele>405</ele>
        <time>2025-03-28T16:33:53Z</time>
      </trkpt>
      <trkpt lat="50.04193333333333" lon="15.130483333333334">
        <ele>405</ele>
        <time>2025-03-28T16:33:54Z</time>
      </trkpt>
      <trkpt lat="50.042033333333336" lon="15.1306">
        <ele>405</ele>
        <time>2025-03-28T16:33:55Z</time>
      </trkpt>
      <trkpt lat="50.042116666666665" lon="15.130716666666666">
        <ele>405</ele>
        <time>2025-03-28T16:33:56Z</time>
      </trkpt>
      <trkpt lat="50.0422" lon="15.13085">
        <ele>405</ele>
        <time>2025-03-28T16:33:57Z</time>
      </trkpt>
      <trkpt lat="50.0423" lon="15.130966666666666">
        <ele>405</ele>
        <time>2025-03-28T16:33:58Z</time>
      </trkpt>
      <trkpt lat="50.04238333333333" lon="15.131083333333333">
        <ele>405</ele>
        <time>2025-03-28T16:33:59Z</time>
      </trkpt>
      <trkpt lat="50.04246666666667" lon="15.1312">
        <ele>405</ele>
        <time>2025-03-28T16:34:00Z</time>
      </trkpt>
      <trkpt lat="50.042566666666666" lon="15.1313">
        <ele>405</ele>
        <time>2025-03-28T16:34:01Z</time>
      </trkpt>
      <trkpt lat="50.04266666666667" lon="15.131416666666667">
        <ele>405</ele>
        <time>2025-03-28T16:34:02Z</time>
      </trkpt>
      <trkpt lat="50.04275" lon="15.13155">
        <ele>405</ele>
        <time>2025-03-28T16:34:03Z</time>
      </trkpt>
      <trkpt lat="50.04281666666667" lon="15.131683333333333">
        <ele>405</ele>
        <time>2025-03-28T16:34:04Z</time>
      </trkpt>
      <trkpt lat="50.0429" lon="15.131816666666667">
        <ele>405</ele>
        <time>2025-03-28T16:34:05Z</time>
      </trkpt>
      <trkpt lat="50.042966666666665" lon="15.13195">
        <ele>405</ele>
        <time>2025-03-28T16:34:06Z</time>
      </trkpt>
      <trkpt lat="50.043033333333334" lon="15.1321">
        <ele>405</ele>
        <time>2025-03-28T16:34:07Z</time>
      </trkpt>
      <trkpt lat="50.0431" lon="15.13225">
        <ele>404</ele>
        <time>2025-03-28T16:34:08Z</time>
      </trkpt>
      <trkpt lat="50.04315" lon="15.1324">
        <ele>404</ele>
        <time>2025-03-28T16:34:09Z</time>
      </trkpt>
      <trkpt lat="50.043216666666666" lon="15.13255">
        <ele>403</ele>
        <time>2025-03-28T16:34:10Z</time>
      </trkpt>
      <trkpt lat="50.043283333333335" lon="15.1327">
        <ele>402</ele>
        <time>2025-03-28T16:34:11Z</time>
      </trkpt>
      <trkpt lat="50.04333333333334" lon="15.132866666666667">
        <ele>400</ele>
        <time>2025-03-28T16:34:12Z</time>
      </trkpt>
      <trkpt lat="50.0434" lon="15.133033333333334">
        <ele>399</ele>
        <time>2025-03-28T16:34:13Z</time>
      </trkpt>
      <trkpt lat="50.04343333333333" lon="15.1332">
        <ele>397</ele>
        <time>2025-03-28T16:34:14Z</time>
      </trkpt>
      <trkpt lat="50.04346666666667" lon="15.133366666666667">
        <ele>396</ele>
        <time>2025-03-28T16:34:15Z</time>
      </trkpt>
      <trkpt lat="50.0435" lon="15.13355">
        <ele>394</ele>
        <time>2025-03-28T16:34:16Z</time>
      </trkpt>
      <trkpt lat="50.043533333333336" lon="15.133716666666666">
        <ele>393</ele>
        <time>2025-03-28T16:34:17Z</time>
      </trkpt>
      <trkpt lat="50.04356666666666" lon="15.133883333333333">
        <ele>392</ele>
        <time>2025-03-28T16:34:18Z</time>
      </trkpt>
      <trkpt lat="50.0436" lon="15.13405">
        <ele>390</ele>
        <time>2025-03-28T16:34:19Z</time>
      </trkpt>
      <trkpt lat="50.04363333333333" lon="15.134233333333333">
        <ele>389</ele>
        <time>2025-03-28T16:34:20Z</time>
      </trkpt>
      <trkpt lat="50.04366666666667" lon="15.134416666666667">
        <ele>388</ele>
        <time>2025-03-28T16:34:21Z</time>
      </trkpt>
      <trkpt lat="50.0437" lon="15.1346">
        <ele>386</ele>
        <time>2025-03-28T16:34:22Z</time>
      </trkpt>
      <trkpt lat="50.043733333333336" lon="15.134783333333333">
        <ele>385</ele>
        <time>2025-03-28T16:34:23Z</time>
      </trkpt>
      <trkpt lat="50.04376666666667" lon="15.134966666666667">
        <ele>385</ele>
        <time>2025-03-28T16:34:24Z</time>
      </trkpt>
      <trkpt lat="50.04378333333333" lon="15.135133333333334">
        <ele>385</ele>
        <time>2025-03-28T16:34:25Z</time>
      </trkpt>
      <trkpt lat="50.043816666666665" lon="15.135316666666666">
        <ele>385</ele>
        <time>2025-03-28T16:34:26Z</time>
      </trkpt>
      <trkpt lat="50.04385" lon="15.135483333333333">
        <ele>385</ele>
        <time>2025-03-28T16:34:27Z</time>
      </trkpt>
      <trkpt lat="50.04388333333333" lon="15.13565">
        <ele>384</ele>
        <time>2025-03-28T16:34:28Z</time>
      </trkpt>
      <trkpt lat="50.043933333333335" lon="15.1358">
        <ele>384</ele>
        <time>2025-03-28T16:34:29Z</time>
      </trkpt>
      <trkpt lat="50.044016666666664" lon="15.135883333333334">
        <ele>383</ele>
        <time>2025-03-28T16:34:30Z</time>
      </trkpt>
      <trkpt lat="50.04415" lon="15.135866666666667">
        <ele>382</ele>
        <time>2025-03-28T16:34:31Z</time>
      </trkpt>
      <trkpt lat="50.04428333333333" lon="15.1358">
        <ele>378</ele>
        <time>2025-03-28T16:34:32Z</time>
      </trkpt>
      <trkpt lat="50.04441666666666" lon="15.135766666666667">
        <ele>375</ele>
        <time>2025-03-28T16:34:33Z</time>
      </trkpt>
      <trkpt lat="50.04451666666667" lon="15.135866666666667">
        <ele>371</ele>
        <time>2025-03-28T16:34:34Z</time>
      </trkpt>
      <trkpt lat="50.0446" lon="15.136050000000001">
        <ele>368</ele>
        <time>2025-03-28T16:34:35Z</time>
      </trkpt>
      <trkpt lat="50.0446" lon="15.136283333333333">
        <ele>364</ele>
        <time>2025-03-28T16:34:36Z</time>
      </trkpt>
      <trkpt lat="50.04455" lon="15.136533333333333">
        <ele>360</ele>
        <time>2025-03-28T16:34:37Z</time>
      </trkpt>
      <trkpt lat="50.04456666666667" lon="15.136716666666667">
        <ele>357</ele>
        <time>2025-03-28T16:34:38Z</time>
      </trkpt>
      <trkpt lat="50.044666666666664" lon="15.13685">
        <ele>354</ele>
        <time>2025-03-28T16:34:39Z</time>
      </trkpt>
      <trkpt lat="50.0448" lon="15.136883333333333">
        <ele>351</ele>
        <time>2025-03-28T16:34:40Z</time>
      </trkpt>
      <trkpt lat="50.04496666666667" lon="15.136883333333333">
        <ele>348</ele>
        <time>2025-03-28T16:34:41Z</time>
      </trkpt>
      <trkpt lat="50.04508333333333" lon="15.13695">
        <ele>347</ele>
        <time>2025-03-28T16:34:42Z</time>
      </trkpt>
      <trkpt lat="50.045183333333334" lon="15.13705">
        <ele>347</ele>
        <time>2025-03-28T16:34:43Z</time>
      </trkpt>
      <trkpt lat="50.045233333333336" lon="15.1372">
        <ele>347</ele>
        <time>2025-03-28T16:34:44Z</time>
      </trkpt>
      <trkpt lat="50.04521666666667" lon="15.137433333333334">
        <ele>346</ele>
        <time>2025-03-28T16:34:45Z</time>
      </trkpt>
      <trkpt lat="50.04525" lon="15.137683333333333">
        <ele>344</ele>
        <time>2025-03-28T16:34:46Z</time>
      </trkpt>
      <trkpt lat="50.04535" lon="15.137816666666666">
        <ele>343</ele>
        <time>2025-03-28T16:34:47Z</time>
      </trkpt>
      <trkpt lat="50.04548333333334" lon="15.137866666666667">
        <ele>341</ele>
        <time>2025-03-28T16:34:48Z</time>
      </trkpt>
      <trkpt lat="50.04561666666667" lon="15.1378">
        <ele>339</ele>
        <time>2025-03-28T16:34:49Z</time>
      </trkpt>
      <trkpt lat="50.04573333333333" lon="15.137666666666666">
        <ele>337</ele>
        <time>2025-03-28T16:34:50Z</time>
      </trkpt>
      <trkpt lat="50.04578333333333" lon="15.137516666666667">
        <ele>336</ele>
        <time>2025-03-28T16:34:51Z</time>
      </trkpt>
      <trkpt lat="50.04585" lon="15.13735">
        <ele>335</ele>
        <time>2025-03-28T16:34:52Z</time>
      </trkpt>
      <trkpt lat="50.0459" lon="15.1372">
        <ele>335</ele>
        <time>2025-03-28T16:34:53Z</time>
      </trkpt>
      <trkpt lat="50.04595" lon="15.13705">
        <ele>335</ele>
        <time>2025-03-28T16:34:54Z</time>
      </trkpt>
      <trkpt lat="50.046" lon="15.136883333333333">
        <ele>336</ele>
        <time>2025-03-28T16:34:55Z</time>
      </trkpt>
      <trkpt lat="50.04605" lon="15.136716666666667">
        <ele>336</ele>
        <time>2025-03-28T16:34:56Z</time>
      </trkpt>
      <trkpt lat="50.04606666666667" lon="15.13655">
        <ele>336</ele>
        <time>2025-03-28T16:34:57Z</time>
      </trkpt>
      <trkpt lat="50.04605" lon="15.136366666666667">
        <ele>336</ele>
        <time>2025-03-28T16:34:58Z</time>
      </trkpt>
      <trkpt lat="50.04601666666667" lon="15.136216666666666">
        <ele>336</ele>
        <time>2025-03-28T16:34:59Z</time>
      </trkpt>
      <trkpt lat="50.045966666666665" lon="15.136050000000001">
        <ele>336</ele>
        <time>2025-03-28T16:35:00Z</time>
      </trkpt>
      <trkpt lat="50.04591666666666" lon="15.135883333333334">
        <ele>336</ele>
        <time>2025-03-28T16:35:01Z</time>
      </trkpt>
      <trkpt lat="50.045883333333336" lon="15.1357">
        <ele>336</ele>
        <time>2025-03-28T16:35:02Z</time>
      </trkpt>
      <trkpt lat="50.045883333333336" lon="15.13555">
        <ele>336</ele>
        <time>2025-03-28T16:35:03Z</time>
      </trkpt>
      <trkpt lat="50.0459" lon="15.135366666666666">
        <ele>336</ele>
        <time>2025-03-28T16:35:04Z</time>
      </trkpt>
      <trkpt lat="50.04595" lon="15.135216666666667">
        <ele>337</ele>
        <time>2025-03-28T16:35:05Z</time>
      </trkpt>
      <trkpt lat="50.04601666666667" lon="15.135083333333334">
        <ele>338</ele>
        <time>2025-03-28T16:35:06Z</time>
      </trkpt>
      <trkpt lat="50.0461" lon="15.13495">
        <ele>339</ele>
        <time>2025-03-28T16:35:07Z</time>
      </trkpt>
      <trkpt lat="50.046166666666664" lon="15.134816666666667">
        <ele>340</ele>
        <time>2025-03-28T16:35:08Z</time>
      </trkpt>
      <trkpt lat="50.04623333333333" lon="15.134683333333333">
        <ele>341</ele>
        <time>2025-03-28T16:35:09Z</time>
      </trkpt>
      <trkpt lat="50.0463" lon="15.13455">
        <ele>342</ele>
        <time>2025-03-28T16:35:10Z</time>
      </trkpt>
      <trkpt lat="50.04638333333333" lon="15.1344">
        <ele>342</ele>
        <time>2025-03-28T16:35:11Z</time>
      </trkpt>
      <trkpt lat="50.04645" lon="15.13425">
        <ele>343</ele>
        <time>2025-03-28T16:35:12Z</time>
      </trkpt>
      <trkpt lat="50.04651666666667" lon="15.134116666666667">
        <ele>343</ele>
        <time>2025-03-28T16:35:13Z</time>
      </trkpt>
      <trkpt lat="50.04658333333333" lon="15.133966666666666">
        <ele>343</ele>
        <time>2025-03-28T16:35:14Z</time>
      </trkpt>
      <trkpt lat="50.04665" lon="15.133833333333333">
        <ele>343</ele>
        <time>2025-03-28T16:35:15Z</time>
      </trkpt>
      <trkpt lat="50.04671666666667" lon="15.1337">
        <ele>343</ele>
        <time>2025-03-28T16:35:16Z</time>
      </trkpt>
      <trkpt lat="50.0468" lon="15.133566666666667">
        <ele>343</ele>
        <time>2025-03-28T16:35:17Z</time>
      </trkpt>
      <trkpt lat="50.046883333333334" lon="15.133433333333333">
        <ele>343</ele>
        <time>2025-03-28T16:35:18Z</time>
      </trkpt>
      <trkpt lat="50.04696666666667" lon="15.1333">
        <ele>343</ele>
        <time>2025-03-28T16:35:19Z</time>
      </trkpt>
      <trkpt lat="50.04705" lon="15.133166666666666">
        <ele>343</ele>
        <time>2025-03-28T16:35:20Z</time>
      </trkpt>
      <trkpt lat="50.04711666666667" lon="15.133033333333334">
        <ele>343</ele>
        <time>2025-03-28T16:35:21Z</time>
      </trkpt>
      <trkpt lat="50.047216666666664" lon="15.1329">
        <ele>343</ele>
        <time>2025-03-28T16:35:22Z</time>
      </trkpt>
      <trkpt lat="50.0473" lon="15.132783333333334">
        <ele>344</ele>
        <time>2025-03-28T16:35:23Z</time>
      </trkpt>
      <trkpt lat="50.047383333333336" lon="15.13265">
        <ele>345</ele>
        <time>2025-03-28T16:35:24Z</time>
      </trkpt>
      <trkpt lat="50.047466666666665" lon="15.132533333333333">
        <ele>345</ele>
        <time>2025-03-28T16:35:25Z</time>
      </trkpt>
      <trkpt lat="50.04755" lon="15.132416666666666">
        <ele>345</ele>
        <time>2025-03-28T16:35:26Z</time>
      </trkpt>
      <trkpt lat="50.04763333333333" lon="15.1323">
        <ele>345</ele>
        <time>2025-03-28T16:35:27Z</time>
      </trkpt>
      <trkpt lat="50.047716666666666" lon="15.132183333333334">
        <ele>346</ele>
        <time>2025-03-28T16:35:28Z</time>
      </trkpt>
      <trkpt lat="50.04781666666667" lon="15.13205">
        <ele>346</ele>
        <time>2025-03-28T16:35:29Z</time>
      </trkpt>
      <trkpt lat="50.0479" lon="15.131933333333333">
        <ele>346</ele>
        <time>2025-03-28T16:35:30Z</time>
      </trkpt>
      <trkpt lat="50.047983333333335" lon="15.1318">
        <ele>346</ele>
        <time>2025-03-28T16:35:31Z</time>
      </trkpt>
      <trkpt lat="50.048066666666664" lon="15.131666666666666">
        <ele>346</ele>
        <time>2025-03-28T16:35:32Z</time>
      </trkpt>
      <trkpt lat="50.04815" lon="15.131533333333334">
        <ele>346</ele>
        <time>2025-03-28T16:35:33Z</time>
      </trkpt>
      <trkpt lat="50.048233333333336" lon="15.131416666666667">
        <ele>347</ele>
        <time>2025-03-28T16:35:34Z</time>
      </trkpt>
      <trkpt lat="50.04833333333333" lon="15.1313">
        <ele>348</ele>
        <time>2025-03-28T16:35:35Z</time>
      </trkpt>
      <trkpt lat="50.048433333333335" lon="15.131166666666667">
        <ele>348</ele>
        <time>2025-03-28T16:35:36Z</time>
      </trkpt>
      <trkpt lat="50.048516666666664" lon="15.131033333333333">
        <ele>349</ele>
        <time>2025-03-28T16:35:37Z</time>
      </trkpt>
      <trkpt lat="50.0486" lon="15.1309">
        <ele>349</ele>
        <time>2025-03-28T16:35:38Z</time>
      </trkpt>
      <trkpt lat="50.0487" lon="15.130766666666666">
        <ele>350</ele>
        <time>2025-03-28T16:35:39Z</time>
      </trkpt>
      <trkpt lat="50.04878333333333" lon="15.130633333333334">
        <ele>350</ele>
        <time>2025-03-28T16:35:40Z</time>
      </trkpt>
      <trkpt lat="50.04886666666667" lon="15.1305">
        <ele>351</ele>
        <time>2025-03-28T16:35:41Z</time>
      </trkpt>
      <trkpt lat="50.04895" lon="15.130366666666667">
        <ele>351</ele>
        <time>2025-03-28T16:35:42Z</time>
      </trkpt>
      <trkpt lat="50.049033333333334" lon="15.130233333333333">
        <ele>352</ele>
        <time>2025-03-28T16:35:43Z</time>
      </trkpt>
      <trkpt lat="50.04911666666667" lon="15.1301">
        <ele>353</ele>
        <time>2025-03-28T16:35:44Z</time>
      </trkpt>
      <trkpt lat="50.04918333333333" lon="15.12995">
        <ele>353</ele>
        <time>2025-03-28T16:35:45Z</time>
      </trkpt>
      <trkpt lat="50.04926666666667" lon="15.1298">
        <ele>354</ele>
        <time>2025-03-28T16:35:46Z</time>
      </trkpt>
      <trkpt lat="50.04935" lon="15.129666666666667">
        <ele>355</ele>
        <time>2025-03-28T16:35:47Z</time>
      </trkpt>
      <trkpt lat="50.04943333333333" lon="15.129533333333333">
        <ele>355</ele>
        <time>2025-03-28T16:35:48Z</time>
      </trkpt>
      <trkpt lat="50.049533333333336" lon="15.1294">
        <ele>356</ele>
        <time>2025-03-28T16:35:49Z</time>
      </trkpt>
      <trkpt lat="50.0496" lon="15.12925">
        <ele>357</ele>
        <time>2025-03-28T16:35:50Z</time>
      </trkpt>
      <trkpt lat="50.049683333333334" lon="15.1291">
        <ele>357</ele>
        <time>2025-03-28T16:35:51Z</time>
      </trkpt>
      <trkpt lat="50.04975" lon="15.128966666666667">
        <ele>358</ele>
        <time>2025-03-28T16:35:52Z</time>
      </trkpt>
      <trkpt lat="50.04983333333333" lon="15.128833333333333">
        <ele>359</ele>
        <time>2025-03-28T16:35:53Z</time>
      </trkpt>
      <trkpt lat="50.04991666666667" lon="15.1287">
        <ele>360</ele>
        <time>2025-03-28T16:35:54Z</time>
      </trkpt>
      <trkpt lat="50.05" lon="15.12855">
        <ele>360</ele>
        <time>2025-03-28T16:35:55Z</time>
      </trkpt>
      <trkpt lat="50.05008333333333" lon="15.128416666666666">
        <ele>361</ele>
        <time>2025-03-28T16:35:56Z</time>
      </trkpt>
      <trkpt lat="50.05015" lon="15.128283333333334">
        <ele>361</ele>
        <time>2025-03-28T16:35:57Z</time>
      </trkpt>
      <trkpt lat="50.050216666666664" lon="15.128166666666667">
        <ele>361</ele>
        <time>2025-03-28T16:35:58Z</time>
      </trkpt>
      <trkpt lat="50.0503" lon="15.128033333333333">
        <ele>362</ele>
        <time>2025-03-28T16:35:59Z</time>
      </trkpt>
      <trkpt lat="50.05036666666667" lon="15.127883333333333">
        <ele>361</ele>
        <time>2025-03-28T16:36:00Z</time>
      </trkpt>
      <trkpt lat="50.05045" lon="15.127733333333333">
        <ele>361</ele>
        <time>2025-03-28T16:36:01Z</time>
      </trkpt>
      <trkpt lat="50.050533333333334" lon="15.127583333333334">
        <ele>361</ele>
        <time>2025-03-28T16:36:02Z</time>
      </trkpt>
      <trkpt lat="50.05061666666667" lon="15.12745">
        <ele>361</ele>
        <time>2025-03-28T16:36:03Z</time>
      </trkpt>
      <trkpt lat="50.05068333333333" lon="15.127316666666667">
        <ele>362</ele>
        <time>2025-03-28T16:36:04Z</time>
      </trkpt>
      <trkpt lat="50.05076666666667" lon="15.127183333333333">
        <ele>362</ele>
        <time>2025-03-28T16:36:05Z</time>
      </trkpt>
      <trkpt lat="50.05083333333334" lon="15.12705">
        <ele>363</ele>
        <time>2025-03-28T16:36:06Z</time>
      </trkpt>
      <trkpt lat="50.050916666666666" lon="15.1269">
        <ele>364</ele>
        <time>2025-03-28T16:36:07Z</time>
      </trkpt>
      <trkpt lat="50.050983333333335" lon="15.12675">
        <ele>364</ele>
        <time>2025-03-28T16:36:08Z</time>
      </trkpt>
      <trkpt lat="50.051066666666664" lon="15.1266">
        <ele>364</ele>
        <time>2025-03-28T16:36:09Z</time>
      </trkpt>
      <trkpt lat="50.05115" lon="15.12645">
        <ele>364</ele>
        <time>2025-03-28T16:36:10Z</time>
      </trkpt>
      <trkpt lat="50.05121666666667" lon="15.1263">
        <ele>364</ele>
        <time>2025-03-28T16:36:11Z</time>
      </trkpt>
      <trkpt lat="50.05128333333333" lon="15.12615">
        <ele>365</ele>
        <time>2025-03-28T16:36:12Z</time>
      </trkpt>
      <trkpt lat="50.05133333333333" lon="15.126">
        <ele>365</ele>
        <time>2025-03-28T16:36:13Z</time>
      </trkpt>
      <trkpt lat="50.0514" lon="15.12585">
        <ele>366</ele>
        <time>2025-03-28T16:36:14Z</time>
      </trkpt>
      <trkpt lat="50.05145" lon="15.1257">
        <ele>367</ele>
        <time>2025-03-28T16:36:15Z</time>
      </trkpt>
      <trkpt lat="50.051516666666664" lon="15.12555">
        <ele>367</ele>
        <time>2025-03-28T16:36:16Z</time>
      </trkpt>
      <trkpt lat="50.05158333333333" lon="15.125383333333334">
        <ele>367</ele>
        <time>2025-03-28T16:36:17Z</time>
      </trkpt>
      <trkpt lat="50.05165" lon="15.125216666666667">
        <ele>367</ele>
        <time>2025-03-28T16:36:18Z</time>
      </trkpt>
      <trkpt lat="50.05173333333333" lon="15.12505">
        <ele>366</ele>
        <time>2025-03-28T16:36:19Z</time>
      </trkpt>
      <trkpt lat="50.0518" lon="15.1249">
        <ele>366</ele>
        <time>2025-03-28T16:36:20Z</time>
      </trkpt>
      <trkpt lat="50.051883333333336" lon="15.12475">
        <ele>367</ele>
        <time>2025-03-28T16:36:21Z</time>
      </trkpt>
      <trkpt lat="50.051966666666665" lon="15.1246">
        <ele>367</ele>
        <time>2025-03-28T16:36:22Z</time>
      </trkpt>
      <trkpt lat="50.052033333333334" lon="15.124433333333334">
        <ele>368</ele>
        <time>2025-03-28T16:36:23Z</time>
      </trkpt>
      <trkpt lat="50.0521" lon="15.124266666666667">
        <ele>367</ele>
        <time>2025-03-28T16:36:24Z</time>
      </trkpt>
      <trkpt lat="50.052166666666665" lon="15.124083333333333">
        <ele>367</ele>
        <time>2025-03-28T16:36:25Z</time>
      </trkpt>
      <trkpt lat="50.05225" lon="15.1239">
        <ele>366</ele>
        <time>2025-03-28T16:36:26Z</time>
      </trkpt>
      <trkpt lat="50.05231666666667" lon="15.1237">
        <ele>365</ele>
        <time>2025-03-28T16:36:27Z</time>
      </trkpt>
      <trkpt lat="50.05238333333333" lon="15.1235">
        <ele>364</ele>
        <time>2025-03-28T16:36:28Z</time>
      </trkpt>
      <trkpt lat="50.05243333333333" lon="15.123316666666666">
        <ele>363</ele>
        <time>2025-03-28T16:36:29Z</time>
      </trkpt>
      <trkpt lat="50.0525" lon="15.123116666666666">
        <ele>362</ele>
        <time>2025-03-28T16:36:30Z</time>
      </trkpt>
      <trkpt lat="50.052566666666664" lon="15.122916666666667">
        <ele>361</ele>
        <time>2025-03-28T16:36:31Z</time>
      </trkpt>
      <trkpt lat="50.05263333333333" lon="15.12275">
        <ele>362</ele>
        <time>2025-03-28T16:36:32Z</time>
      </trkpt>
      <trkpt lat="50.0527" lon="15.1226">
        <ele>362</ele>
        <time>2025-03-28T16:36:33Z</time>
      </trkpt>
      <trkpt lat="50.05278333333333" lon="15.122433333333333">
        <ele>363</ele>
        <time>2025-03-28T16:36:34Z</time>
      </trkpt>
      <trkpt lat="50.05283333333333" lon="15.122283333333334">
        <ele>364</ele>
        <time>2025-03-28T16:36:35Z</time>
      </trkpt>
      <trkpt lat="50.05286666666667" lon="15.122116666666667">
        <ele>364</ele>
        <time>2025-03-28T16:36:36Z</time>
      </trkpt>
      <trkpt lat="50.05291666666667" lon="15.12195">
        <ele>364</ele>
        <time>2025-03-28T16:36:37Z</time>
      </trkpt>
      <trkpt lat="50.05296666666667" lon="15.1218">
        <ele>364</ele>
        <time>2025-03-28T16:36:38Z</time>
      </trkpt>
      <trkpt lat="50.05303333333333" lon="15.12165">
        <ele>364</ele>
        <time>2025-03-28T16:36:39Z</time>
      </trkpt>
      <trkpt lat="50.05311666666667" lon="15.1215">
        <ele>364</ele>
        <time>2025-03-28T16:36:40Z</time>
      </trkpt>
      <trkpt lat="50.05318333333334" lon="15.121366666666667">
        <ele>364</ele>
        <time>2025-03-28T16:36:41Z</time>
      </trkpt>
      <trkpt lat="50.05325" lon="15.121216666666667">
        <ele>364</ele>
        <time>2025-03-28T16:36:42Z</time>
      </trkpt>
      <trkpt lat="50.053333333333335" lon="15.121083333333333">
        <ele>365</ele>
        <time>2025-03-28T16:36:43Z</time>
      </trkpt>
      <trkpt lat="50.0534" lon="15.120933333333333">
        <ele>365</ele>
        <time>2025-03-28T16:36:44Z</time>
      </trkpt>
      <trkpt lat="50.05345" lon="15.120783333333334">
        <ele>365</ele>
        <time>2025-03-28T16:36:45Z</time>
      </trkpt>
      <trkpt lat="50.05351666666667" lon="15.120633333333334">
        <ele>365</ele>
        <time>2025-03-28T16:36:46Z</time>
      </trkpt>
      <trkpt lat="50.053583333333336" lon="15.120466666666667">
        <ele>365</ele>
        <time>2025-03-28T16:36:47Z</time>
      </trkpt>
      <trkpt lat="50.05363333333333" lon="15.120316666666668">
        <ele>365</ele>
        <time>2025-03-28T16:36:48Z</time>
      </trkpt>
      <trkpt lat="50.05368333333333" lon="15.12015">
        <ele>366</ele>
        <time>2025-03-28T16:36:49Z</time>
      </trkpt>
      <trkpt lat="50.053733333333334" lon="15.12">
        <ele>366</ele>
        <time>2025-03-28T16:36:50Z</time>
      </trkpt>
      <trkpt lat="50.053783333333335" lon="15.11985">
        <ele>367</ele>
        <time>2025-03-28T16:36:51Z</time>
      </trkpt>
      <trkpt lat="50.05383333333333" lon="15.1197">
        <ele>367</ele>
        <time>2025-03-28T16:36:52Z</time>
      </trkpt>
      <trkpt lat="50.05388333333333" lon="15.119533333333333">
        <ele>366</ele>
        <time>2025-03-28T16:36:53Z</time>
      </trkpt>
      <trkpt lat="50.05395" lon="15.119366666666666">
        <ele>366</ele>
        <time>2025-03-28T16:36:54Z</time>
      </trkpt>
      <trkpt lat="50.054" lon="15.1192">
        <ele>365</ele>
        <time>2025-03-28T16:36:55Z</time>
      </trkpt>
      <trkpt lat="50.05405" lon="15.119">
        <ele>363</ele>
        <time>2025-03-28T16:36:56Z</time>
      </trkpt>
      <trkpt lat="50.0541" lon="15.118833333333333">
        <ele>362</ele>
        <time>2025-03-28T16:36:57Z</time>
      </trkpt>
      <trkpt lat="50.05416666666667" lon="15.11865">
        <ele>361</ele>
        <time>2025-03-28T16:36:58Z</time>
      </trkpt>
      <trkpt lat="50.05421666666667" lon="15.1185">
        <ele>360</ele>
        <time>2025-03-28T16:36:59Z</time>
      </trkpt>
      <trkpt lat="50.05428333333333" lon="15.118316666666667">
        <ele>359</ele>
        <time>2025-03-28T16:37:00Z</time>
      </trkpt>
      <trkpt lat="50.05433333333333" lon="15.11815">
        <ele>358</ele>
        <time>2025-03-28T16:37:01Z</time>
      </trkpt>
      <trkpt lat="50.0544" lon="15.117966666666666">
        <ele>357</ele>
        <time>2025-03-28T16:37:02Z</time>
      </trkpt>
      <trkpt lat="50.05446666666667" lon="15.1178">
        <ele>357</ele>
        <time>2025-03-28T16:37:03Z</time>
      </trkpt>
      <trkpt lat="50.05453333333333" lon="15.117616666666667">
        <ele>357</ele>
        <time>2025-03-28T16:37:04Z</time>
      </trkpt>
      <trkpt lat="50.0546" lon="15.117466666666667">
        <ele>358</ele>
        <time>2025-03-28T16:37:05Z</time>
      </trkpt>
      <trkpt lat="50.05466666666667" lon="15.1173">
        <ele>359</ele>
        <time>2025-03-28T16:37:06Z</time>
      </trkpt>
      <trkpt lat="50.054716666666664" lon="15.117133333333333">
        <ele>360</ele>
        <time>2025-03-28T16:37:07Z</time>
      </trkpt>
      <trkpt lat="50.054766666666666" lon="15.116966666666666">
        <ele>361</ele>
        <time>2025-03-28T16:37:08Z</time>
      </trkpt>
      <trkpt lat="50.05481666666667" lon="15.1168">
        <ele>362</ele>
        <time>2025-03-28T16:37:09Z</time>
      </trkpt>
      <trkpt lat="50.05486666666667" lon="15.116633333333333">
        <ele>362</ele>
        <time>2025-03-28T16:37:10Z</time>
      </trkpt>
      <trkpt lat="50.05493333333333" lon="15.116466666666666">
        <ele>363</ele>
        <time>2025-03-28T16:37:11Z</time>
      </trkpt>
      <trkpt lat="50.055" lon="15.1163">
        <ele>363</ele>
        <time>2025-03-28T16:37:12Z</time>
      </trkpt>
      <trkpt lat="50.05506666666667" lon="15.116133333333334">
        <ele>363</ele>
        <time>2025-03-28T16:37:13Z</time>
      </trkpt>
      <trkpt lat="50.05513333333333" lon="15.115966666666667">
        <ele>363</ele>
        <time>2025-03-28T16:37:14Z</time>
      </trkpt>
      <trkpt lat="50.05521666666667" lon="15.1158">
        <ele>363</ele>
        <time>2025-03-28T16:37:15Z</time>
      </trkpt>
      <trkpt lat="50.055283333333335" lon="15.115633333333333">
        <ele>364</ele>
        <time>2025-03-28T16:37:16Z</time>
      </trkpt>
      <trkpt lat="50.05533333333333" lon="15.115466666666666">
        <ele>365</ele>
        <time>2025-03-28T16:37:17Z</time>
      </trkpt>
      <trkpt lat="50.0554" lon="15.1153">
        <ele>365</ele>
        <time>2025-03-28T16:37:18Z</time>
      </trkpt>
      <trkpt lat="50.05545" lon="15.11515">
        <ele>366</ele>
        <time>2025-03-28T16:37:19Z</time>
      </trkpt>
      <trkpt lat="50.0555" lon="15.114983333333333">
        <ele>366</ele>
        <time>2025-03-28T16:37:20Z</time>
      </trkpt>
      <trkpt lat="50.05555" lon="15.114816666666666">
        <ele>367</ele>
        <time>2025-03-28T16:37:21Z</time>
      </trkpt>
      <trkpt lat="50.0556" lon="15.11465">
        <ele>367</ele>
        <time>2025-03-28T16:37:22Z</time>
      </trkpt>
      <trkpt lat="50.05563333333333" lon="15.11445">
        <ele>368</ele>
        <time>2025-03-28T16:37:23Z</time>
      </trkpt>
      <trkpt lat="50.05566666666667" lon="15.114266666666667">
        <ele>368</ele>
        <time>2025-03-28T16:37:24Z</time>
      </trkpt>
      <trkpt lat="50.0557" lon="15.114083333333333">
        <ele>369</ele>
        <time>2025-03-28T16:37:25Z</time>
      </trkpt>
      <trkpt lat="50.05571666666667" lon="15.113916666666666">
        <ele>370</ele>
        <time>2025-03-28T16:37:26Z</time>
      </trkpt>
      <trkpt lat="50.055733333333336" lon="15.113733333333334">
        <ele>370</ele>
        <time>2025-03-28T16:37:27Z</time>
      </trkpt>
      <trkpt lat="50.05575" lon="15.11355">
        <ele>371</ele>
        <time>2025-03-28T16:37:28Z</time>
      </trkpt>
      <trkpt lat="50.05576666666666" lon="15.113366666666666">
        <ele>372</ele>
        <time>2025-03-28T16:37:29Z</time>
      </trkpt>
      <trkpt lat="50.05576666666666" lon="15.113183333333334">
        <ele>372</ele>
        <time>2025-03-28T16:37:30Z</time>
      </trkpt>
      <trkpt lat="50.05576666666666" lon="15.113016666666667">
        <ele>374</ele>
        <time>2025-03-28T16:37:31Z</time>
      </trkpt>
      <trkpt lat="50.0558" lon="15.11285">
        <ele>375</ele>
        <time>2025-03-28T16:37:32Z</time>
      </trkpt>
      <trkpt lat="50.055816666666665" lon="15.112683333333333">
        <ele>376</ele>
        <time>2025-03-28T16:37:33Z</time>
      </trkpt>
      <trkpt lat="50.05585" lon="15.112516666666666">
        <ele>378</ele>
        <time>2025-03-28T16:37:34Z</time>
      </trkpt>
      <trkpt lat="50.05586666666667" lon="15.112366666666667">
        <ele>379</ele>
        <time>2025-03-28T16:37:35Z</time>
      </trkpt>
      <trkpt lat="50.0559" lon="15.1122">
        <ele>380</ele>
        <time>2025-03-28T16:37:36Z</time>
      </trkpt>
      <trkpt lat="50.05591666666667" lon="15.112033333333333">
        <ele>381</ele>
        <time>2025-03-28T16:37:37Z</time>
      </trkpt>
      <trkpt lat="50.05595" lon="15.111866666666666">
        <ele>382</ele>
        <time>2025-03-28T16:37:38Z</time>
      </trkpt>
      <trkpt lat="50.05598333333333" lon="15.1117">
        <ele>383</ele>
        <time>2025-03-28T16:37:39Z</time>
      </trkpt>
      <trkpt lat="50.056" lon="15.111533333333334">
        <ele>383</ele>
        <time>2025-03-28T16:37:40Z</time>
      </trkpt>
      <trkpt lat="50.05603333333333" lon="15.111383333333333">
        <ele>383</ele>
        <time>2025-03-28T16:37:41Z</time>
      </trkpt>
      <trkpt lat="50.056066666666666" lon="15.111216666666667">
        <ele>384</ele>
        <time>2025-03-28T16:37:42Z</time>
      </trkpt>
      <trkpt lat="50.0561" lon="15.11105">
        <ele>385</ele>
        <time>2025-03-28T16:37:43Z</time>
      </trkpt>
      <trkpt lat="50.05611666666667" lon="15.110883333333334">
        <ele>385</ele>
        <time>2025-03-28T16:37:44Z</time>
      </trkpt>
      <trkpt lat="50.05615" lon="15.110716666666667">
        <ele>386</ele>
        <time>2025-03-28T16:37:45Z</time>
      </trkpt>
      <trkpt lat="50.05616666666667" lon="15.11055">
        <ele>387</ele>
        <time>2025-03-28T16:37:46Z</time>
      </trkpt>
      <trkpt lat="50.0562" lon="15.110383333333333">
        <ele>388</ele>
        <time>2025-03-28T16:37:47Z</time>
      </trkpt>
      <trkpt lat="50.05623333333333" lon="15.110216666666666">
        <ele>388</ele>
        <time>2025-03-28T16:37:48Z</time>
      </trkpt>
      <trkpt lat="50.05625" lon="15.110083333333334">
        <ele>389</ele>
        <time>2025-03-28T16:37:49Z</time>
      </trkpt>
      <trkpt lat="50.05628333333333" lon="15.109916666666667">
        <ele>389</ele>
        <time>2025-03-28T16:37:50Z</time>
      </trkpt>
      <trkpt lat="50.05631666666667" lon="15.109766666666667">
        <ele>390</ele>
        <time>2025-03-28T16:37:51Z</time>
      </trkpt>
      <trkpt lat="50.05635" lon="15.1096">
        <ele>390</ele>
        <time>2025-03-28T16:37:52Z</time>
      </trkpt>
      <trkpt lat="50.0564" lon="15.109416666666666">
        <ele>390</ele>
        <time>2025-03-28T16:37:53Z</time>
      </trkpt>
      <trkpt lat="50.05643333333333" lon="15.10925">
        <ele>390</ele>
        <time>2025-03-28T16:37:54Z</time>
      </trkpt>
      <trkpt lat="50.05645" lon="15.109083333333333">
        <ele>390</ele>
        <time>2025-03-28T16:37:55Z</time>
      </trkpt>
      <trkpt lat="50.056466666666665" lon="15.108916666666667">
        <ele>390</ele>
        <time>2025-03-28T16:37:56Z</time>
      </trkpt>
      <trkpt lat="50.05648333333333" lon="15.108766666666666">
        <ele>391</ele>
        <time>2025-03-28T16:37:57Z</time>
      </trkpt>
      <trkpt lat="50.05651666666667" lon="15.1086">
        <ele>391</ele>
        <time>2025-03-28T16:37:58Z</time>
      </trkpt>
      <trkpt lat="50.05655" lon="15.108433333333334">
        <ele>392</ele>
        <time>2025-03-28T16:37:59Z</time>
      </trkpt>
      <trkpt lat="50.05656666666667" lon="15.108266666666667">
        <ele>392</ele>
        <time>2025-03-28T16:38:00Z</time>
      </trkpt>
      <trkpt lat="50.056583333333336" lon="15.1081">
        <ele>393</ele>
        <time>2025-03-28T16:38:01Z</time>
      </trkpt>
      <trkpt lat="50.0566" lon="15.107933333333333">
        <ele>393</ele>
        <time>2025-03-28T16:38:02Z</time>
      </trkpt>
      <trkpt lat="50.05663333333333" lon="15.107783333333334">
        <ele>394</ele>
        <time>2025-03-28T16:38:03Z</time>
      </trkpt>
      <trkpt lat="50.056666666666665" lon="15.107616666666667">
        <ele>395</ele>
        <time>2025-03-28T16:38:04Z</time>
      </trkpt>
      <trkpt lat="50.05668333333333" lon="15.107466666666667">
        <ele>396</ele>
        <time>2025-03-28T16:38:05Z</time>
      </trkpt>
      <trkpt lat="50.05671666666667" lon="15.107283333333333">
        <ele>396</ele>
        <time>2025-03-28T16:38:06Z</time>
      </trkpt>
      <trkpt lat="50.05671666666667" lon="15.107116666666666">
        <ele>396</ele>
        <time>2025-03-28T16:38:07Z</time>
      </trkpt>
      <trkpt lat="50.056733333333334" lon="15.106966666666667">
        <ele>396</ele>
        <time>2025-03-28T16:38:08Z</time>
      </trkpt>
      <trkpt lat="50.05675" lon="15.1068">
        <ele>397</ele>
        <time>2025-03-28T16:38:09Z</time>
      </trkpt>
      <trkpt lat="50.05676666666667" lon="15.106633333333333">
        <ele>397</ele>
        <time>2025-03-28T16:38:10Z</time>
      </trkpt>
      <trkpt lat="50.0568" lon="15.106466666666666">
        <ele>397</ele>
        <time>2025-03-28T16:38:11Z</time>
      </trkpt>
      <trkpt lat="50.05683333333333" lon="15.106316666666666">
        <ele>398</ele>
        <time>2025-03-28T16:38:12Z</time>
      </trkpt>
      <trkpt lat="50.056866666666664" lon="15.106166666666667">
        <ele>398</ele>
        <time>2025-03-28T16:38:13Z</time>
      </trkpt>
      <trkpt lat="50.056916666666666" lon="15.106016666666667">
        <ele>398</ele>
        <time>2025-03-28T16:38:14Z</time>
      </trkpt>
      <trkpt lat="50.05695" lon="15.10585">
        <ele>398</ele>
        <time>2025-03-28T16:38:15Z</time>
      </trkpt>
      <trkpt lat="50.057" lon="15.1057">
        <ele>398</ele>
        <time>2025-03-28T16:38:16Z</time>
      </trkpt>
      <trkpt lat="50.057066666666664" lon="15.105533333333334">
        <ele>398</ele>
        <time>2025-03-28T16:38:17Z</time>
      </trkpt>
      <trkpt lat="50.057116666666666" lon="15.105366666666667">
        <ele>398</ele>
        <time>2025-03-28T16:38:18Z</time>
      </trkpt>
      <trkpt lat="50.05716666666667" lon="15.1052">
        <ele>399</ele>
        <time>2025-03-28T16:38:19Z</time>
      </trkpt>
      <trkpt lat="50.05721666666667" lon="15.10505">
        <ele>399</ele>
        <time>2025-03-28T16:38:20Z</time>
      </trkpt>
      <trkpt lat="50.05728333333333" lon="15.104883333333333">
        <ele>399</ele>
        <time>2025-03-28T16:38:21Z</time>
      </trkpt>
      <trkpt lat="50.05733333333333" lon="15.104733333333334">
        <ele>400</ele>
        <time>2025-03-28T16:38:22Z</time>
      </trkpt>
      <trkpt lat="50.057383333333334" lon="15.104566666666667">
        <ele>400</ele>
        <time>2025-03-28T16:38:23Z</time>
      </trkpt>
      <trkpt lat="50.057433333333336" lon="15.1044">
        <ele>401</ele>
        <time>2025-03-28T16:38:24Z</time>
      </trkpt>
      <trkpt lat="50.05748333333333" lon="15.104233333333333">
        <ele>401</ele>
        <time>2025-03-28T16:38:25Z</time>
      </trkpt>
      <trkpt lat="50.05755" lon="15.104083333333334">
        <ele>402</ele>
        <time>2025-03-28T16:38:26Z</time>
      </trkpt>
      <trkpt lat="50.05761666666667" lon="15.103933333333334">
        <ele>403</ele>
        <time>2025-03-28T16:38:27Z</time>
      </trkpt>
      <trkpt lat="50.05768333333334" lon="15.103783333333332">
        <ele>403</ele>
        <time>2025-03-28T16:38:28Z</time>
      </trkpt>
      <trkpt lat="50.05775" lon="15.103616666666667">
        <ele>404</ele>
        <time>2025-03-28T16:38:29Z</time>
      </trkpt>
      <trkpt lat="50.05781666666667" lon="15.103466666666666">
        <ele>404</ele>
        <time>2025-03-28T16:38:30Z</time>
      </trkpt>
      <trkpt lat="50.05786666666667" lon="15.1033">
        <ele>404</ele>
        <time>2025-03-28T16:38:31Z</time>
      </trkpt>
      <trkpt lat="50.05793333333333" lon="15.10315">
        <ele>404</ele>
        <time>2025-03-28T16:38:32Z</time>
      </trkpt>
      <trkpt lat="50.058" lon="15.103016666666667">
        <ele>404</ele>
        <time>2025-03-28T16:38:33Z</time>
      </trkpt>
      <trkpt lat="50.05806666666667" lon="15.102866666666667">
        <ele>404</ele>
        <time>2025-03-28T16:38:34Z</time>
      </trkpt>
      <trkpt lat="50.05815" lon="15.102733333333333">
        <ele>404</ele>
        <time>2025-03-28T16:38:35Z</time>
      </trkpt>
      <trkpt lat="50.058233333333334" lon="15.102616666666666">
        <ele>404</ele>
        <time>2025-03-28T16:38:36Z</time>
      </trkpt>
      <trkpt lat="50.0583" lon="15.102483333333334">
        <ele>405</ele>
        <time>2025-03-28T16:38:37Z</time>
      </trkpt>
      <trkpt lat="50.05838333333333" lon="15.102366666666667">
        <ele>405</ele>
        <time>2025-03-28T16:38:38Z</time>
      </trkpt>
      <trkpt lat="50.05846666666667" lon="15.102233333333333">
        <ele>404</ele>
        <time>2025-03-28T16:38:39Z</time>
      </trkpt>
      <trkpt lat="50.05853333333334" lon="15.1021">
        <ele>403</ele>
        <time>2025-03-28T16:38:40Z</time>
      </trkpt>
      <trkpt lat="50.05863333333333" lon="15.10195">
        <ele>402</ele>
        <time>2025-03-28T16:38:41Z</time>
      </trkpt>
      <trkpt lat="50.05871666666667" lon="15.101816666666666">
        <ele>402</ele>
        <time>2025-03-28T16:38:42Z</time>
      </trkpt>
      <trkpt lat="50.0588" lon="15.101683333333334">
        <ele>401</ele>
        <time>2025-03-28T16:38:43Z</time>
      </trkpt>
      <trkpt lat="50.058883333333334" lon="15.101566666666667">
        <ele>400</ele>
        <time>2025-03-28T16:38:44Z</time>
      </trkpt>
      <trkpt lat="50.05896666666667" lon="15.10145">
        <ele>400</ele>
        <time>2025-03-28T16:38:45Z</time>
      </trkpt>
      <trkpt lat="50.05905" lon="15.10135">
        <ele>399</ele>
        <time>2025-03-28T16:38:46Z</time>
      </trkpt>
      <trkpt lat="50.05915" lon="15.101233333333333">
        <ele>398</ele>
        <time>2025-03-28T16:38:47Z</time>
      </trkpt>
      <trkpt lat="50.05925" lon="15.101133333333333">
        <ele>397</ele>
        <time>2025-03-28T16:38:48Z</time>
      </trkpt>
      <trkpt lat="50.05938333333334" lon="15.10105">
        <ele>396</ele>
        <time>2025-03-28T16:38:49Z</time>
      </trkpt>
      <trkpt lat="50.05948333333333" lon="15.100983333333334">
        <ele>397</ele>
        <time>2025-03-28T16:38:50Z</time>
      </trkpt>
      <trkpt lat="50.0596" lon="15.1009">
        <ele>398</ele>
        <time>2025-03-28T16:38:51Z</time>
      </trkpt>
      <trkpt lat="50.0597" lon="15.100833333333334">
        <ele>398</ele>
        <time>2025-03-28T16:38:52Z</time>
      </trkpt>
      <trkpt lat="50.059783333333336" lon="15.10075">
        <ele>399</ele>
        <time>2025-03-28T16:38:53Z</time>
      </trkpt>
      <trkpt lat="50.05988333333333" lon="15.100666666666667">
        <ele>400</ele>
        <time>2025-03-28T16:38:54Z</time>
      </trkpt>
      <trkpt lat="50.06" lon="15.100583333333333">
        <ele>400</ele>
        <time>2025-03-28T16:38:55Z</time>
      </trkpt>
      <trkpt lat="50.06008333333333" lon="15.100483333333333">
        <ele>400</ele>
        <time>2025-03-28T16:38:56Z</time>
      </trkpt>
      <trkpt lat="50.060183333333335" lon="15.100383333333333">
        <ele>401</ele>
        <time>2025-03-28T16:38:57Z</time>
      </trkpt>
      <trkpt lat="50.06028333333333" lon="15.100266666666666">
        <ele>401</ele>
        <time>2025-03-28T16:38:58Z</time>
      </trkpt>
      <trkpt lat="50.060383333333334" lon="15.10015">
        <ele>401</ele>
        <time>2025-03-28T16:38:59Z</time>
      </trkpt>
      <trkpt lat="50.06046666666667" lon="15.100033333333334">
        <ele>402</ele>
        <time>2025-03-28T16:39:00Z</time>
      </trkpt>
      <trkpt lat="50.060566666666666" lon="15.099933333333333">
        <ele>403</ele>
        <time>2025-03-28T16:39:01Z</time>
      </trkpt>
      <trkpt lat="50.06065" lon="15.099816666666667">
        <ele>403</ele>
        <time>2025-03-28T16:39:02Z</time>
      </trkpt>
      <trkpt lat="50.06075" lon="15.0997">
        <ele>403</ele>
        <time>2025-03-28T16:39:03Z</time>
      </trkpt>
      <trkpt lat="50.060833333333335" lon="15.099583333333333">
        <ele>404</ele>
        <time>2025-03-28T16:39:04Z</time>
      </trkpt>
      <trkpt lat="50.060916666666664" lon="15.09945">
        <ele>404</ele>
        <time>2025-03-28T16:39:05Z</time>
      </trkpt>
      <trkpt lat="50.061" lon="15.099316666666667">
        <ele>405</ele>
        <time>2025-03-28T16:39:06Z</time>
      </trkpt>
      <trkpt lat="50.061083333333336" lon="15.0992">
        <ele>405</ele>
        <time>2025-03-28T16:39:07Z</time>
      </trkpt>
      <trkpt lat="50.06118333333333" lon="15.099083333333333">
        <ele>405</ele>
        <time>2025-03-28T16:39:08Z</time>
      </trkpt>
      <trkpt lat="50.06126666666667" lon="15.098966666666668">
        <ele>406</ele>
        <time>2025-03-28T16:39:09Z</time>
      </trkpt>
      <trkpt lat="50.061366666666665" lon="15.098833333333333">
        <ele>406</ele>
        <time>2025-03-28T16:39:10Z</time>
      </trkpt>
      <trkpt lat="50.06143333333333" lon="15.0987">
        <ele>406</ele>
        <time>2025-03-28T16:39:11Z</time>
      </trkpt>
      <trkpt lat="50.06151666666667" lon="15.098566666666667">
        <ele>406</ele>
        <time>2025-03-28T16:39:12Z</time>
      </trkpt>
      <trkpt lat="50.0616" lon="15.09845">
        <ele>406</ele>
        <time>2025-03-28T16:39:13Z</time>
      </trkpt>
      <trkpt lat="50.061683333333335" lon="15.098316666666667">
        <ele>406</ele>
        <time>2025-03-28T16:39:14Z</time>
      </trkpt>
      <trkpt lat="50.061766666666664" lon="15.098183333333333">
        <ele>406</ele>
        <time>2025-03-28T16:39:15Z</time>
      </trkpt>
      <trkpt lat="50.06185" lon="15.09805">
        <ele>407</ele>
        <time>2025-03-28T16:39:16Z</time>
      </trkpt>
      <trkpt lat="50.06191666666667" lon="15.097916666666666">
        <ele>407</ele>
        <time>2025-03-28T16:39:17Z</time>
      </trkpt>
      <trkpt lat="50.062" lon="15.097783333333334">
        <ele>407</ele>
        <time>2025-03-28T16:39:18Z</time>
      </trkpt>
      <trkpt lat="50.062083333333334" lon="15.09765">
        <ele>407</ele>
        <time>2025-03-28T16:39:19Z</time>
      </trkpt>
      <trkpt lat="50.06218333333333" lon="15.097533333333333">
        <ele>408</ele>
        <time>2025-03-28T16:39:20Z</time>
      </trkpt>
      <trkpt lat="50.06225" lon="15.0974">
        <ele>408</ele>
        <time>2025-03-28T16:39:21Z</time>
      </trkpt>
      <trkpt lat="50.062333333333335" lon="15.097283333333333">
        <ele>409</ele>
        <time>2025-03-28T16:39:22Z</time>
      </trkpt>
      <trkpt lat="50.0624" lon="15.09715">
        <ele>409</ele>
        <time>2025-03-28T16:39:23Z</time>
      </trkpt>
      <trkpt lat="50.06248333333333" lon="15.097">
        <ele>409</ele>
        <time>2025-03-28T16:39:24Z</time>
      </trkpt>
      <trkpt lat="50.06256666666667" lon="15.096866666666667">
        <ele>409</ele>
        <time>2025-03-28T16:39:25Z</time>
      </trkpt>
      <trkpt lat="50.06265" lon="15.096716666666667">
        <ele>409</ele>
        <time>2025-03-28T16:39:26Z</time>
      </trkpt>
      <trkpt lat="50.06271666666667" lon="15.096566666666666">
        <ele>409</ele>
        <time>2025-03-28T16:39:27Z</time>
      </trkpt>
      <trkpt lat="50.062783333333336" lon="15.096416666666666">
        <ele>410</ele>
        <time>2025-03-28T16:39:28Z</time>
      </trkpt>
      <trkpt lat="50.06285" lon="15.096283333333334">
        <ele>410</ele>
        <time>2025-03-28T16:39:29Z</time>
      </trkpt>
      <trkpt lat="50.062916666666666" lon="15.096133333333333">
        <ele>411</ele>
        <time>2025-03-28T16:39:30Z</time>
      </trkpt>
      <trkpt lat="50.062983333333335" lon="15.096">
        <ele>411</ele>
        <time>2025-03-28T16:39:31Z</time>
      </trkpt>
      <trkpt lat="50.06305" lon="15.09585">
        <ele>412</ele>
        <time>2025-03-28T16:39:32Z</time>
      </trkpt>
      <trkpt lat="50.0631" lon="15.0957">
        <ele>412</ele>
        <time>2025-03-28T16:39:33Z</time>
      </trkpt>
      <trkpt lat="50.06315" lon="15.09555">
        <ele>411</ele>
        <time>2025-03-28T16:39:34Z</time>
      </trkpt>
      <trkpt lat="50.0632" lon="15.095383333333332">
        <ele>411</ele>
        <time>2025-03-28T16:39:35Z</time>
      </trkpt>
      <trkpt lat="50.063266666666664" lon="15.095233333333333">
        <ele>410</ele>
        <time>2025-03-28T16:39:36Z</time>
      </trkpt>
      <trkpt lat="50.06333333333333" lon="15.095083333333333">
        <ele>410</ele>
        <time>2025-03-28T16:39:37Z</time>
      </trkpt>
      <trkpt lat="50.0634" lon="15.094916666666666">
        <ele>410</ele>
        <time>2025-03-28T16:39:38Z</time>
      </trkpt>
      <trkpt lat="50.06346666666666" lon="15.094766666666667">
        <ele>410</ele>
        <time>2025-03-28T16:39:39Z</time>
      </trkpt>
      <trkpt lat="50.063516666666665" lon="15.094616666666667">
        <ele>411</ele>
        <time>2025-03-28T16:39:40Z</time>
      </trkpt>
      <trkpt lat="50.06356666666667" lon="15.094466666666667">
        <ele>411</ele>
        <time>2025-03-28T16:39:41Z</time>
      </trkpt>
      <trkpt lat="50.063633333333335" lon="15.094316666666666">
        <ele>412</ele>
        <time>2025-03-28T16:39:42Z</time>
      </trkpt>
      <trkpt lat="50.0637" lon="15.094166666666666">
        <ele>412</ele>
        <time>2025-03-28T16:39:43Z</time>
      </trkpt>
      <trkpt lat="50.06375" lon="15.094016666666667">
        <ele>413</ele>
        <time>2025-03-28T16:39:44Z</time>
      </trkpt>
      <trkpt lat="50.063833333333335" lon="15.09385">
        <ele>413</ele>
        <time>2025-03-28T16:39:45Z</time>
      </trkpt>
      <trkpt lat="50.06388333333334" lon="15.093683333333333">
        <ele>413</ele>
        <time>2025-03-28T16:39:46Z</time>
      </trkpt>
      <trkpt lat="50.06395" lon="15.093533333333333">
        <ele>414</ele>
        <time>2025-03-28T16:39:47Z</time>
      </trkpt>
      <trkpt lat="50.064" lon="15.093366666666666">
        <ele>414</ele>
        <time>2025-03-28T16:39:48Z</time>
      </trkpt>
      <trkpt lat="50.06406666666667" lon="15.093216666666667">
        <ele>415</ele>
        <time>2025-03-28T16:39:49Z</time>
      </trkpt>
      <trkpt lat="50.0641" lon="15.09305">
        <ele>415</ele>
        <time>2025-03-28T16:39:50Z</time>
      </trkpt>
      <trkpt lat="50.06415" lon="15.092883333333333">
        <ele>416</ele>
        <time>2025-03-28T16:39:51Z</time>
      </trkpt>
      <trkpt lat="50.0642" lon="15.092716666666666">
        <ele>416</ele>
        <time>2025-03-28T16:39:52Z</time>
      </trkpt>
      <trkpt lat="50.06425" lon="15.092566666666666">
        <ele>417</ele>
        <time>2025-03-28T16:39:53Z</time>
      </trkpt>
      <trkpt lat="50.064283333333336" lon="15.0924">
        <ele>417</ele>
        <time>2025-03-28T16:39:54Z</time>
      </trkpt>
      <trkpt lat="50.06433333333333" lon="15.092216666666667">
        <ele>417</ele>
        <time>2025-03-28T16:39:55Z</time>
      </trkpt>
      <trkpt lat="50.06438333333333" lon="15.09205">
        <ele>418</ele>
        <time>2025-03-28T16:39:56Z</time>
      </trkpt>
      <trkpt lat="50.064416666666666" lon="15.091883333333334">
        <ele>418</ele>
        <time>2025-03-28T16:39:57Z</time>
      </trkpt>
      <trkpt lat="50.06446666666667" lon="15.091716666666667">
        <ele>418</ele>
        <time>2025-03-28T16:39:58Z</time>
      </trkpt>
      <trkpt lat="50.06451666666667" lon="15.09155">
        <ele>419</ele>
        <time>2025-03-28T16:39:59Z</time>
      </trkpt>
      <trkpt lat="50.064566666666664" lon="15.091383333333333">
        <ele>419</ele>
        <time>2025-03-28T16:40:00Z</time>
      </trkpt>
      <trkpt lat="50.064616666666666" lon="15.091216666666666">
        <ele>419</ele>
        <time>2025-03-28T16:40:01Z</time>
      </trkpt>
      <trkpt lat="50.064683333333335" lon="15.09105">
        <ele>420</ele>
        <time>2025-03-28T16:40:02Z</time>
      </trkpt>
      <trkpt lat="50.06475" lon="15.0909">
        <ele>420</ele>
        <time>2025-03-28T16:40:03Z</time>
      </trkpt>
      <trkpt lat="50.064816666666665" lon="15.09075">
        <ele>420</ele>
        <time>2025-03-28T16:40:04Z</time>
      </trkpt>
      <trkpt lat="50.064883333333334" lon="15.090616666666667">
        <ele>421</ele>
        <time>2025-03-28T16:40:05Z</time>
      </trkpt>
      <trkpt lat="50.06496666666666" lon="15.0905">
        <ele>422</ele>
        <time>2025-03-28T16:40:06Z</time>
      </trkpt>
      <trkpt lat="50.06506666666667" lon="15.090383333333333">
        <ele>422</ele>
        <time>2025-03-28T16:40:07Z</time>
      </trkpt>
      <trkpt lat="50.06515" lon="15.090266666666666">
        <ele>423</ele>
        <time>2025-03-28T16:40:08Z</time>
      </trkpt>
      <trkpt lat="50.06525" lon="15.090133333333334">
        <ele>423</ele>
        <time>2025-03-28T16:40:09Z</time>
      </trkpt>
      <trkpt lat="50.065333333333335" lon="15.090016666666667">
        <ele>423</ele>
        <time>2025-03-28T16:40:10Z</time>
      </trkpt>
      <trkpt lat="50.06543333333333" lon="15.0899">
        <ele>424</ele>
        <time>2025-03-28T16:40:11Z</time>
      </trkpt>
      <trkpt lat="50.06551666666667" lon="15.0898">
        <ele>425</ele>
        <time>2025-03-28T16:40:12Z</time>
      </trkpt>
      <trkpt lat="50.0656" lon="15.089683333333333">
        <ele>426</ele>
        <time>2025-03-28T16:40:13Z</time>
      </trkpt>
      <trkpt lat="50.065666666666665" lon="15.089566666666666">
        <ele>426</ele>
        <time>2025-03-28T16:40:14Z</time>
      </trkpt>
      <trkpt lat="50.06575" lon="15.089433333333334">
        <ele>426</ele>
        <time>2025-03-28T16:40:15Z</time>
      </trkpt>
      <trkpt lat="50.06583333333333" lon="15.089283333333332">
        <ele>426</ele>
        <time>2025-03-28T16:40:16Z</time>
      </trkpt>
      <trkpt lat="50.0659" lon="15.08915">
        <ele>426</ele>
        <time>2025-03-28T16:40:17Z</time>
      </trkpt>
      <trkpt lat="50.065983333333335" lon="15.089">
        <ele>425</ele>
        <time>2025-03-28T16:40:18Z</time>
      </trkpt>
      <trkpt lat="50.066066666666664" lon="15.088883333333333">
        <ele>425</ele>
        <time>2025-03-28T16:40:19Z</time>
      </trkpt>
      <trkpt lat="50.06615" lon="15.088766666666666">
        <ele>426</ele>
        <time>2025-03-28T16:40:20Z</time>
      </trkpt>
      <trkpt lat="50.06625" lon="15.088666666666667">
        <ele>426</ele>
        <time>2025-03-28T16:40:21Z</time>
      </trkpt>
      <trkpt lat="50.06633333333333" lon="15.088566666666667">
        <ele>426</ele>
        <time>2025-03-28T16:40:22Z</time>
      </trkpt>
      <trkpt lat="50.066433333333336" lon="15.088466666666667">
        <ele>426</ele>
        <time>2025-03-28T16:40:23Z</time>
      </trkpt>
      <trkpt lat="50.06653333333333" lon="15.088366666666667">
        <ele>425</ele>
        <time>2025-03-28T16:40:24Z</time>
      </trkpt>
      <trkpt lat="50.06661666666667" lon="15.08825">
        <ele>425</ele>
        <time>2025-03-28T16:40:25Z</time>
      </trkpt>
      <trkpt lat="50.0667" lon="15.088133333333333">
        <ele>424</ele>
        <time>2025-03-28T16:40:26Z</time>
      </trkpt>
      <trkpt lat="50.06678333333333" lon="15.088016666666666">
        <ele>424</ele>
        <time>2025-03-28T16:40:27Z</time>
      </trkpt>
      <trkpt lat="50.06688333333334" lon="15.087883333333334">
        <ele>423</ele>
        <time>2025-03-28T16:40:28Z</time>
      </trkpt>
      <trkpt lat="50.066966666666666" lon="15.087766666666667">
        <ele>422</ele>
        <time>2025-03-28T16:40:29Z</time>
      </trkpt>
      <trkpt lat="50.06705" lon="15.08765">
        <ele>422</ele>
        <time>2025-03-28T16:40:30Z</time>
      </trkpt>
      <trkpt lat="50.067116666666664" lon="15.087516666666666">
        <ele>421</ele>
        <time>2025-03-28T16:40:31Z</time>
      </trkpt>
      <trkpt lat="50.0672" lon="15.087383333333333">
        <ele>420</ele>
        <time>2025-03-28T16:40:32Z</time>
      </trkpt>
      <trkpt lat="50.06726666666667" lon="15.087233333333334">
        <ele>419</ele>
        <time>2025-03-28T16:40:33Z</time>
      </trkpt>
      <trkpt lat="50.06733333333333" lon="15.0871">
        <ele>419</ele>
        <time>2025-03-28T16:40:34Z</time>
      </trkpt>
      <trkpt lat="50.06741666666667" lon="15.08695">
        <ele>418</ele>
        <time>2025-03-28T16:40:35Z</time>
      </trkpt>
      <trkpt lat="50.0675" lon="15.086816666666667">
        <ele>419</ele>
        <time>2025-03-28T16:40:36Z</time>
      </trkpt>
      <trkpt lat="50.06758333333333" lon="15.086666666666666">
        <ele>420</ele>
        <time>2025-03-28T16:40:37Z</time>
      </trkpt>
      <trkpt lat="50.06765" lon="15.086533333333334">
        <ele>420</ele>
        <time>2025-03-28T16:40:38Z</time>
      </trkpt>
      <trkpt lat="50.06771666666667" lon="15.086383333333334">
        <ele>421</ele>
        <time>2025-03-28T16:40:39Z</time>
      </trkpt>
      <trkpt lat="50.06778333333333" lon="15.086233333333332">
        <ele>421</ele>
        <time>2025-03-28T16:40:40Z</time>
      </trkpt>
      <trkpt lat="50.06786666666667" lon="15.0861">
        <ele>422</ele>
        <time>2025-03-28T16:40:41Z</time>
      </trkpt>
      <trkpt lat="50.06795" lon="15.08595">
        <ele>423</ele>
        <time>2025-03-28T16:40:42Z</time>
      </trkpt>
      <trkpt lat="50.06803333333333" lon="15.085816666666666">
        <ele>424</ele>
        <time>2025-03-28T16:40:43Z</time>
      </trkpt>
      <trkpt lat="50.0681" lon="15.085683333333334">
        <ele>424</ele>
        <time>2025-03-28T16:40:44Z</time>
      </trkpt>
      <trkpt lat="50.06818333333333" lon="15.08555">
        <ele>425</ele>
        <time>2025-03-28T16:40:45Z</time>
      </trkpt>
      <trkpt lat="50.06825" lon="15.085416666666667">
        <ele>425</ele>
        <time>2025-03-28T16:40:46Z</time>
      </trkpt>
      <trkpt lat="50.068333333333335" lon="15.085283333333333">
        <ele>425</ele>
        <time>2025-03-28T16:40:47Z</time>
      </trkpt>
      <trkpt lat="50.068416666666664" lon="15.08515">
        <ele>425</ele>
        <time>2025-03-28T16:40:48Z</time>
      </trkpt>
      <trkpt lat="50.06851666666667" lon="15.085033333333334">
        <ele>426</ele>
        <time>2025-03-28T16:40:49Z</time>
      </trkpt>
      <trkpt lat="50.0686" lon="15.0849">
        <ele>426</ele>
        <time>2025-03-28T16:40:50Z</time>
      </trkpt>
      <trkpt lat="50.068666666666665" lon="15.084766666666667">
        <ele>426</ele>
        <time>2025-03-28T16:40:51Z</time>
      </trkpt>
      <trkpt lat="50.06875" lon="15.084616666666667">
        <ele>427</ele>
        <time>2025-03-28T16:40:52Z</time>
      </trkpt>
      <trkpt lat="50.06881666666666" lon="15.0845">
        <ele>427</ele>
        <time>2025-03-28T16:40:53Z</time>
      </trkpt>
      <trkpt lat="50.06891666666667" lon="15.084366666666666">
        <ele>427</ele>
        <time>2025-03-28T16:40:54Z</time>
      </trkpt>
      <trkpt lat="50.069" lon="15.08425">
        <ele>427</ele>
        <time>2025-03-28T16:40:55Z</time>
      </trkpt>
      <trkpt lat="50.06908333333333" lon="15.084133333333334">
        <ele>426</ele>
        <time>2025-03-28T16:40:56Z</time>
      </trkpt>
      <trkpt lat="50.06916666666667" lon="15.084016666666667">
        <ele>426</ele>
        <time>2025-03-28T16:40:57Z</time>
      </trkpt>
      <trkpt lat="50.06925" lon="15.0839">
        <ele>425</ele>
        <time>2025-03-28T16:40:58Z</time>
      </trkpt>
      <trkpt lat="50.06935" lon="15.083783333333333">
        <ele>423</ele>
        <time>2025-03-28T16:40:59Z</time>
      </trkpt>
      <trkpt lat="50.06946666666666" lon="15.083683333333333">
        <ele>422</ele>
        <time>2025-03-28T16:41:00Z</time>
      </trkpt>
      <trkpt lat="50.06956666666667" lon="15.083616666666666">
        <ele>421</ele>
        <time>2025-03-28T16:41:01Z</time>
      </trkpt>
      <trkpt lat="50.06968333333333" lon="15.083566666666666">
        <ele>420</ele>
        <time>2025-03-28T16:41:02Z</time>
      </trkpt>
      <trkpt lat="50.06978333333333" lon="15.083516666666666">
        <ele>419</ele>
        <time>2025-03-28T16:41:03Z</time>
      </trkpt>
      <trkpt lat="50.06988333333334" lon="15.083466666666666">
        <ele>419</ele>
        <time>2025-03-28T16:41:04Z</time>
      </trkpt>
      <trkpt lat="50.07" lon="15.083383333333334">
        <ele>419</ele>
        <time>2025-03-28T16:41:05Z</time>
      </trkpt>
      <trkpt lat="50.070083333333336" lon="15.083283333333334">
        <ele>418</ele>
        <time>2025-03-28T16:41:06Z</time>
      </trkpt>
      <trkpt lat="50.07018333333333" lon="15.083166666666667">
        <ele>417</ele>
        <time>2025-03-28T16:41:07Z</time>
      </trkpt>
      <trkpt lat="50.070283333333336" lon="15.083033333333333">
        <ele>416</ele>
        <time>2025-03-28T16:41:08Z</time>
      </trkpt>
      <trkpt lat="50.070366666666665" lon="15.082916666666666">
        <ele>415</ele>
        <time>2025-03-28T16:41:09Z</time>
      </trkpt>
      <trkpt lat="50.07046666666667" lon="15.0828">
        <ele>415</ele>
        <time>2025-03-28T16:41:10Z</time>
      </trkpt>
      <trkpt lat="50.07055" lon="15.082683333333334">
        <ele>416</ele>
        <time>2025-03-28T16:41:11Z</time>
      </trkpt>
      <trkpt lat="50.07063333333333" lon="15.082566666666667">
        <ele>417</ele>
        <time>2025-03-28T16:41:12Z</time>
      </trkpt>
      <trkpt lat="50.0707" lon="15.082433333333332">
        <ele>417</ele>
        <time>2025-03-28T16:41:13Z</time>
      </trkpt>
      <trkpt lat="50.070766666666664" lon="15.0823">
        <ele>418</ele>
        <time>2025-03-28T16:41:14Z</time>
      </trkpt>
      <trkpt lat="50.07085" lon="15.082183333333333">
        <ele>418</ele>
        <time>2025-03-28T16:41:15Z</time>
      </trkpt>
      <trkpt lat="50.070933333333336" lon="15.082033333333333">
        <ele>418</ele>
        <time>2025-03-28T16:41:16Z</time>
      </trkpt>
      <trkpt lat="50.071" lon="15.0819">
        <ele>418</ele>
        <time>2025-03-28T16:41:17Z</time>
      </trkpt>
      <trkpt lat="50.07106666666667" lon="15.08175">
        <ele>418</ele>
        <time>2025-03-28T16:41:18Z</time>
      </trkpt>
      <trkpt lat="50.07111666666667" lon="15.0816">
        <ele>418</ele>
        <time>2025-03-28T16:41:19Z</time>
      </trkpt>
      <trkpt lat="50.07118333333333" lon="15.081466666666667">
        <ele>419</ele>
        <time>2025-03-28T16:41:20Z</time>
      </trkpt>
      <trkpt lat="50.07125" lon="15.081316666666666">
        <ele>419</ele>
        <time>2025-03-28T16:41:21Z</time>
      </trkpt>
      <trkpt lat="50.07131666666667" lon="15.081166666666666">
        <ele>419</ele>
        <time>2025-03-28T16:41:22Z</time>
      </trkpt>
      <trkpt lat="50.07135" lon="15.081016666666667">
        <ele>419</ele>
        <time>2025-03-28T16:41:23Z</time>
      </trkpt>
      <trkpt lat="50.0714" lon="15.08085">
        <ele>419</ele>
        <time>2025-03-28T16:41:24Z</time>
      </trkpt>
      <trkpt lat="50.07145" lon="15.080666666666666">
        <ele>419</ele>
        <time>2025-03-28T16:41:25Z</time>
      </trkpt>
      <trkpt lat="50.0715" lon="15.080483333333333">
        <ele>419</ele>
        <time>2025-03-28T16:41:26Z</time>
      </trkpt>
      <trkpt lat="50.071533333333335" lon="15.080316666666667">
        <ele>420</ele>
        <time>2025-03-28T16:41:27Z</time>
      </trkpt>
      <trkpt lat="50.07156666666667" lon="15.080133333333333">
        <ele>420</ele>
        <time>2025-03-28T16:41:28Z</time>
      </trkpt>
      <trkpt lat="50.071583333333336" lon="15.07995">
        <ele>420</ele>
        <time>2025-03-28T16:41:29Z</time>
      </trkpt>
      <trkpt lat="50.071616666666664" lon="15.079766666666666">
        <ele>421</ele>
        <time>2025-03-28T16:41:30Z</time>
      </trkpt>
      <trkpt lat="50.07163333333333" lon="15.0796">
        <ele>421</ele>
        <time>2025-03-28T16:41:31Z</time>
      </trkpt>
      <trkpt lat="50.07165" lon="15.0794">
        <ele>422</ele>
        <time>2025-03-28T16:41:32Z</time>
      </trkpt>
      <trkpt lat="50.071666666666665" lon="15.079233333333333">
        <ele>422</ele>
        <time>2025-03-28T16:41:33Z</time>
      </trkpt>
      <trkpt lat="50.071666666666665" lon="15.07905">
        <ele>422</ele>
        <time>2025-03-28T16:41:34Z</time>
      </trkpt>
      <trkpt lat="50.07165" lon="15.078866666666666">
        <ele>423</ele>
        <time>2025-03-28T16:41:35Z</time>
      </trkpt>
      <trkpt lat="50.07165" lon="15.078683333333334">
        <ele>423</ele>
        <time>2025-03-28T16:41:36Z</time>
      </trkpt>
      <trkpt lat="50.07165" lon="15.0785">
        <ele>424</ele>
        <time>2025-03-28T16:41:37Z</time>
      </trkpt>
      <trkpt lat="50.071666666666665" lon="15.078333333333333">
        <ele>424</ele>
        <time>2025-03-28T16:41:38Z</time>
      </trkpt>
      <trkpt lat="50.071666666666665" lon="15.078166666666666">
        <ele>425</ele>
        <time>2025-03-28T16:41:39Z</time>
      </trkpt>
      <trkpt lat="50.071666666666665" lon="15.078">
        <ele>426</ele>
        <time>2025-03-28T16:41:40Z</time>
      </trkpt>
      <trkpt lat="50.071666666666665" lon="15.077833333333333">
        <ele>426</ele>
        <time>2025-03-28T16:41:41Z</time>
      </trkpt>
      <trkpt lat="50.071666666666665" lon="15.077666666666667">
        <ele>426</ele>
        <time>2025-03-28T16:41:42Z</time>
      </trkpt>
      <trkpt lat="50.07168333333333" lon="15.077483333333333">
        <ele>426</ele>
        <time>2025-03-28T16:41:43Z</time>
      </trkpt>
      <trkpt lat="50.07168333333333" lon="15.077316666666666">
        <ele>426</ele>
        <time>2025-03-28T16:41:44Z</time>
      </trkpt>
      <trkpt lat="50.07168333333333" lon="15.07715">
        <ele>426</ele>
        <time>2025-03-28T16:41:45Z</time>
      </trkpt>
      <trkpt lat="50.071666666666665" lon="15.076983333333333">
        <ele>427</ele>
        <time>2025-03-28T16:41:46Z</time>
      </trkpt>
      <trkpt lat="50.071666666666665" lon="15.076833333333333">
        <ele>427</ele>
        <time>2025-03-28T16:41:47Z</time>
      </trkpt>
      <trkpt lat="50.071666666666665" lon="15.076666666666666">
        <ele>428</ele>
        <time>2025-03-28T16:41:48Z</time>
      </trkpt>
      <trkpt lat="50.071666666666665" lon="15.0765">
        <ele>428</ele>
        <time>2025-03-28T16:41:49Z</time>
      </trkpt>
      <trkpt lat="50.07168333333333" lon="15.076333333333332">
        <ele>428</ele>
        <time>2025-03-28T16:41:50Z</time>
      </trkpt>
      <trkpt lat="50.07171666666667" lon="15.07615">
        <ele>428</ele>
        <time>2025-03-28T16:41:51Z</time>
      </trkpt>
      <trkpt lat="50.071733333333334" lon="15.075966666666666">
        <ele>428</ele>
        <time>2025-03-28T16:41:52Z</time>
      </trkpt>
      <trkpt lat="50.07176666666667" lon="15.0758">
        <ele>428</ele>
        <time>2025-03-28T16:41:53Z</time>
      </trkpt>
      <trkpt lat="50.071783333333336" lon="15.075633333333334">
        <ele>428</ele>
        <time>2025-03-28T16:41:54Z</time>
      </trkpt>
      <trkpt lat="50.07181666666666" lon="15.075483333333333">
        <ele>429</ele>
        <time>2025-03-28T16:41:55Z</time>
      </trkpt>
      <trkpt lat="50.07183333333333" lon="15.075316666666666">
        <ele>430</ele>
        <time>2025-03-28T16:41:56Z</time>
      </trkpt>
      <trkpt lat="50.07185" lon="15.075133333333333">
        <ele>430</ele>
        <time>2025-03-28T16:41:57Z</time>
      </trkpt>
      <trkpt lat="50.071866666666665" lon="15.07495">
        <ele>430</ele>
        <time>2025-03-28T16:41:58Z</time>
      </trkpt>
      <trkpt lat="50.07188333333333" lon="15.074766666666667">
        <ele>430</ele>
        <time>2025-03-28T16:41:59Z</time>
      </trkpt>
      <trkpt lat="50.0719" lon="15.0746">
        <ele>430</ele>
        <time>2025-03-28T16:42:00Z</time>
      </trkpt>
      <trkpt lat="50.07191666666667" lon="15.074416666666666">
        <ele>431</ele>
        <time>2025-03-28T16:42:01Z</time>
      </trkpt>
      <trkpt lat="50.071933333333334" lon="15.07425">
        <ele>432</ele>
        <time>2025-03-28T16:42:02Z</time>
      </trkpt>
      <trkpt lat="50.071933333333334" lon="15.074066666666667">
        <ele>432</ele>
        <time>2025-03-28T16:42:03Z</time>
      </trkpt>
      <trkpt lat="50.071933333333334" lon="15.073883333333333">
        <ele>432</ele>
        <time>2025-03-28T16:42:04Z</time>
      </trkpt>
      <trkpt lat="50.071933333333334" lon="15.0737">
        <ele>433</ele>
        <time>2025-03-28T16:42:05Z</time>
      </trkpt>
      <trkpt lat="50.071933333333334" lon="15.0735">
        <ele>434</ele>
        <time>2025-03-28T16:42:06Z</time>
      </trkpt>
      <trkpt lat="50.071933333333334" lon="15.073333333333334">
        <ele>434</ele>
        <time>2025-03-28T16:42:07Z</time>
      </trkpt>
      <trkpt lat="50.07195" lon="15.07315">
        <ele>435</ele>
        <time>2025-03-28T16:42:08Z</time>
      </trkpt>
      <trkpt lat="50.071933333333334" lon="15.072966666666666">
        <ele>436</ele>
        <time>2025-03-28T16:42:09Z</time>
      </trkpt>
      <trkpt lat="50.07191666666667" lon="15.0728">
        <ele>436</ele>
        <time>2025-03-28T16:42:10Z</time>
      </trkpt>
      <trkpt lat="50.0719" lon="15.072616666666667">
        <ele>436</ele>
        <time>2025-03-28T16:42:11Z</time>
      </trkpt>
      <trkpt lat="50.0719" lon="15.07245">
        <ele>436</ele>
        <time>2025-03-28T16:42:12Z</time>
      </trkpt>
      <trkpt lat="50.07188333333333" lon="15.07225">
        <ele>435</ele>
        <time>2025-03-28T16:42:13Z</time>
      </trkpt>
      <trkpt lat="50.07188333333333" lon="15.072083333333333">
        <ele>435</ele>
        <time>2025-03-28T16:42:14Z</time>
      </trkpt>
      <trkpt lat="50.07188333333333" lon="15.0719">
        <ele>434</ele>
        <time>2025-03-28T16:42:15Z</time>
      </trkpt>
      <trkpt lat="50.07188333333333" lon="15.071733333333333">
        <ele>434</ele>
        <time>2025-03-28T16:42:16Z</time>
      </trkpt>
      <trkpt lat="50.07188333333333" lon="15.07155">
        <ele>432</ele>
        <time>2025-03-28T16:42:17Z</time>
      </trkpt>
      <trkpt lat="50.071866666666665" lon="15.071366666666666">
        <ele>431</ele>
        <time>2025-03-28T16:42:18Z</time>
      </trkpt>
      <trkpt lat="50.071866666666665" lon="15.071183333333334">
        <ele>430</ele>
        <time>2025-03-28T16:42:19Z</time>
      </trkpt>
      <trkpt lat="50.071866666666665" lon="15.071">
        <ele>428</ele>
        <time>2025-03-28T16:42:20Z</time>
      </trkpt>
      <trkpt lat="50.071866666666665" lon="15.070816666666667">
        <ele>427</ele>
        <time>2025-03-28T16:42:21Z</time>
      </trkpt>
      <trkpt lat="50.07188333333333" lon="15.07065">
        <ele>426</ele>
        <time>2025-03-28T16:42:22Z</time>
      </trkpt>
      <trkpt lat="50.07188333333333" lon="15.070466666666666">
        <ele>424</ele>
        <time>2025-03-28T16:42:23Z</time>
      </trkpt>
      <trkpt lat="50.07188333333333" lon="15.0703">
        <ele>423</ele>
        <time>2025-03-28T16:42:24Z</time>
      </trkpt>
      <trkpt lat="50.07188333333333" lon="15.070116666666667">
        <ele>421</ele>
        <time>2025-03-28T16:42:25Z</time>
      </trkpt>
      <trkpt lat="50.071866666666665" lon="15.069933333333333">
        <ele>420</ele>
        <time>2025-03-28T16:42:26Z</time>
      </trkpt>
      <trkpt lat="50.07185" lon="15.06975">
        <ele>418</ele>
        <time>2025-03-28T16:42:27Z</time>
      </trkpt>
      <trkpt lat="50.07185" lon="15.069566666666667">
        <ele>416</ele>
        <time>2025-03-28T16:42:28Z</time>
      </trkpt>
      <trkpt lat="50.07185" lon="15.069383333333333">
        <ele>415</ele>
        <time>2025-03-28T16:42:29Z</time>
      </trkpt>
      <trkpt lat="50.07183333333333" lon="15.069216666666666">
        <ele>413</ele>
        <time>2025-03-28T16:42:30Z</time>
      </trkpt>
      <trkpt lat="50.07181666666666" lon="15.06905">
        <ele>412</ele>
        <time>2025-03-28T16:42:31Z</time>
      </trkpt>
      <trkpt lat="50.07181666666666" lon="15.068883333333334">
        <ele>411</ele>
        <time>2025-03-28T16:42:32Z</time>
      </trkpt>
      <trkpt lat="50.07181666666666" lon="15.0687">
        <ele>410</ele>
        <time>2025-03-28T16:42:33Z</time>
      </trkpt>
      <trkpt lat="50.07181666666666" lon="15.068533333333333">
        <ele>408</ele>
        <time>2025-03-28T16:42:34Z</time>
      </trkpt>
      <trkpt lat="50.07181666666666" lon="15.06835">
        <ele>406</ele>
        <time>2025-03-28T16:42:35Z</time>
      </trkpt>
      <trkpt lat="50.07183333333333" lon="15.068183333333334">
        <ele>405</ele>
        <time>2025-03-28T16:42:36Z</time>
      </trkpt>
      <trkpt lat="50.07185" lon="15.068">
        <ele>404</ele>
        <time>2025-03-28T16:42:37Z</time>
      </trkpt>
      <trkpt lat="50.07188333333333" lon="15.067833333333333">
        <ele>403</ele>
        <time>2025-03-28T16:42:38Z</time>
      </trkpt>
      <trkpt lat="50.0719" lon="15.06765">
        <ele>401</ele>
        <time>2025-03-28T16:42:39Z</time>
      </trkpt>
      <trkpt lat="50.07191666666667" lon="15.067483333333334">
        <ele>400</ele>
        <time>2025-03-28T16:42:40Z</time>
      </trkpt>
      <trkpt lat="50.071933333333334" lon="15.0673">
        <ele>399</ele>
        <time>2025-03-28T16:42:41Z</time>
      </trkpt>
      <trkpt lat="50.07195" lon="15.067116666666667">
        <ele>397</ele>
        <time>2025-03-28T16:42:42Z</time>
      </trkpt>
      <trkpt lat="50.07196666666667" lon="15.06695">
        <ele>396</ele>
        <time>2025-03-28T16:42:43Z</time>
      </trkpt>
      <trkpt lat="50.072" lon="15.066766666666666">
        <ele>396</ele>
        <time>2025-03-28T16:42:44Z</time>
      </trkpt>
      <trkpt lat="50.072" lon="15.066583333333334">
        <ele>395</ele>
        <time>2025-03-28T16:42:45Z</time>
      </trkpt>
      <trkpt lat="50.071983333333336" lon="15.0664">
        <ele>395</ele>
        <time>2025-03-28T16:42:46Z</time>
      </trkpt>
      <trkpt lat="50.07196666666667" lon="15.066233333333333">
        <ele>394</ele>
        <time>2025-03-28T16:42:47Z</time>
      </trkpt>
      <trkpt lat="50.07191666666667" lon="15.066083333333333">
        <ele>394</ele>
        <time>2025-03-28T16:42:48Z</time>
      </trkpt>
      <trkpt lat="50.071866666666665" lon="15.065916666666666">
        <ele>393</ele>
        <time>2025-03-28T16:42:49Z</time>
      </trkpt>
      <trkpt lat="50.0718" lon="15.065766666666667">
        <ele>392</ele>
        <time>2025-03-28T16:42:50Z</time>
      </trkpt>
      <trkpt lat="50.07171666666667" lon="15.065633333333333">
        <ele>391</ele>
        <time>2025-03-28T16:42:51Z</time>
      </trkpt>
      <trkpt lat="50.071666666666665" lon="15.0655">
        <ele>391</ele>
        <time>2025-03-28T16:42:52Z</time>
      </trkpt>
      <trkpt lat="50.0716" lon="15.065383333333333">
        <ele>390</ele>
        <time>2025-03-28T16:42:53Z</time>
      </trkpt>
      <trkpt lat="50.07151666666667" lon="15.065266666666666">
        <ele>390</ele>
        <time>2025-03-28T16:42:54Z</time>
      </trkpt>
      <trkpt lat="50.07145" lon="15.065166666666666">
        <ele>390</ele>
        <time>2025-03-28T16:42:55Z</time>
      </trkpt>
      <trkpt lat="50.07136666666667" lon="15.06505">
        <ele>389</ele>
        <time>2025-03-28T16:42:56Z</time>
      </trkpt>
      <trkpt lat="50.071283333333334" lon="15.064933333333334">
        <ele>389</ele>
        <time>2025-03-28T16:42:57Z</time>
      </trkpt>
      <trkpt lat="50.071216666666665" lon="15.064816666666667">
        <ele>388</ele>
        <time>2025-03-28T16:42:58Z</time>
      </trkpt>
      <trkpt lat="50.071133333333336" lon="15.064683333333333">
        <ele>387</ele>
        <time>2025-03-28T16:42:59Z</time>
      </trkpt>
      <trkpt lat="50.07105" lon="15.064566666666666">
        <ele>386</ele>
        <time>2025-03-28T16:43:00Z</time>
      </trkpt>
      <trkpt lat="50.07098333333333" lon="15.064466666666666">
        <ele>385</ele>
        <time>2025-03-28T16:43:01Z</time>
      </trkpt>
      <trkpt lat="50.0709" lon="15.06435">
        <ele>385</ele>
        <time>2025-03-28T16:43:02Z</time>
      </trkpt>
      <trkpt lat="50.070816666666666" lon="15.064233333333334">
        <ele>384</ele>
        <time>2025-03-28T16:43:03Z</time>
      </trkpt>
      <trkpt lat="50.07073333333334" lon="15.064133333333332">
        <ele>383</ele>
        <time>2025-03-28T16:43:04Z</time>
      </trkpt>
      <trkpt lat="50.07065" lon="15.064">
        <ele>382</ele>
        <time>2025-03-28T16:43:05Z</time>
      </trkpt>
      <trkpt lat="50.07058333333333" lon="15.063883333333333">
        <ele>382</ele>
        <time>2025-03-28T16:43:06Z</time>
      </trkpt>
      <trkpt lat="50.0705" lon="15.063766666666666">
        <ele>382</ele>
        <time>2025-03-28T16:43:07Z</time>
      </trkpt>
      <trkpt lat="50.07041666666667" lon="15.06365">
        <ele>382</ele>
        <time>2025-03-28T16:43:08Z</time>
      </trkpt>
      <trkpt lat="50.07033333333333" lon="15.06355">
        <ele>382</ele>
        <time>2025-03-28T16:43:09Z</time>
      </trkpt>
      <trkpt lat="50.07025" lon="15.06345">
        <ele>382</ele>
        <time>2025-03-28T16:43:10Z</time>
      </trkpt>
      <trkpt lat="50.07018333333333" lon="15.06335">
        <ele>383</ele>
        <time>2025-03-28T16:43:11Z</time>
      </trkpt>
      <trkpt lat="50.0701" lon="15.06325">
        <ele>383</ele>
        <time>2025-03-28T16:43:12Z</time>
      </trkpt>
      <trkpt lat="50.07" lon="15.063166666666667">
        <ele>382</ele>
        <time>2025-03-28T16:43:13Z</time>
      </trkpt>
      <trkpt lat="50.069916666666664" lon="15.063083333333333">
        <ele>382</ele>
        <time>2025-03-28T16:43:14Z</time>
      </trkpt>
      <trkpt lat="50.06981666666667" lon="15.063016666666666">
        <ele>381</ele>
        <time>2025-03-28T16:43:15Z</time>
      </trkpt>
      <trkpt lat="50.069716666666665" lon="15.062933333333334">
        <ele>380</ele>
        <time>2025-03-28T16:43:16Z</time>
      </trkpt>
      <trkpt lat="50.069633333333336" lon="15.062866666666666">
        <ele>380</ele>
        <time>2025-03-28T16:43:17Z</time>
      </trkpt>
      <trkpt lat="50.06955" lon="15.062783333333334">
        <ele>379</ele>
        <time>2025-03-28T16:43:18Z</time>
      </trkpt>
      <trkpt lat="50.06946666666666" lon="15.062666666666667">
        <ele>378</ele>
        <time>2025-03-28T16:43:19Z</time>
      </trkpt>
      <trkpt lat="50.0694" lon="15.062533333333333">
        <ele>378</ele>
        <time>2025-03-28T16:43:20Z</time>
      </trkpt>
      <trkpt lat="50.069316666666666" lon="15.062383333333333">
        <ele>377</ele>
        <time>2025-03-28T16:43:21Z</time>
      </trkpt>
      <trkpt lat="50.069266666666664" lon="15.062216666666666">
        <ele>376</ele>
        <time>2025-03-28T16:43:22Z</time>
      </trkpt>
      <trkpt lat="50.06923333333334" lon="15.06205">
        <ele>376</ele>
        <time>2025-03-28T16:43:23Z</time>
      </trkpt>
      <trkpt lat="50.0692" lon="15.061883333333334">
        <ele>377</ele>
        <time>2025-03-28T16:43:24Z</time>
      </trkpt>
      <trkpt lat="50.06921666666667" lon="15.061716666666667">
        <ele>377</ele>
        <time>2025-03-28T16:43:25Z</time>
      </trkpt>
      <trkpt lat="50.06923333333334" lon="15.06155">
        <ele>378</ele>
        <time>2025-03-28T16:43:26Z</time>
      </trkpt>
      <trkpt lat="50.06925" lon="15.061383333333334">
        <ele>378</ele>
        <time>2025-03-28T16:43:27Z</time>
      </trkpt>
      <trkpt lat="50.06928333333333" lon="15.061216666666667">
        <ele>379</ele>
        <time>2025-03-28T16:43:28Z</time>
      </trkpt>
      <trkpt lat="50.06933333333333" lon="15.06105">
        <ele>379</ele>
        <time>2025-03-28T16:43:29Z</time>
      </trkpt>
      <trkpt lat="50.069383333333334" lon="15.0609">
        <ele>380</ele>
        <time>2025-03-28T16:43:30Z</time>
      </trkpt>
      <trkpt lat="50.06941666666667" lon="15.06075">
        <ele>380</ele>
        <time>2025-03-28T16:43:31Z</time>
      </trkpt>
      <trkpt lat="50.06946666666666" lon="15.0606">
        <ele>380</ele>
        <time>2025-03-28T16:43:32Z</time>
      </trkpt>
      <trkpt lat="50.069516666666665" lon="15.06045">
        <ele>380</ele>
        <time>2025-03-28T16:43:33Z</time>
      </trkpt>
      <trkpt lat="50.06956666666667" lon="15.060266666666667">
        <ele>379</ele>
        <time>2025-03-28T16:43:34Z</time>
      </trkpt>
      <trkpt lat="50.06961666666667" lon="15.060083333333333">
        <ele>376</ele>
        <time>2025-03-28T16:43:35Z</time>
      </trkpt>
      <trkpt lat="50.06968333333333" lon="15.059866666666666">
        <ele>374</ele>
        <time>2025-03-28T16:43:36Z</time>
      </trkpt>
      <trkpt lat="50.06973333333333" lon="15.05965">
        <ele>371</ele>
        <time>2025-03-28T16:43:37Z</time>
      </trkpt>
      <trkpt lat="50.06978333333333" lon="15.059433333333333">
        <ele>368</ele>
        <time>2025-03-28T16:43:38Z</time>
      </trkpt>
      <trkpt lat="50.06985" lon="15.059233333333333">
        <ele>366</ele>
        <time>2025-03-28T16:43:39Z</time>
      </trkpt>
      <trkpt lat="50.0699" lon="15.059033333333334">
        <ele>364</ele>
        <time>2025-03-28T16:43:40Z</time>
      </trkpt>
      <trkpt lat="50.06995" lon="15.058833333333334">
        <ele>364</ele>
        <time>2025-03-28T16:43:41Z</time>
      </trkpt>
      <trkpt lat="50.07" lon="15.058633333333333">
        <ele>364</ele>
        <time>2025-03-28T16:43:42Z</time>
      </trkpt>
      <trkpt lat="50.07005" lon="15.058433333333333">
        <ele>364</ele>
        <time>2025-03-28T16:43:43Z</time>
      </trkpt>
      <trkpt lat="50.070083333333336" lon="15.058233333333334">
        <ele>363</ele>
        <time>2025-03-28T16:43:44Z</time>
      </trkpt>
      <trkpt lat="50.07013333333333" lon="15.058016666666667">
        <ele>362</ele>
        <time>2025-03-28T16:43:45Z</time>
      </trkpt>
      <trkpt lat="50.07018333333333" lon="15.0578">
        <ele>361</ele>
        <time>2025-03-28T16:43:46Z</time>
      </trkpt>
      <trkpt lat="50.07021666666667" lon="15.0576">
        <ele>360</ele>
        <time>2025-03-28T16:43:47Z</time>
      </trkpt>
      <trkpt lat="50.07025" lon="15.0574">
        <ele>359</ele>
        <time>2025-03-28T16:43:48Z</time>
      </trkpt>
      <trkpt lat="50.070283333333336" lon="15.057183333333333">
        <ele>359</ele>
        <time>2025-03-28T16:43:49Z</time>
      </trkpt>
      <trkpt lat="50.07031666666666" lon="15.056983333333333">
        <ele>358</ele>
        <time>2025-03-28T16:43:50Z</time>
      </trkpt>
      <trkpt lat="50.07035" lon="15.056766666666666">
        <ele>357</ele>
        <time>2025-03-28T16:43:51Z</time>
      </trkpt>
      <trkpt lat="50.070366666666665" lon="15.05655">
        <ele>357</ele>
        <time>2025-03-28T16:43:52Z</time>
      </trkpt>
      <trkpt lat="50.0704" lon="15.05635">
        <ele>357</ele>
        <time>2025-03-28T16:43:53Z</time>
      </trkpt>
      <trkpt lat="50.070433333333334" lon="15.05615">
        <ele>357</ele>
        <time>2025-03-28T16:43:54Z</time>
      </trkpt>
      <trkpt lat="50.07046666666667" lon="15.05595">
        <ele>357</ele>
        <time>2025-03-28T16:43:55Z</time>
      </trkpt>
      <trkpt lat="50.0705" lon="15.05575">
        <ele>356</ele>
        <time>2025-03-28T16:43:56Z</time>
      </trkpt>
      <trkpt lat="50.07053333333333" lon="15.05555">
        <ele>356</ele>
        <time>2025-03-28T16:43:57Z</time>
      </trkpt>
      <trkpt lat="50.070566666666664" lon="15.055333333333333">
        <ele>356</ele>
        <time>2025-03-28T16:43:58Z</time>
      </trkpt>
      <trkpt lat="50.070616666666666" lon="15.055116666666667">
        <ele>355</ele>
        <time>2025-03-28T16:43:59Z</time>
      </trkpt>
      <trkpt lat="50.07065" lon="15.0549">
        <ele>355</ele>
        <time>2025-03-28T16:44:00Z</time>
      </trkpt>
      <trkpt lat="50.07066666666667" lon="15.0547">
        <ele>355</ele>
        <time>2025-03-28T16:44:01Z</time>
      </trkpt>
      <trkpt lat="50.0707" lon="15.054483333333334">
        <ele>355</ele>
        <time>2025-03-28T16:44:02Z</time>
      </trkpt>
      <trkpt lat="50.07071666666667" lon="15.054283333333334">
        <ele>354</ele>
        <time>2025-03-28T16:44:03Z</time>
      </trkpt>
      <trkpt lat="50.07073333333334" lon="15.054066666666667">
        <ele>354</ele>
        <time>2025-03-28T16:44:04Z</time>
      </trkpt>
      <trkpt lat="50.070766666666664" lon="15.053866666666666">
        <ele>354</ele>
        <time>2025-03-28T16:44:05Z</time>
      </trkpt>
      <trkpt lat="50.07078333333333" lon="15.05365">
        <ele>354</ele>
        <time>2025-03-28T16:44:06Z</time>
      </trkpt>
      <trkpt lat="50.0708" lon="15.05345">
        <ele>354</ele>
        <time>2025-03-28T16:44:07Z</time>
      </trkpt>
      <trkpt lat="50.0708" lon="15.053233333333333">
        <ele>353</ele>
        <time>2025-03-28T16:44:08Z</time>
      </trkpt>
      <trkpt lat="50.070816666666666" lon="15.053016666666666">
        <ele>352</ele>
        <time>2025-03-28T16:44:09Z</time>
      </trkpt>
      <trkpt lat="50.070816666666666" lon="15.0528">
        <ele>352</ele>
        <time>2025-03-28T16:44:10Z</time>
      </trkpt>
      <trkpt lat="50.07083333333333" lon="15.052583333333333">
        <ele>351</ele>
        <time>2025-03-28T16:44:11Z</time>
      </trkpt>
      <trkpt lat="50.07083333333333" lon="15.052366666666666">
        <ele>350</ele>
        <time>2025-03-28T16:44:12Z</time>
      </trkpt>
      <trkpt lat="50.07083333333333" lon="15.052133333333334">
        <ele>349</ele>
        <time>2025-03-28T16:44:13Z</time>
      </trkpt>
      <trkpt lat="50.07085" lon="15.051916666666667">
        <ele>348</ele>
        <time>2025-03-28T16:44:14Z</time>
      </trkpt>
      <trkpt lat="50.07085" lon="15.0517">
        <ele>347</ele>
        <time>2025-03-28T16:44:15Z</time>
      </trkpt>
      <trkpt lat="50.07086666666667" lon="15.051483333333334">
        <ele>346</ele>
        <time>2025-03-28T16:44:16Z</time>
      </trkpt>
      <trkpt lat="50.070883333333335" lon="15.051283333333334">
        <ele>346</ele>
        <time>2025-03-28T16:44:17Z</time>
      </trkpt>
      <trkpt lat="50.07091666666667" lon="15.051083333333333">
        <ele>347</ele>
        <time>2025-03-28T16:44:18Z</time>
      </trkpt>
      <trkpt lat="50.070933333333336" lon="15.050916666666666">
        <ele>347</ele>
        <time>2025-03-28T16:44:19Z</time>
      </trkpt>
      <trkpt lat="50.07095" lon="15.050733333333334">
        <ele>348</ele>
        <time>2025-03-28T16:44:20Z</time>
      </trkpt>
      <trkpt lat="50.07096666666666" lon="15.050583333333334">
        <ele>348</ele>
        <time>2025-03-28T16:44:21Z</time>
      </trkpt>
      <trkpt lat="50.07098333333333" lon="15.0504">
        <ele>348</ele>
        <time>2025-03-28T16:44:22Z</time>
      </trkpt>
      <trkpt lat="50.071" lon="15.050216666666667">
        <ele>348</ele>
        <time>2025-03-28T16:44:23Z</time>
      </trkpt>
      <trkpt lat="50.071" lon="15.050033333333333">
        <ele>347</ele>
        <time>2025-03-28T16:44:24Z</time>
      </trkpt>
      <trkpt lat="50.071016666666665" lon="15.04985">
        <ele>346</ele>
        <time>2025-03-28T16:44:25Z</time>
      </trkpt>
      <trkpt lat="50.071016666666665" lon="15.049683333333334">
        <ele>346</ele>
        <time>2025-03-28T16:44:26Z</time>
      </trkpt>
      <trkpt lat="50.071016666666665" lon="15.0495">
        <ele>345</ele>
        <time>2025-03-28T16:44:27Z</time>
      </trkpt>
      <trkpt lat="50.071016666666665" lon="15.049316666666666">
        <ele>344</ele>
        <time>2025-03-28T16:44:28Z</time>
      </trkpt>
      <trkpt lat="50.071016666666665" lon="15.04915">
        <ele>343</ele>
        <time>2025-03-28T16:44:29Z</time>
      </trkpt>
      <trkpt lat="50.071" lon="15.048966666666667">
        <ele>342</ele>
        <time>2025-03-28T16:44:30Z</time>
      </trkpt>
      <trkpt lat="50.071016666666665" lon="15.048783333333333">
        <ele>341</ele>
        <time>2025-03-28T16:44:31Z</time>
      </trkpt>
      <trkpt lat="50.07105" lon="15.048633333333333">
        <ele>340</ele>
        <time>2025-03-28T16:44:32Z</time>
      </trkpt>
      <trkpt lat="50.07111666666667" lon="15.048466666666666">
        <ele>339</ele>
        <time>2025-03-28T16:44:33Z</time>
      </trkpt>
      <trkpt lat="50.07118333333333" lon="15.048316666666667">
        <ele>338</ele>
        <time>2025-03-28T16:44:34Z</time>
      </trkpt>
      <trkpt lat="50.071266666666666" lon="15.048166666666667">
        <ele>337</ele>
        <time>2025-03-28T16:44:35Z</time>
      </trkpt>
      <trkpt lat="50.071333333333335" lon="15.048016666666667">
        <ele>336</ele>
        <time>2025-03-28T16:44:36Z</time>
      </trkpt>
      <trkpt lat="50.0714" lon="15.047866666666666">
        <ele>335</ele>
        <time>2025-03-28T16:44:37Z</time>
      </trkpt>
      <trkpt lat="50.071466666666666" lon="15.047716666666666">
        <ele>334</ele>
        <time>2025-03-28T16:44:38Z</time>
      </trkpt>
      <trkpt lat="50.07155" lon="15.047566666666667">
        <ele>334</ele>
        <time>2025-03-28T16:44:39Z</time>
      </trkpt>
      <trkpt lat="50.071616666666664" lon="15.047416666666667">
        <ele>333</ele>
        <time>2025-03-28T16:44:40Z</time>
      </trkpt>
      <trkpt lat="50.071666666666665" lon="15.047266666666667">
        <ele>332</ele>
        <time>2025-03-28T16:44:41Z</time>
      </trkpt>
      <trkpt lat="50.071733333333334" lon="15.0471">
        <ele>331</ele>
        <time>2025-03-28T16:44:42Z</time>
      </trkpt>
      <trkpt lat="50.071783333333336" lon="15.04695">
        <ele>330</ele>
        <time>2025-03-28T16:44:43Z</time>
      </trkpt>
      <trkpt lat="50.07185" lon="15.0468">
        <ele>329</ele>
        <time>2025-03-28T16:44:44Z</time>
      </trkpt>
      <trkpt lat="50.0719" lon="15.046633333333334">
        <ele>328</ele>
        <time>2025-03-28T16:44:45Z</time>
      </trkpt>
      <trkpt lat="50.07196666666667" lon="15.046483333333333">
        <ele>328</ele>
        <time>2025-03-28T16:44:46Z</time>
      </trkpt>
      <trkpt lat="50.07205" lon="15.04635">
        <ele>327</ele>
        <time>2025-03-28T16:44:47Z</time>
      </trkpt>
      <trkpt lat="50.072116666666666" lon="15.0462">
        <ele>327</ele>
        <time>2025-03-28T16:44:48Z</time>
      </trkpt>
      <trkpt lat="50.0722" lon="15.04605">
        <ele>326</ele>
        <time>2025-03-28T16:44:49Z</time>
      </trkpt>
      <trkpt lat="50.072266666666664" lon="15.0459">
        <ele>325</ele>
        <time>2025-03-28T16:44:50Z</time>
      </trkpt>
      <trkpt lat="50.07235" lon="15.04575">
        <ele>325</ele>
        <time>2025-03-28T16:44:51Z</time>
      </trkpt>
      <trkpt lat="50.072433333333336" lon="15.045616666666668">
        <ele>324</ele>
        <time>2025-03-28T16:44:52Z</time>
      </trkpt>
      <trkpt lat="50.072516666666665" lon="15.045483333333333">
        <ele>324</ele>
        <time>2025-03-28T16:44:53Z</time>
      </trkpt>
      <trkpt lat="50.07261666666667" lon="15.045333333333334">
        <ele>323</ele>
        <time>2025-03-28T16:44:54Z</time>
      </trkpt>
      <trkpt lat="50.0727" lon="15.045216666666667">
        <ele>324</ele>
        <time>2025-03-28T16:44:55Z</time>
      </trkpt>
      <trkpt lat="50.072783333333334" lon="15.0451">
        <ele>324</ele>
        <time>2025-03-28T16:44:56Z</time>
      </trkpt>
      <trkpt lat="50.07286666666667" lon="15.044983333333333">
        <ele>325</ele>
        <time>2025-03-28T16:44:57Z</time>
      </trkpt>
      <trkpt lat="50.07295" lon="15.04485">
        <ele>325</ele>
        <time>2025-03-28T16:44:58Z</time>
      </trkpt>
      <trkpt lat="50.073033333333335" lon="15.044716666666666">
        <ele>324</ele>
        <time>2025-03-28T16:44:59Z</time>
      </trkpt>
      <trkpt lat="50.073116666666664" lon="15.0446">
        <ele>324</ele>
        <time>2025-03-28T16:45:00Z</time>
      </trkpt>
      <trkpt lat="50.0732" lon="15.04445">
        <ele>323</ele>
        <time>2025-03-28T16:45:01Z</time>
      </trkpt>
      <trkpt lat="50.073283333333336" lon="15.044283333333333">
        <ele>323</ele>
        <time>2025-03-28T16:45:02Z</time>
      </trkpt>
      <trkpt lat="50.073366666666665" lon="15.04415">
        <ele>322</ele>
        <time>2025-03-28T16:45:03Z</time>
      </trkpt>
      <trkpt lat="50.073433333333334" lon="15.044">
        <ele>322</ele>
        <time>2025-03-28T16:45:04Z</time>
      </trkpt>
      <trkpt lat="50.0735" lon="15.043883333333333">
        <ele>322</ele>
        <time>2025-03-28T16:45:05Z</time>
      </trkpt>
      <trkpt lat="50.07358333333333" lon="15.043766666666667">
        <ele>323</ele>
        <time>2025-03-28T16:45:06Z</time>
      </trkpt>
      <trkpt lat="50.07366666666667" lon="15.043633333333334">
        <ele>322</ele>
        <time>2025-03-28T16:45:07Z</time>
      </trkpt>
      <trkpt lat="50.073766666666664" lon="15.0435">
        <ele>321</ele>
        <time>2025-03-28T16:45:08Z</time>
      </trkpt>
      <trkpt lat="50.07386666666667" lon="15.043333333333333">
        <ele>320</ele>
        <time>2025-03-28T16:45:09Z</time>
      </trkpt>
      <trkpt lat="50.07395" lon="15.043183333333333">
        <ele>320</ele>
        <time>2025-03-28T16:45:10Z</time>
      </trkpt>
      <trkpt lat="50.07403333333333" lon="15.043033333333334">
        <ele>319</ele>
        <time>2025-03-28T16:45:11Z</time>
      </trkpt>
      <trkpt lat="50.07411666666667" lon="15.042883333333334">
        <ele>320</ele>
        <time>2025-03-28T16:45:12Z</time>
      </trkpt>
      <trkpt lat="50.07418333333333" lon="15.042733333333333">
        <ele>320</ele>
        <time>2025-03-28T16:45:13Z</time>
      </trkpt>
      <trkpt lat="50.07426666666667" lon="15.042583333333333">
        <ele>320</ele>
        <time>2025-03-28T16:45:14Z</time>
      </trkpt>
      <trkpt lat="50.074333333333335" lon="15.042416666666666">
        <ele>321</ele>
        <time>2025-03-28T16:45:15Z</time>
      </trkpt>
      <trkpt lat="50.074416666666664" lon="15.04225">
        <ele>320</ele>
        <time>2025-03-28T16:45:16Z</time>
      </trkpt>
      <trkpt lat="50.07448333333333" lon="15.042066666666667">
        <ele>320</ele>
        <time>2025-03-28T16:45:17Z</time>
      </trkpt>
      <trkpt lat="50.074533333333335" lon="15.0419">
        <ele>320</ele>
        <time>2025-03-28T16:45:18Z</time>
      </trkpt>
      <trkpt lat="50.0746" lon="15.041733333333333">
        <ele>320</ele>
        <time>2025-03-28T16:45:19Z</time>
      </trkpt>
      <trkpt lat="50.074666666666666" lon="15.041566666666666">
        <ele>320</ele>
        <time>2025-03-28T16:45:20Z</time>
      </trkpt>
      <trkpt lat="50.07471666666667" lon="15.0414">
        <ele>320</ele>
        <time>2025-03-28T16:45:21Z</time>
      </trkpt>
      <trkpt lat="50.074783333333336" lon="15.041216666666667">
        <ele>320</ele>
        <time>2025-03-28T16:45:22Z</time>
      </trkpt>
      <trkpt lat="50.07483333333333" lon="15.04105">
        <ele>321</ele>
        <time>2025-03-28T16:45:23Z</time>
      </trkpt>
      <trkpt lat="50.07488333333333" lon="15.040866666666666">
        <ele>321</ele>
        <time>2025-03-28T16:45:24Z</time>
      </trkpt>
      <trkpt lat="50.074933333333334" lon="15.0407">
        <ele>321</ele>
        <time>2025-03-28T16:45:25Z</time>
      </trkpt>
      <trkpt lat="50.07496666666667" lon="15.040516666666667">
        <ele>321</ele>
        <time>2025-03-28T16:45:26Z</time>
      </trkpt>
      <trkpt lat="50.075" lon="15.040333333333333">
        <ele>321</ele>
        <time>2025-03-28T16:45:27Z</time>
      </trkpt>
      <trkpt lat="50.07505" lon="15.04015">
        <ele>321</ele>
        <time>2025-03-28T16:45:28Z</time>
      </trkpt>
      <trkpt lat="50.07508333333333" lon="15.039966666666666">
        <ele>321</ele>
        <time>2025-03-28T16:45:29Z</time>
      </trkpt>
      <trkpt lat="50.075116666666666" lon="15.0398">
        <ele>321</ele>
        <time>2025-03-28T16:45:30Z</time>
      </trkpt>
      <trkpt lat="50.07513333333333" lon="15.039633333333333">
        <ele>322</ele>
        <time>2025-03-28T16:45:31Z</time>
      </trkpt>
      <trkpt lat="50.07516666666667" lon="15.039466666666666">
        <ele>323</ele>
        <time>2025-03-28T16:45:32Z</time>
      </trkpt>
      <trkpt lat="50.075183333333335" lon="15.0393">
        <ele>323</ele>
        <time>2025-03-28T16:45:33Z</time>
      </trkpt>
      <trkpt lat="50.0752" lon="15.039116666666667">
        <ele>324</ele>
        <time>2025-03-28T16:45:34Z</time>
      </trkpt>
      <trkpt lat="50.07523333333334" lon="15.03895">
        <ele>324</ele>
        <time>2025-03-28T16:45:35Z</time>
      </trkpt>
      <trkpt lat="50.07525" lon="15.038766666666668">
        <ele>324</ele>
        <time>2025-03-28T16:45:36Z</time>
      </trkpt>
      <trkpt lat="50.075266666666664" lon="15.038583333333333">
        <ele>324</ele>
        <time>2025-03-28T16:45:37Z</time>
      </trkpt>
      <trkpt lat="50.07528333333333" lon="15.0384">
        <ele>324</ele>
        <time>2025-03-28T16:45:38Z</time>
      </trkpt>
      <trkpt lat="50.0753" lon="15.038233333333332">
        <ele>325</ele>
        <time>2025-03-28T16:45:39Z</time>
      </trkpt>
      <trkpt lat="50.075316666666666" lon="15.03805">
        <ele>325</ele>
        <time>2025-03-28T16:45:40Z</time>
      </trkpt>
      <trkpt lat="50.07535" lon="15.037883333333333">
        <ele>325</ele>
        <time>2025-03-28T16:45:41Z</time>
      </trkpt>
      <trkpt lat="50.07536666666667" lon="15.0377">
        <ele>325</ele>
        <time>2025-03-28T16:45:42Z</time>
      </trkpt>
      <trkpt lat="50.075383333333335" lon="15.037516666666667">
        <ele>326</ele>
        <time>2025-03-28T16:45:43Z</time>
      </trkpt>
      <trkpt lat="50.0754" lon="15.03735">
        <ele>326</ele>
        <time>2025-03-28T16:45:44Z</time>
      </trkpt>
      <trkpt lat="50.07541666666667" lon="15.037166666666666">
        <ele>326</ele>
        <time>2025-03-28T16:45:45Z</time>
      </trkpt>
      <trkpt lat="50.075433333333336" lon="15.036983333333334">
        <ele>326</ele>
        <time>2025-03-28T16:45:46Z</time>
      </trkpt>
      <trkpt lat="50.075466666666664" lon="15.036816666666667">
        <ele>326</ele>
        <time>2025-03-28T16:45:47Z</time>
      </trkpt>
      <trkpt lat="50.07548333333333" lon="15.036633333333333">
        <ele>327</ele>
        <time>2025-03-28T16:45:48Z</time>
      </trkpt>
      <trkpt lat="50.0755" lon="15.03645">
        <ele>327</ele>
        <time>2025-03-28T16:45:49Z</time>
      </trkpt>
      <trkpt lat="50.075516666666665" lon="15.036266666666666">
        <ele>327</ele>
        <time>2025-03-28T16:45:50Z</time>
      </trkpt>
      <trkpt lat="50.07555" lon="15.036083333333334">
        <ele>327</ele>
        <time>2025-03-28T16:45:51Z</time>
      </trkpt>
      <trkpt lat="50.07556666666667" lon="15.0359">
        <ele>327</ele>
        <time>2025-03-28T16:45:52Z</time>
      </trkpt>
      <trkpt lat="50.0756" lon="15.035733333333333">
        <ele>327</ele>
        <time>2025-03-28T16:45:53Z</time>
      </trkpt>
      <trkpt lat="50.07561666666667" lon="15.03555">
        <ele>327</ele>
        <time>2025-03-28T16:45:54Z</time>
      </trkpt>
      <trkpt lat="50.075633333333336" lon="15.035383333333334">
        <ele>327</ele>
        <time>2025-03-28T16:45:55Z</time>
      </trkpt>
      <trkpt lat="50.07565" lon="15.0352">
        <ele>327</ele>
        <time>2025-03-28T16:45:56Z</time>
      </trkpt>
      <trkpt lat="50.07566666666666" lon="15.035016666666667">
        <ele>327</ele>
        <time>2025-03-28T16:45:57Z</time>
      </trkpt>
      <trkpt lat="50.07568333333333" lon="15.034833333333333">
        <ele>327</ele>
        <time>2025-03-28T16:45:58Z</time>
      </trkpt>
      <trkpt lat="50.0757" lon="15.03465">
        <ele>327</ele>
        <time>2025-03-28T16:45:59Z</time>
      </trkpt>
      <trkpt lat="50.075716666666665" lon="15.034466666666667">
        <ele>327</ele>
        <time>2025-03-28T16:46:00Z</time>
      </trkpt>
      <trkpt lat="50.075716666666665" lon="15.0343">
        <ele>327</ele>
        <time>2025-03-28T16:46:01Z</time>
      </trkpt>
      <trkpt lat="50.0757" lon="15.034133333333333">
        <ele>327</ele>
        <time>2025-03-28T16:46:02Z</time>
      </trkpt>
      <trkpt lat="50.07568333333333" lon="15.033966666666666">
        <ele>327</ele>
        <time>2025-03-28T16:46:03Z</time>
      </trkpt>
      <trkpt lat="50.075633333333336" lon="15.033816666666667">
        <ele>327</ele>
        <time>2025-03-28T16:46:04Z</time>
      </trkpt>
      <trkpt lat="50.07556666666667" lon="15.03365">
        <ele>327</ele>
        <time>2025-03-28T16:46:05Z</time>
      </trkpt>
      <trkpt lat="50.075516666666665" lon="15.033516666666667">
        <ele>328</ele>
        <time>2025-03-28T16:46:06Z</time>
      </trkpt>
      <trkpt lat="50.075433333333336" lon="15.033416666666668">
        <ele>328</ele>
        <time>2025-03-28T16:46:07Z</time>
      </trkpt>
      <trkpt lat="50.07535" lon="15.03335">
        <ele>328</ele>
        <time>2025-03-28T16:46:08Z</time>
      </trkpt>
      <trkpt lat="50.07525" lon="15.033366666666666">
        <ele>328</ele>
        <time>2025-03-28T16:46:09Z</time>
      </trkpt>
      <trkpt lat="50.07516666666667" lon="15.033416666666668">
        <ele>328</ele>
        <time>2025-03-28T16:46:10Z</time>
      </trkpt>
      <trkpt lat="50.0751" lon="15.0335">
        <ele>328</ele>
        <time>2025-03-28T16:46:11Z</time>
      </trkpt>
      <trkpt lat="50.07508333333333" lon="15.033683333333334">
        <ele>327</ele>
        <time>2025-03-28T16:46:12Z</time>
      </trkpt>
      <trkpt lat="50.07516666666667" lon="15.033866666666666">
        <ele>326</ele>
        <time>2025-03-28T16:46:13Z</time>
      </trkpt>
      <trkpt lat="50.0753" lon="15.033933333333334">
        <ele>323</ele>
        <time>2025-03-28T16:46:14Z</time>
      </trkpt>
      <trkpt lat="50.075466666666664" lon="15.03385">
        <ele>320</ele>
        <time>2025-03-28T16:46:15Z</time>
      </trkpt>
      <trkpt lat="50.07556666666667" lon="15.033666666666667">
        <ele>317</ele>
        <time>2025-03-28T16:46:16Z</time>
      </trkpt>
      <trkpt lat="50.07556666666667" lon="15.0334">
        <ele>313</ele>
        <time>2025-03-28T16:46:17Z</time>
      </trkpt>
      <trkpt lat="50.075516666666665" lon="15.0332">
        <ele>309</ele>
        <time>2025-03-28T16:46:18Z</time>
      </trkpt>
      <trkpt lat="50.075433333333336" lon="15.03305">
        <ele>307</ele>
        <time>2025-03-28T16:46:19Z</time>
      </trkpt>
      <trkpt lat="50.07536666666667" lon="15.032933333333334">
        <ele>307</ele>
        <time>2025-03-28T16:46:20Z</time>
      </trkpt>
      <trkpt lat="50.075316666666666" lon="15.032766666666667">
        <ele>307</ele>
        <time>2025-03-28T16:46:21Z</time>
      </trkpt>
      <trkpt lat="50.0753" lon="15.0326">
        <ele>308</ele>
        <time>2025-03-28T16:46:22Z</time>
      </trkpt>
      <trkpt lat="50.075266666666664" lon="15.032416666666666">
        <ele>309</ele>
        <time>2025-03-28T16:46:23Z</time>
      </trkpt>
      <trkpt lat="50.075266666666664" lon="15.032233333333334">
        <ele>310</ele>
        <time>2025-03-28T16:46:24Z</time>
      </trkpt>
      <trkpt lat="50.07528333333333" lon="15.032066666666667">
        <ele>311</ele>
        <time>2025-03-28T16:46:25Z</time>
      </trkpt>
      <trkpt lat="50.075316666666666" lon="15.031883333333333">
        <ele>311</ele>
        <time>2025-03-28T16:46:26Z</time>
      </trkpt>
      <trkpt lat="50.07533333333333" lon="15.031716666666666">
        <ele>312</ele>
        <time>2025-03-28T16:46:27Z</time>
      </trkpt>
      <trkpt lat="50.07535" lon="15.031533333333334">
        <ele>312</ele>
        <time>2025-03-28T16:46:28Z</time>
      </trkpt>
      <trkpt lat="50.07536666666667" lon="15.03135">
        <ele>312</ele>
        <time>2025-03-28T16:46:29Z</time>
      </trkpt>
      <trkpt lat="50.075383333333335" lon="15.031166666666667">
        <ele>312</ele>
        <time>2025-03-28T16:46:30Z</time>
      </trkpt>
      <trkpt lat="50.07541666666667" lon="15.030983333333333">
        <ele>311</ele>
        <time>2025-03-28T16:46:31Z</time>
      </trkpt>
      <trkpt lat="50.075433333333336" lon="15.030816666666666">
        <ele>312</ele>
        <time>2025-03-28T16:46:32Z</time>
      </trkpt>
      <trkpt lat="50.075433333333336" lon="15.030633333333334">
        <ele>312</ele>
        <time>2025-03-28T16:46:33Z</time>
      </trkpt>
      <trkpt lat="50.07541666666667" lon="15.030466666666667">
        <ele>312</ele>
        <time>2025-03-28T16:46:34Z</time>
      </trkpt>
      <trkpt lat="50.07541666666667" lon="15.030283333333333">
        <ele>311</ele>
        <time>2025-03-28T16:46:35Z</time>
      </trkpt>
      <trkpt lat="50.07541666666667" lon="15.0301">
        <ele>311</ele>
        <time>2025-03-28T16:46:36Z</time>
      </trkpt>
      <trkpt lat="50.07541666666667" lon="15.029933333333334">
        <ele>310</ele>
        <time>2025-03-28T16:46:37Z</time>
      </trkpt>
      <trkpt lat="50.07545" lon="15.02975">
        <ele>309</ele>
        <time>2025-03-28T16:46:38Z</time>
      </trkpt>
      <trkpt lat="50.07548333333333" lon="15.029566666666666">
        <ele>308</ele>
        <time>2025-03-28T16:46:39Z</time>
      </trkpt>
      <trkpt lat="50.07555" lon="15.029416666666666">
        <ele>307</ele>
        <time>2025-03-28T16:46:40Z</time>
      </trkpt>
      <trkpt lat="50.0756" lon="15.029266666666667">
        <ele>306</ele>
        <time>2025-03-28T16:46:41Z</time>
      </trkpt>
      <trkpt lat="50.07566666666666" lon="15.0291">
        <ele>305</ele>
        <time>2025-03-28T16:46:42Z</time>
      </trkpt>
      <trkpt lat="50.07575" lon="15.02895">
        <ele>304</ele>
        <time>2025-03-28T16:46:43Z</time>
      </trkpt>
      <trkpt lat="50.07581666666667" lon="15.028783333333333">
        <ele>302</ele>
        <time>2025-03-28T16:46:44Z</time>
      </trkpt>
      <trkpt lat="50.07588333333333" lon="15.028616666666666">
        <ele>300</ele>
        <time>2025-03-28T16:46:45Z</time>
      </trkpt>
      <trkpt lat="50.075966666666666" lon="15.02845">
        <ele>299</ele>
        <time>2025-03-28T16:46:46Z</time>
      </trkpt>
      <trkpt lat="50.076033333333335" lon="15.028283333333333">
        <ele>300</ele>
        <time>2025-03-28T16:46:47Z</time>
      </trkpt>
      <trkpt lat="50.0761" lon="15.028133333333333">
        <ele>300</ele>
        <time>2025-03-28T16:46:48Z</time>
      </trkpt>
      <trkpt lat="50.07618333333333" lon="15.027983333333333">
        <ele>300</ele>
        <time>2025-03-28T16:46:49Z</time>
      </trkpt>
      <trkpt lat="50.07625" lon="15.027816666666666">
        <ele>300</ele>
        <time>2025-03-28T16:46:50Z</time>
      </trkpt>
      <trkpt lat="50.07633333333333" lon="15.027683333333334">
        <ele>300</ele>
        <time>2025-03-28T16:46:51Z</time>
      </trkpt>
      <trkpt lat="50.076433333333334" lon="15.02755">
        <ele>300</ele>
        <time>2025-03-28T16:46:52Z</time>
      </trkpt>
      <trkpt lat="50.07651666666667" lon="15.0274">
        <ele>299</ele>
        <time>2025-03-28T16:46:53Z</time>
      </trkpt>
      <trkpt lat="50.076616666666666" lon="15.027266666666666">
        <ele>299</ele>
        <time>2025-03-28T16:46:54Z</time>
      </trkpt>
      <trkpt lat="50.0767" lon="15.027133333333333">
        <ele>299</ele>
        <time>2025-03-28T16:46:55Z</time>
      </trkpt>
      <trkpt lat="50.0768" lon="15.027">
        <ele>299</ele>
        <time>2025-03-28T16:46:56Z</time>
      </trkpt>
      <trkpt lat="50.076883333333335" lon="15.026866666666667">
        <ele>299</ele>
        <time>2025-03-28T16:46:57Z</time>
      </trkpt>
      <trkpt lat="50.07698333333333" lon="15.026733333333333">
        <ele>299</ele>
        <time>2025-03-28T16:46:58Z</time>
      </trkpt>
      <trkpt lat="50.07706666666667" lon="15.0266">
        <ele>299</ele>
        <time>2025-03-28T16:46:59Z</time>
      </trkpt>
      <trkpt lat="50.07715" lon="15.026466666666666">
        <ele>299</ele>
        <time>2025-03-28T16:47:00Z</time>
      </trkpt>
      <trkpt lat="50.07723333333333" lon="15.026333333333334">
        <ele>299</ele>
        <time>2025-03-28T16:47:01Z</time>
      </trkpt>
      <trkpt lat="50.077333333333335" lon="15.0262">
        <ele>299</ele>
        <time>2025-03-28T16:47:02Z</time>
      </trkpt>
      <trkpt lat="50.077416666666664" lon="15.026066666666667">
        <ele>299</ele>
        <time>2025-03-28T16:47:03Z</time>
      </trkpt>
      <trkpt lat="50.07751666666667" lon="15.025933333333333">
        <ele>299</ele>
        <time>2025-03-28T16:47:04Z</time>
      </trkpt>
      <trkpt lat="50.0776" lon="15.025783333333333">
        <ele>299</ele>
        <time>2025-03-28T16:47:05Z</time>
      </trkpt>
      <trkpt lat="50.0777" lon="15.02565">
        <ele>299</ele>
        <time>2025-03-28T16:47:06Z</time>
      </trkpt>
      <trkpt lat="50.077783333333336" lon="15.025516666666666">
        <ele>299</ele>
        <time>2025-03-28T16:47:07Z</time>
      </trkpt>
      <trkpt lat="50.077866666666665" lon="15.025366666666667">
        <ele>300</ele>
        <time>2025-03-28T16:47:08Z</time>
      </trkpt>
      <trkpt lat="50.07796666666667" lon="15.025233333333333">
        <ele>300</ele>
        <time>2025-03-28T16:47:09Z</time>
      </trkpt>
      <trkpt lat="50.078066666666665" lon="15.0251">
        <ele>300</ele>
        <time>2025-03-28T16:47:10Z</time>
      </trkpt>
      <trkpt lat="50.07815" lon="15.02495">
        <ele>300</ele>
        <time>2025-03-28T16:47:11Z</time>
      </trkpt>
      <trkpt lat="50.07823333333333" lon="15.024816666666666">
        <ele>300</ele>
        <time>2025-03-28T16:47:12Z</time>
      </trkpt>
      <trkpt lat="50.078316666666666" lon="15.024666666666667">
        <ele>300</ele>
        <time>2025-03-28T16:47:13Z</time>
      </trkpt>
      <trkpt lat="50.0784" lon="15.024533333333334">
        <ele>300</ele>
        <time>2025-03-28T16:47:14Z</time>
      </trkpt>
      <trkpt lat="50.0785" lon="15.0244">
        <ele>300</ele>
        <time>2025-03-28T16:47:15Z</time>
      </trkpt>
      <trkpt lat="50.078583333333334" lon="15.02425">
        <ele>300</ele>
        <time>2025-03-28T16:47:16Z</time>
      </trkpt>
      <trkpt lat="50.07865" lon="15.0241">
        <ele>301</ele>
        <time>2025-03-28T16:47:17Z</time>
      </trkpt>
      <trkpt lat="50.078716666666665" lon="15.023933333333334">
        <ele>301</ele>
        <time>2025-03-28T16:47:18Z</time>
      </trkpt>
      <trkpt lat="50.078783333333334" lon="15.02375">
        <ele>301</ele>
        <time>2025-03-28T16:47:19Z</time>
      </trkpt>
      <trkpt lat="50.07885" lon="15.023583333333333">
        <ele>301</ele>
        <time>2025-03-28T16:47:20Z</time>
      </trkpt>
      <trkpt lat="50.07893333333333" lon="15.023416666666666">
        <ele>301</ele>
        <time>2025-03-28T16:47:21Z</time>
      </trkpt>
      <trkpt lat="50.07901666666667" lon="15.02325">
        <ele>301</ele>
        <time>2025-03-28T16:47:22Z</time>
      </trkpt>
      <trkpt lat="50.07908333333334" lon="15.023083333333334">
        <ele>301</ele>
        <time>2025-03-28T16:47:23Z</time>
      </trkpt>
      <trkpt lat="50.07915" lon="15.022933333333333">
        <ele>302</ele>
        <time>2025-03-28T16:47:24Z</time>
      </trkpt>
      <trkpt lat="50.07921666666667" lon="15.022766666666667">
        <ele>302</ele>
        <time>2025-03-28T16:47:25Z</time>
      </trkpt>
      <trkpt lat="50.0793" lon="15.0226">
        <ele>302</ele>
        <time>2025-03-28T16:47:26Z</time>
      </trkpt>
      <trkpt lat="50.079366666666665" lon="15.022433333333334">
        <ele>302</ele>
        <time>2025-03-28T16:47:27Z</time>
      </trkpt>
      <trkpt lat="50.07945" lon="15.022283333333334">
        <ele>303</ele>
        <time>2025-03-28T16:47:28Z</time>
      </trkpt>
      <trkpt lat="50.07953333333333" lon="15.022133333333333">
        <ele>303</ele>
        <time>2025-03-28T16:47:29Z</time>
      </trkpt>
      <trkpt lat="50.079616666666666" lon="15.022">
        <ele>304</ele>
        <time>2025-03-28T16:47:30Z</time>
      </trkpt>
      <trkpt lat="50.0797" lon="15.021866666666666">
        <ele>304</ele>
        <time>2025-03-28T16:47:31Z</time>
      </trkpt>
      <trkpt lat="50.0798" lon="15.02175">
        <ele>304</ele>
        <time>2025-03-28T16:47:32Z</time>
      </trkpt>
      <trkpt lat="50.0799" lon="15.021633333333334">
        <ele>304</ele>
        <time>2025-03-28T16:47:33Z</time>
      </trkpt>
      <trkpt lat="50.08" lon="15.021516666666667">
        <ele>304</ele>
        <time>2025-03-28T16:47:34Z</time>
      </trkpt>
      <trkpt lat="50.08011666666667" lon="15.021433333333333">
        <ele>304</ele>
        <time>2025-03-28T16:47:35Z</time>
      </trkpt>
      <trkpt lat="50.08023333333333" lon="15.02135">
        <ele>304</ele>
        <time>2025-03-28T16:47:36Z</time>
      </trkpt>
      <trkpt lat="50.080333333333336" lon="15.021266666666667">
        <ele>305</ele>
        <time>2025-03-28T16:47:37Z</time>
      </trkpt>
      <trkpt lat="50.08045" lon="15.0212">
        <ele>305</ele>
        <time>2025-03-28T16:47:38Z</time>
      </trkpt>
      <trkpt lat="50.08056666666667" lon="15.02115">
        <ele>305</ele>
        <time>2025-03-28T16:47:39Z</time>
      </trkpt>
      <trkpt lat="50.08068333333333" lon="15.0211">
        <ele>305</ele>
        <time>2025-03-28T16:47:40Z</time>
      </trkpt>
      <trkpt lat="50.0808" lon="15.021066666666666">
        <ele>306</ele>
        <time>2025-03-28T16:47:41Z</time>
      </trkpt>
      <trkpt lat="50.08091666666667" lon="15.021016666666666">
        <ele>306</ele>
        <time>2025-03-28T16:47:42Z</time>
      </trkpt>
      <trkpt lat="50.08103333333333" lon="15.020983333333334">
        <ele>306</ele>
        <time>2025-03-28T16:47:43Z</time>
      </trkpt>
      <trkpt lat="50.08115" lon="15.02095">
        <ele>306</ele>
        <time>2025-03-28T16:47:44Z</time>
      </trkpt>
      <trkpt lat="50.081266666666664" lon="15.020933333333334">
        <ele>306</ele>
        <time>2025-03-28T16:47:45Z</time>
      </trkpt>
      <trkpt lat="50.081383333333335" lon="15.020933333333334">
        <ele>305</ele>
        <time>2025-03-28T16:47:46Z</time>
      </trkpt>
      <trkpt lat="50.0815" lon="15.020933333333334">
        <ele>304</ele>
        <time>2025-03-28T16:47:47Z</time>
      </trkpt>
      <trkpt lat="50.081633333333336" lon="15.020933333333334">
        <ele>302</ele>
        <time>2025-03-28T16:47:48Z</time>
      </trkpt>
      <trkpt lat="50.08176666666667" lon="15.020933333333334">
        <ele>301</ele>
        <time>2025-03-28T16:47:49Z</time>
      </trkpt>
      <trkpt lat="50.08188333333333" lon="15.020933333333334">
        <ele>299</ele>
        <time>2025-03-28T16:47:50Z</time>
      </trkpt>
      <trkpt lat="50.082" lon="15.020933333333334">
        <ele>298</ele>
        <time>2025-03-28T16:47:51Z</time>
      </trkpt>
      <trkpt lat="50.08213333333333" lon="15.020933333333334">
        <ele>296</ele>
        <time>2025-03-28T16:47:52Z</time>
      </trkpt>
      <trkpt lat="50.08225" lon="15.020933333333334">
        <ele>295</ele>
        <time>2025-03-28T16:47:53Z</time>
      </trkpt>
      <trkpt lat="50.082366666666665" lon="15.020933333333334">
        <ele>294</ele>
        <time>2025-03-28T16:47:54Z</time>
      </trkpt>
      <trkpt lat="50.0825" lon="15.020933333333334">
        <ele>292</ele>
        <time>2025-03-28T16:47:55Z</time>
      </trkpt>
      <trkpt lat="50.08261666666667" lon="15.020933333333334">
        <ele>292</ele>
        <time>2025-03-28T16:47:56Z</time>
      </trkpt>
      <trkpt lat="50.08273333333333" lon="15.02095">
        <ele>291</ele>
        <time>2025-03-28T16:47:57Z</time>
      </trkpt>
      <trkpt lat="50.08285" lon="15.020983333333334">
        <ele>290</ele>
        <time>2025-03-28T16:47:58Z</time>
      </trkpt>
      <trkpt lat="50.082966666666664" lon="15.021016666666666">
        <ele>290</ele>
        <time>2025-03-28T16:47:59Z</time>
      </trkpt>
      <trkpt lat="50.083083333333335" lon="15.021033333333333">
        <ele>289</ele>
        <time>2025-03-28T16:48:00Z</time>
      </trkpt>
      <trkpt lat="50.0832" lon="15.021016666666666">
        <ele>288</ele>
        <time>2025-03-28T16:48:01Z</time>
      </trkpt>
      <trkpt lat="50.08331666666667" lon="15.020933333333334">
        <ele>288</ele>
        <time>2025-03-28T16:48:02Z</time>
      </trkpt>
      <trkpt lat="50.083416666666665" lon="15.0208">
        <ele>287</ele>
        <time>2025-03-28T16:48:03Z</time>
      </trkpt>
      <trkpt lat="50.08351666666667" lon="15.020683333333332">
        <ele>286</ele>
        <time>2025-03-28T16:48:04Z</time>
      </trkpt>
      <trkpt lat="50.083616666666664" lon="15.020566666666667">
        <ele>287</ele>
        <time>2025-03-28T16:48:05Z</time>
      </trkpt>
      <trkpt lat="50.0837" lon="15.020433333333333">
        <ele>287</ele>
        <time>2025-03-28T16:48:06Z</time>
      </trkpt>
      <trkpt lat="50.083783333333336" lon="15.0203">
        <ele>286</ele>
        <time>2025-03-28T16:48:07Z</time>
      </trkpt>
      <trkpt lat="50.08388333333333" lon="15.02015">
        <ele>286</ele>
        <time>2025-03-28T16:48:08Z</time>
      </trkpt>
      <trkpt lat="50.083983333333336" lon="15.019983333333334">
        <ele>285</ele>
        <time>2025-03-28T16:48:09Z</time>
      </trkpt>
      <trkpt lat="50.084066666666665" lon="15.019816666666667">
        <ele>285</ele>
        <time>2025-03-28T16:48:10Z</time>
      </trkpt>
      <trkpt lat="50.08416666666667" lon="15.019666666666666">
        <ele>285</ele>
        <time>2025-03-28T16:48:11Z</time>
      </trkpt>
      <trkpt lat="50.08425" lon="15.019533333333333">
        <ele>285</ele>
        <time>2025-03-28T16:48:12Z</time>
      </trkpt>
      <trkpt lat="50.08433333333333" lon="15.019383333333334">
        <ele>286</ele>
        <time>2025-03-28T16:48:13Z</time>
      </trkpt>
      <trkpt lat="50.0844" lon="15.019216666666667">
        <ele>286</ele>
        <time>2025-03-28T16:48:14Z</time>
      </trkpt>
      <trkpt lat="50.08448333333333" lon="15.019066666666667">
        <ele>287</ele>
        <time>2025-03-28T16:48:15Z</time>
      </trkpt>
      <trkpt lat="50.08455" lon="15.018916666666666">
        <ele>287</ele>
        <time>2025-03-28T16:48:16Z</time>
      </trkpt>
      <trkpt lat="50.08461666666667" lon="15.018766666666666">
        <ele>288</ele>
        <time>2025-03-28T16:48:17Z</time>
      </trkpt>
      <trkpt lat="50.0847" lon="15.0186">
        <ele>288</ele>
        <time>2025-03-28T16:48:18Z</time>
      </trkpt>
      <trkpt lat="50.08476666666667" lon="15.018433333333334">
        <ele>288</ele>
        <time>2025-03-28T16:48:19Z</time>
      </trkpt>
      <trkpt lat="50.084833333333336" lon="15.018283333333333">
        <ele>287</ele>
        <time>2025-03-28T16:48:20Z</time>
      </trkpt>
      <trkpt lat="50.0849" lon="15.018116666666666">
        <ele>287</ele>
        <time>2025-03-28T16:48:21Z</time>
      </trkpt>
      <trkpt lat="50.084966666666666" lon="15.01795">
        <ele>287</ele>
        <time>2025-03-28T16:48:22Z</time>
      </trkpt>
      <trkpt lat="50.08501666666667" lon="15.017766666666667">
        <ele>287</ele>
        <time>2025-03-28T16:48:23Z</time>
      </trkpt>
      <trkpt lat="50.08508333333333" lon="15.0176">
        <ele>287</ele>
        <time>2025-03-28T16:48:24Z</time>
      </trkpt>
      <trkpt lat="50.08513333333333" lon="15.017416666666668">
        <ele>286</ele>
        <time>2025-03-28T16:48:25Z</time>
      </trkpt>
      <trkpt lat="50.0852" lon="15.017266666666666">
        <ele>286</ele>
        <time>2025-03-28T16:48:26Z</time>
      </trkpt>
      <trkpt lat="50.08526666666667" lon="15.0171">
        <ele>286</ele>
        <time>2025-03-28T16:48:27Z</time>
      </trkpt>
      <trkpt lat="50.08535" lon="15.01695">
        <ele>286</ele>
        <time>2025-03-28T16:48:28Z</time>
      </trkpt>
      <trkpt lat="50.08541666666667" lon="15.016833333333333">
        <ele>287</ele>
        <time>2025-03-28T16:48:29Z</time>
      </trkpt>
      <trkpt lat="50.08551666666666" lon="15.0167">
        <ele>286</ele>
        <time>2025-03-28T16:48:30Z</time>
      </trkpt>
      <trkpt lat="50.08561666666667" lon="15.0166">
        <ele>286</ele>
        <time>2025-03-28T16:48:31Z</time>
      </trkpt>
      <trkpt lat="50.08573333333333" lon="15.016483333333333">
        <ele>286</ele>
        <time>2025-03-28T16:48:32Z</time>
      </trkpt>
      <trkpt lat="50.08583333333333" lon="15.016366666666666">
        <ele>287</ele>
        <time>2025-03-28T16:48:33Z</time>
      </trkpt>
      <trkpt lat="50.08591666666667" lon="15.01625">
        <ele>287</ele>
        <time>2025-03-28T16:48:34Z</time>
      </trkpt>
      <trkpt lat="50.086016666666666" lon="15.016116666666667">
        <ele>286</ele>
        <time>2025-03-28T16:48:35Z</time>
      </trkpt>
      <trkpt lat="50.0861" lon="15.015983333333333">
        <ele>286</ele>
        <time>2025-03-28T16:48:36Z</time>
      </trkpt>
      <trkpt lat="50.08618333333333" lon="15.01585">
        <ele>286</ele>
        <time>2025-03-28T16:48:37Z</time>
      </trkpt>
      <trkpt lat="50.086283333333334" lon="15.015716666666666">
        <ele>286</ele>
        <time>2025-03-28T16:48:38Z</time>
      </trkpt>
      <trkpt lat="50.08636666666666" lon="15.0156">
        <ele>286</ele>
        <time>2025-03-28T16:48:39Z</time>
      </trkpt>
      <trkpt lat="50.08646666666667" lon="15.015483333333334">
        <ele>286</ele>
        <time>2025-03-28T16:48:40Z</time>
      </trkpt>
      <trkpt lat="50.08655" lon="15.015383333333334">
        <ele>287</ele>
        <time>2025-03-28T16:48:41Z</time>
      </trkpt>
      <trkpt lat="50.08665" lon="15.015266666666667">
        <ele>287</ele>
        <time>2025-03-28T16:48:42Z</time>
      </trkpt>
      <trkpt lat="50.08676666666667" lon="15.01515">
        <ele>286</ele>
        <time>2025-03-28T16:48:43Z</time>
      </trkpt>
      <trkpt lat="50.08688333333333" lon="15.015033333333333">
        <ele>285</ele>
        <time>2025-03-28T16:48:44Z</time>
      </trkpt>
      <trkpt lat="50.087" lon="15.0149">
        <ele>284</ele>
        <time>2025-03-28T16:48:45Z</time>
      </trkpt>
      <trkpt lat="50.08711666666667" lon="15.01475">
        <ele>282</ele>
        <time>2025-03-28T16:48:46Z</time>
      </trkpt>
      <trkpt lat="50.08721666666667" lon="15.0146">
        <ele>280</ele>
        <time>2025-03-28T16:48:47Z</time>
      </trkpt>
      <trkpt lat="50.087316666666666" lon="15.01445">
        <ele>279</ele>
        <time>2025-03-28T16:48:48Z</time>
      </trkpt>
      <trkpt lat="50.08743333333334" lon="15.014316666666666">
        <ele>278</ele>
        <time>2025-03-28T16:48:49Z</time>
      </trkpt>
      <trkpt lat="50.08753333333333" lon="15.0142">
        <ele>278</ele>
        <time>2025-03-28T16:48:50Z</time>
      </trkpt>
      <trkpt lat="50.08765" lon="15.014083333333334">
        <ele>279</ele>
        <time>2025-03-28T16:48:51Z</time>
      </trkpt>
      <trkpt lat="50.08775" lon="15.013983333333334">
        <ele>279</ele>
        <time>2025-03-28T16:48:52Z</time>
      </trkpt>
      <trkpt lat="50.08785" lon="15.013916666666667">
        <ele>280</ele>
        <time>2025-03-28T16:48:53Z</time>
      </trkpt>
      <trkpt lat="50.08795" lon="15.013866666666667">
        <ele>281</ele>
        <time>2025-03-28T16:48:54Z</time>
      </trkpt>
      <trkpt lat="50.08806666666667" lon="15.0138">
        <ele>282</ele>
        <time>2025-03-28T16:48:55Z</time>
      </trkpt>
      <trkpt lat="50.08818333333333" lon="15.013733333333333">
        <ele>282</ele>
        <time>2025-03-28T16:48:56Z</time>
      </trkpt>
      <trkpt lat="50.0883" lon="15.013666666666667">
        <ele>282</ele>
        <time>2025-03-28T16:48:57Z</time>
      </trkpt>
      <trkpt lat="50.08841666666667" lon="15.0136">
        <ele>282</ele>
        <time>2025-03-28T16:48:58Z</time>
      </trkpt>
      <trkpt lat="50.08853333333333" lon="15.013533333333333">
        <ele>282</ele>
        <time>2025-03-28T16:48:59Z</time>
      </trkpt>
      <trkpt lat="50.088633333333334" lon="15.013466666666666">
        <ele>282</ele>
        <time>2025-03-28T16:49:00Z</time>
      </trkpt>
      <trkpt lat="50.088766666666665" lon="15.0134">
        <ele>283</ele>
        <time>2025-03-28T16:49:01Z</time>
      </trkpt>
      <trkpt lat="50.088883333333335" lon="15.013333333333334">
        <ele>284</ele>
        <time>2025-03-28T16:49:02Z</time>
      </trkpt>
      <trkpt lat="50.089" lon="15.013266666666667">
        <ele>285</ele>
        <time>2025-03-28T16:49:03Z</time>
      </trkpt>
      <trkpt lat="50.0891" lon="15.0132">
        <ele>287</ele>
        <time>2025-03-28T16:49:04Z</time>
      </trkpt>
      <trkpt lat="50.089216666666665" lon="15.0131">
        <ele>287</ele>
        <time>2025-03-28T16:49:05Z</time>
      </trkpt>
      <trkpt lat="50.089333333333336" lon="15.013016666666667">
        <ele>287</ele>
        <time>2025-03-28T16:49:06Z</time>
      </trkpt>
      <trkpt lat="50.08945" lon="15.0129">
        <ele>286</ele>
        <time>2025-03-28T16:49:07Z</time>
      </trkpt>
      <trkpt lat="50.08958333333333" lon="15.012783333333333">
        <ele>285</ele>
        <time>2025-03-28T16:49:08Z</time>
      </trkpt>
      <trkpt lat="50.08971666666667" lon="15.012666666666666">
        <ele>285</ele>
        <time>2025-03-28T16:49:09Z</time>
      </trkpt>
      <trkpt lat="50.08983333333333" lon="15.01255">
        <ele>284</ele>
        <time>2025-03-28T16:49:10Z</time>
      </trkpt>
      <trkpt lat="50.08995" lon="15.012433333333334">
        <ele>285</ele>
        <time>2025-03-28T16:49:11Z</time>
      </trkpt>
      <trkpt lat="50.090066666666665" lon="15.012316666666667">
        <ele>285</ele>
        <time>2025-03-28T16:49:12Z</time>
      </trkpt>
      <trkpt lat="50.09016666666667" lon="15.0122">
        <ele>286</ele>
        <time>2025-03-28T16:49:13Z</time>
      </trkpt>
      <trkpt lat="50.09028333333333" lon="15.012083333333333">
        <ele>287</ele>
        <time>2025-03-28T16:49:14Z</time>
      </trkpt>
      <trkpt lat="50.090383333333335" lon="15.01195">
        <ele>287</ele>
        <time>2025-03-28T16:49:15Z</time>
      </trkpt>
      <trkpt lat="50.0905" lon="15.011816666666666">
        <ele>287</ele>
        <time>2025-03-28T16:49:16Z</time>
      </trkpt>
      <trkpt lat="50.09061666666667" lon="15.011683333333334">
        <ele>287</ele>
        <time>2025-03-28T16:49:17Z</time>
      </trkpt>
      <trkpt lat="50.090716666666665" lon="15.01155">
        <ele>286</ele>
        <time>2025-03-28T16:49:18Z</time>
      </trkpt>
      <trkpt lat="50.090833333333336" lon="15.011433333333333">
        <ele>286</ele>
        <time>2025-03-28T16:49:19Z</time>
      </trkpt>
      <trkpt lat="50.09093333333333" lon="15.011283333333333">
        <ele>285</ele>
        <time>2025-03-28T16:49:20Z</time>
      </trkpt>
      <trkpt lat="50.09105" lon="15.011133333333333">
        <ele>284</ele>
        <time>2025-03-28T16:49:21Z</time>
      </trkpt>
      <trkpt lat="50.09115" lon="15.010983333333334">
        <ele>283</ele>
        <time>2025-03-28T16:49:22Z</time>
      </trkpt>
      <trkpt lat="50.09125" lon="15.010833333333334">
        <ele>282</ele>
        <time>2025-03-28T16:49:23Z</time>
      </trkpt>
      <trkpt lat="50.09135" lon="15.0107">
        <ele>282</ele>
        <time>2025-03-28T16:49:24Z</time>
      </trkpt>
      <trkpt lat="50.09145" lon="15.010566666666668">
        <ele>282</ele>
        <time>2025-03-28T16:49:25Z</time>
      </trkpt>
      <trkpt lat="50.09155" lon="15.01045">
        <ele>282</ele>
        <time>2025-03-28T16:49:26Z</time>
      </trkpt>
      <trkpt lat="50.09165" lon="15.010316666666666">
        <ele>283</ele>
        <time>2025-03-28T16:49:27Z</time>
      </trkpt>
      <trkpt lat="50.09173333333333" lon="15.010216666666667">
        <ele>283</ele>
        <time>2025-03-28T16:49:28Z</time>
      </trkpt>
      <trkpt lat="50.091833333333334" lon="15.010083333333334">
        <ele>284</ele>
        <time>2025-03-28T16:49:29Z</time>
      </trkpt>
      <trkpt lat="50.09191666666667" lon="15.009983333333333">
        <ele>284</ele>
        <time>2025-03-28T16:49:30Z</time>
      </trkpt>
      <trkpt lat="50.092016666666666" lon="15.009866666666667">
        <ele>284</ele>
        <time>2025-03-28T16:49:31Z</time>
      </trkpt>
      <trkpt lat="50.09211666666667" lon="15.009733333333333">
        <ele>283</ele>
        <time>2025-03-28T16:49:32Z</time>
      </trkpt>
      <trkpt lat="50.092216666666666" lon="15.009616666666666">
        <ele>281</ele>
        <time>2025-03-28T16:49:33Z</time>
      </trkpt>
      <trkpt lat="50.09231666666667" lon="15.009483333333334">
        <ele>280</ele>
        <time>2025-03-28T16:49:34Z</time>
      </trkpt>
      <trkpt lat="50.092416666666665" lon="15.00935">
        <ele>279</ele>
        <time>2025-03-28T16:49:35Z</time>
      </trkpt>
      <trkpt lat="50.09251666666667" lon="15.0092">
        <ele>277</ele>
        <time>2025-03-28T16:49:36Z</time>
      </trkpt>
      <trkpt lat="50.09263333333333" lon="15.009083333333333">
        <ele>277</ele>
        <time>2025-03-28T16:49:37Z</time>
      </trkpt>
      <trkpt lat="50.092733333333335" lon="15.008966666666666">
        <ele>278</ele>
        <time>2025-03-28T16:49:38Z</time>
      </trkpt>
      <trkpt lat="50.09283333333333" lon="15.008866666666666">
        <ele>279</ele>
        <time>2025-03-28T16:49:39Z</time>
      </trkpt>
      <trkpt lat="50.092933333333335" lon="15.008766666666666">
        <ele>279</ele>
        <time>2025-03-28T16:49:40Z</time>
      </trkpt>
      <trkpt lat="50.09303333333333" lon="15.008666666666667">
        <ele>281</ele>
        <time>2025-03-28T16:49:41Z</time>
      </trkpt>
      <trkpt lat="50.093133333333334" lon="15.008566666666667">
        <ele>282</ele>
        <time>2025-03-28T16:49:42Z</time>
      </trkpt>
      <trkpt lat="50.09323333333333" lon="15.008466666666667">
        <ele>283</ele>
        <time>2025-03-28T16:49:43Z</time>
      </trkpt>
      <trkpt lat="50.09331666666667" lon="15.008366666666667">
        <ele>285</ele>
        <time>2025-03-28T16:49:44Z</time>
      </trkpt>
      <trkpt lat="50.09341666666667" lon="15.008283333333333">
        <ele>287</ele>
        <time>2025-03-28T16:49:45Z</time>
      </trkpt>
      <trkpt lat="50.093516666666666" lon="15.0082">
        <ele>290</ele>
        <time>2025-03-28T16:49:46Z</time>
      </trkpt>
      <trkpt lat="50.0936" lon="15.008116666666666">
        <ele>292</ele>
        <time>2025-03-28T16:49:47Z</time>
      </trkpt>
      <trkpt lat="50.0937" lon="15.00805">
        <ele>295</ele>
        <time>2025-03-28T16:49:48Z</time>
      </trkpt>
      <trkpt lat="50.093783333333334" lon="15.007933333333334">
        <ele>297</ele>
        <time>2025-03-28T16:49:49Z</time>
      </trkpt>
      <trkpt lat="50.09388333333333" lon="15.007833333333334">
        <ele>298</ele>
        <time>2025-03-28T16:49:50Z</time>
      </trkpt>
      <trkpt lat="50.094" lon="15.007733333333332">
        <ele>298</ele>
        <time>2025-03-28T16:49:51Z</time>
      </trkpt>
      <trkpt lat="50.0941" lon="15.007633333333333">
        <ele>299</ele>
        <time>2025-03-28T16:49:52Z</time>
      </trkpt>
      <trkpt lat="50.0942" lon="15.00755">
        <ele>300</ele>
        <time>2025-03-28T16:49:53Z</time>
      </trkpt>
      <trkpt lat="50.094316666666664" lon="15.0075">
        <ele>301</ele>
        <time>2025-03-28T16:49:54Z</time>
      </trkpt>
      <trkpt lat="50.09441666666667" lon="15.00745">
        <ele>302</ele>
        <time>2025-03-28T16:49:55Z</time>
      </trkpt>
      <trkpt lat="50.094516666666664" lon="15.007383333333333">
        <ele>303</ele>
        <time>2025-03-28T16:49:56Z</time>
      </trkpt>
      <trkpt lat="50.094633333333334" lon="15.007333333333333">
        <ele>304</ele>
        <time>2025-03-28T16:49:57Z</time>
      </trkpt>
      <trkpt lat="50.09473333333333" lon="15.007283333333334">
        <ele>304</ele>
        <time>2025-03-28T16:49:58Z</time>
      </trkpt>
      <trkpt lat="50.09485" lon="15.007233333333334">
        <ele>304</ele>
        <time>2025-03-28T16:49:59Z</time>
      </trkpt>
      <trkpt lat="50.094966666666664" lon="15.0072">
        <ele>303</ele>
        <time>2025-03-28T16:50:00Z</time>
      </trkpt>
      <trkpt lat="50.09506666666667" lon="15.00715">
        <ele>303</ele>
        <time>2025-03-28T16:50:01Z</time>
      </trkpt>
      <trkpt lat="50.095166666666664" lon="15.007083333333334">
        <ele>302</ele>
        <time>2025-03-28T16:50:02Z</time>
      </trkpt>
      <trkpt lat="50.095283333333334" lon="15.007016666666667">
        <ele>301</ele>
        <time>2025-03-28T16:50:03Z</time>
      </trkpt>
      <trkpt lat="50.0954" lon="15.00695">
        <ele>299</ele>
        <time>2025-03-28T16:50:04Z</time>
      </trkpt>
      <trkpt lat="50.0955" lon="15.006883333333333">
        <ele>298</ele>
        <time>2025-03-28T16:50:05Z</time>
      </trkpt>
      <trkpt lat="50.09563333333333" lon="15.006916666666667">
        <ele>296</ele>
        <time>2025-03-28T16:50:06Z</time>
      </trkpt>
      <trkpt lat="50.09575" lon="15.007">
        <ele>295</ele>
        <time>2025-03-28T16:50:07Z</time>
      </trkpt>
      <trkpt lat="50.09585" lon="15.007116666666667">
        <ele>293</ele>
        <time>2025-03-28T16:50:08Z</time>
      </trkpt>
      <trkpt lat="50.09596666666667" lon="15.007166666666667">
        <ele>292</ele>
        <time>2025-03-28T16:50:09Z</time>
      </trkpt>
      <trkpt lat="50.0961" lon="15.007116666666667">
        <ele>291</ele>
        <time>2025-03-28T16:50:10Z</time>
      </trkpt>
      <trkpt lat="50.096183333333336" lon="15.006933333333333">
        <ele>289</ele>
        <time>2025-03-28T16:50:11Z</time>
      </trkpt>
      <trkpt lat="50.09625" lon="15.0067">
        <ele>286</ele>
        <time>2025-03-28T16:50:12Z</time>
      </trkpt>
      <trkpt lat="50.09628333333333" lon="15.0065">
        <ele>284</ele>
        <time>2025-03-28T16:50:13Z</time>
      </trkpt>
      <trkpt lat="50.09636666666667" lon="15.006333333333334">
        <ele>283</ele>
        <time>2025-03-28T16:50:14Z</time>
      </trkpt>
      <trkpt lat="50.096466666666664" lon="15.006216666666667">
        <ele>284</ele>
        <time>2025-03-28T16:50:15Z</time>
      </trkpt>
      <trkpt lat="50.09655" lon="15.006083333333333">
        <ele>285</ele>
        <time>2025-03-28T16:50:16Z</time>
      </trkpt>
      <trkpt lat="50.09663333333334" lon="15.005966666666666">
        <ele>285</ele>
        <time>2025-03-28T16:50:17Z</time>
      </trkpt>
      <trkpt lat="50.096716666666666" lon="15.005816666666666">
        <ele>286</ele>
        <time>2025-03-28T16:50:18Z</time>
      </trkpt>
      <trkpt lat="50.0968" lon="15.005666666666666">
        <ele>286</ele>
        <time>2025-03-28T16:50:19Z</time>
      </trkpt>
      <trkpt lat="50.0969" lon="15.0055">
        <ele>285</ele>
        <time>2025-03-28T16:50:20Z</time>
      </trkpt>
      <trkpt lat="50.096983333333334" lon="15.005366666666667">
        <ele>285</ele>
        <time>2025-03-28T16:50:21Z</time>
      </trkpt>
      <trkpt lat="50.09706666666667" lon="15.00525">
        <ele>284</ele>
        <time>2025-03-28T16:50:22Z</time>
      </trkpt>
      <trkpt lat="50.09713333333333" lon="15.0051">
        <ele>283</ele>
        <time>2025-03-28T16:50:23Z</time>
      </trkpt>
      <trkpt lat="50.0972" lon="15.00495">
        <ele>282</ele>
        <time>2025-03-28T16:50:24Z</time>
      </trkpt>
      <trkpt lat="50.09726666666667" lon="15.004783333333334">
        <ele>281</ele>
        <time>2025-03-28T16:50:25Z</time>
      </trkpt>
      <trkpt lat="50.09733333333333" lon="15.004616666666667">
        <ele>279</ele>
        <time>2025-03-28T16:50:26Z</time>
      </trkpt>
      <trkpt lat="50.0974" lon="15.004433333333333">
        <ele>277</ele>
        <time>2025-03-28T16:50:27Z</time>
      </trkpt>
      <trkpt lat="50.09745" lon="15.004266666666666">
        <ele>275</ele>
        <time>2025-03-28T16:50:28Z</time>
      </trkpt>
      <trkpt lat="50.09748333333334" lon="15.004083333333334">
        <ele>274</ele>
        <time>2025-03-28T16:50:29Z</time>
      </trkpt>
      <trkpt lat="50.09753333333333" lon="15.003916666666667">
        <ele>272</ele>
        <time>2025-03-28T16:50:30Z</time>
      </trkpt>
      <trkpt lat="50.097566666666665" lon="15.00375">
        <ele>271</ele>
        <time>2025-03-28T16:50:31Z</time>
      </trkpt>
      <trkpt lat="50.09761666666667" lon="15.003566666666666">
        <ele>270</ele>
        <time>2025-03-28T16:50:32Z</time>
      </trkpt>
      <trkpt lat="50.09765" lon="15.003383333333334">
        <ele>270</ele>
        <time>2025-03-28T16:50:33Z</time>
      </trkpt>
      <trkpt lat="50.097683333333336" lon="15.003216666666667">
        <ele>271</ele>
        <time>2025-03-28T16:50:34Z</time>
      </trkpt>
      <trkpt lat="50.09765" lon="15.003066666666667">
        <ele>271</ele>
        <time>2025-03-28T16:50:35Z</time>
      </trkpt>
      <trkpt lat="50.0976" lon="15.002933333333333">
        <ele>271</ele>
        <time>2025-03-28T16:50:36Z</time>
      </trkpt>
      <trkpt lat="50.0975" lon="15.002866666666666">
        <ele>270</ele>
        <time>2025-03-28T16:50:37Z</time>
      </trkpt>
      <trkpt lat="50.0974" lon="15.002833333333333">
        <ele>269</ele>
        <time>2025-03-28T16:50:38Z</time>
      </trkpt>
      <trkpt lat="50.09728333333333" lon="15.002766666666666">
        <ele>266</ele>
        <time>2025-03-28T16:50:39Z</time>
      </trkpt>
      <trkpt lat="50.097183333333334" lon="15.002666666666666">
        <ele>264</ele>
        <time>2025-03-28T16:50:40Z</time>
      </trkpt>
      <trkpt lat="50.0971" lon="15.00255">
        <ele>262</ele>
        <time>2025-03-28T16:50:41Z</time>
      </trkpt>
      <trkpt lat="50.097033333333336" lon="15.002416666666667">
        <ele>261</ele>
        <time>2025-03-28T16:50:42Z</time>
      </trkpt>
      <trkpt lat="50.096983333333334" lon="15.002283333333333">
        <ele>261</ele>
        <time>2025-03-28T16:50:43Z</time>
      </trkpt>
      <trkpt lat="50.09695" lon="15.00215">
        <ele>260</ele>
        <time>2025-03-28T16:50:44Z</time>
      </trkpt>
      <trkpt lat="50.0969" lon="15.002">
        <ele>259</ele>
        <time>2025-03-28T16:50:45Z</time>
      </trkpt>
      <trkpt lat="50.09686666666666" lon="15.00185">
        <ele>257</ele>
        <time>2025-03-28T16:50:46Z</time>
      </trkpt>
      <trkpt lat="50.096833333333336" lon="15.001683333333334">
        <ele>256</ele>
        <time>2025-03-28T16:50:47Z</time>
      </trkpt>
      <trkpt lat="50.0968" lon="15.0015">
        <ele>253</ele>
        <time>2025-03-28T16:50:48Z</time>
      </trkpt>
      <trkpt lat="50.096783333333335" lon="15.001316666666666">
        <ele>251</ele>
        <time>2025-03-28T16:50:49Z</time>
      </trkpt>
      <trkpt lat="50.09676666666667" lon="15.001133333333334">
        <ele>249</ele>
        <time>2025-03-28T16:50:50Z</time>
      </trkpt>
      <trkpt lat="50.09676666666667" lon="15.00095">
        <ele>247</ele>
        <time>2025-03-28T16:50:51Z</time>
      </trkpt>
      <trkpt lat="50.09676666666667" lon="15.000783333333333">
        <ele>245</ele>
        <time>2025-03-28T16:50:52Z</time>
      </trkpt>
      <trkpt lat="50.096783333333335" lon="15.0006">
        <ele>243</ele>
        <time>2025-03-28T16:50:53Z</time>
      </trkpt>
      <trkpt lat="50.0968" lon="15.000416666666666">
        <ele>241</ele>
        <time>2025-03-28T16:50:54Z</time>
      </trkpt>
      <trkpt lat="50.096833333333336" lon="15.000216666666667">
        <ele>239</ele>
        <time>2025-03-28T16:50:55Z</time>
      </trkpt>
      <trkpt lat="50.09685" lon="15.000033333333333">
        <ele>237</ele>
        <time>2025-03-28T16:50:56Z</time>
      </trkpt>
      <trkpt lat="50.09688333333333" lon="14.99985">
        <ele>236</ele>
        <time>2025-03-28T16:50:57Z</time>
      </trkpt>
      <trkpt lat="50.096916666666665" lon="14.999666666666666">
        <ele>236</ele>
        <time>2025-03-28T16:50:58Z</time>
      </trkpt>
      <trkpt lat="50.09695" lon="14.999483333333334">
        <ele>236</ele>
        <time>2025-03-28T16:50:59Z</time>
      </trkpt>
      <trkpt lat="50.096983333333334" lon="14.999316666666667">
        <ele>236</ele>
        <time>2025-03-28T16:51:00Z</time>
      </trkpt>
      <trkpt lat="50.09701666666667" lon="14.999133333333333">
        <ele>236</ele>
        <time>2025-03-28T16:51:01Z</time>
      </trkpt>
      <trkpt lat="50.09705" lon="14.99895">
        <ele>236</ele>
        <time>2025-03-28T16:51:02Z</time>
      </trkpt>
      <trkpt lat="50.0971" lon="14.998766666666667">
        <ele>235</ele>
        <time>2025-03-28T16:51:03Z</time>
      </trkpt>
      <trkpt lat="50.09713333333333" lon="14.998583333333332">
        <ele>235</ele>
        <time>2025-03-28T16:51:04Z</time>
      </trkpt>
      <trkpt lat="50.097166666666666" lon="14.9984">
        <ele>235</ele>
        <time>2025-03-28T16:51:05Z</time>
      </trkpt>
      <trkpt lat="50.0972" lon="14.998216666666666">
        <ele>235</ele>
        <time>2025-03-28T16:51:06Z</time>
      </trkpt>
      <trkpt lat="50.097233333333335" lon="14.998033333333334">
        <ele>235</ele>
        <time>2025-03-28T16:51:07Z</time>
      </trkpt>
      <trkpt lat="50.09728333333333" lon="14.997866666666667">
        <ele>235</ele>
        <time>2025-03-28T16:51:08Z</time>
      </trkpt>
      <trkpt lat="50.097316666666664" lon="14.997683333333333">
        <ele>235</ele>
        <time>2025-03-28T16:51:09Z</time>
      </trkpt>
      <trkpt lat="50.09735" lon="14.997516666666666">
        <ele>236</ele>
        <time>2025-03-28T16:51:10Z</time>
      </trkpt>
      <trkpt lat="50.09738333333333" lon="14.997333333333334">
        <ele>236</ele>
        <time>2025-03-28T16:51:11Z</time>
      </trkpt>
      <trkpt lat="50.097433333333335" lon="14.99715">
        <ele>236</ele>
        <time>2025-03-28T16:51:12Z</time>
      </trkpt>
      <trkpt lat="50.09746666666667" lon="14.996966666666667">
        <ele>236</ele>
        <time>2025-03-28T16:51:13Z</time>
      </trkpt>
      <trkpt lat="50.097516666666664" lon="14.996783333333333">
        <ele>236</ele>
        <time>2025-03-28T16:51:14Z</time>
      </trkpt>
      <trkpt lat="50.09755" lon="14.996616666666666">
        <ele>235</ele>
        <time>2025-03-28T16:51:15Z</time>
      </trkpt>
      <trkpt lat="50.09758333333333" lon="14.996433333333334">
        <ele>236</ele>
        <time>2025-03-28T16:51:16Z</time>
      </trkpt>
      <trkpt lat="50.09761666666667" lon="14.99625">
        <ele>236</ele>
        <time>2025-03-28T16:51:17Z</time>
      </trkpt>
      <trkpt lat="50.09765" lon="14.996066666666668">
        <ele>235</ele>
        <time>2025-03-28T16:51:18Z</time>
      </trkpt>
      <trkpt lat="50.0977" lon="14.995883333333333">
        <ele>235</ele>
        <time>2025-03-28T16:51:19Z</time>
      </trkpt>
      <trkpt lat="50.09773333333333" lon="14.9957">
        <ele>235</ele>
        <time>2025-03-28T16:51:20Z</time>
      </trkpt>
      <trkpt lat="50.097766666666665" lon="14.995516666666667">
        <ele>235</ele>
        <time>2025-03-28T16:51:21Z</time>
      </trkpt>
      <trkpt lat="50.0978" lon="14.995333333333333">
        <ele>235</ele>
        <time>2025-03-28T16:51:22Z</time>
      </trkpt>
      <trkpt lat="50.09781666666667" lon="14.99515">
        <ele>235</ele>
        <time>2025-03-28T16:51:23Z</time>
      </trkpt>
      <trkpt lat="50.09785" lon="14.994966666666667">
        <ele>236</ele>
        <time>2025-03-28T16:51:24Z</time>
      </trkpt>
      <trkpt lat="50.097883333333336" lon="14.994783333333332">
        <ele>236</ele>
        <time>2025-03-28T16:51:25Z</time>
      </trkpt>
      <trkpt lat="50.09793333333333" lon="14.994616666666667">
        <ele>236</ele>
        <time>2025-03-28T16:51:26Z</time>
      </trkpt>
      <trkpt lat="50.097966666666665" lon="14.994416666666666">
        <ele>235</ele>
        <time>2025-03-28T16:51:27Z</time>
      </trkpt>
      <trkpt lat="50.098" lon="14.994233333333334">
        <ele>235</ele>
        <time>2025-03-28T16:51:28Z</time>
      </trkpt>
      <trkpt lat="50.09805" lon="14.994066666666667">
        <ele>235</ele>
        <time>2025-03-28T16:51:29Z</time>
      </trkpt>
      <trkpt lat="50.098083333333335" lon="14.993883333333333">
        <ele>235</ele>
        <time>2025-03-28T16:51:30Z</time>
      </trkpt>
      <trkpt lat="50.09811666666667" lon="14.9937">
        <ele>235</ele>
        <time>2025-03-28T16:51:31Z</time>
      </trkpt>
      <trkpt lat="50.09815" lon="14.993516666666666">
        <ele>235</ele>
        <time>2025-03-28T16:51:32Z</time>
      </trkpt>
      <trkpt lat="50.09818333333333" lon="14.993333333333334">
        <ele>235</ele>
        <time>2025-03-28T16:51:33Z</time>
      </trkpt>
      <trkpt lat="50.098216666666666" lon="14.99315">
        <ele>235</ele>
        <time>2025-03-28T16:51:34Z</time>
      </trkpt>
      <trkpt lat="50.09825" lon="14.992966666666666">
        <ele>235</ele>
        <time>2025-03-28T16:51:35Z</time>
      </trkpt>
      <trkpt lat="50.098283333333335" lon="14.992783333333334">
        <ele>235</ele>
        <time>2025-03-28T16:51:36Z</time>
      </trkpt>
      <trkpt lat="50.09831666666667" lon="14.9926">
        <ele>235</ele>
        <time>2025-03-28T16:51:37Z</time>
      </trkpt>
      <trkpt lat="50.09835" lon="14.992416666666667">
        <ele>235</ele>
        <time>2025-03-28T16:51:38Z</time>
      </trkpt>
      <trkpt lat="50.09838333333333" lon="14.992216666666666">
        <ele>235</ele>
        <time>2025-03-28T16:51:39Z</time>
      </trkpt>
      <trkpt lat="50.098416666666665" lon="14.992033333333334">
        <ele>235</ele>
        <time>2025-03-28T16:51:40Z</time>
      </trkpt>
      <trkpt lat="50.09843333333333" lon="14.99185">
        <ele>235</ele>
        <time>2025-03-28T16:51:41Z</time>
      </trkpt>
      <trkpt lat="50.09846666666667" lon="14.991683333333333">
        <ele>235</ele>
        <time>2025-03-28T16:51:42Z</time>
      </trkpt>
      <trkpt lat="50.0985" lon="14.9915">
        <ele>235</ele>
        <time>2025-03-28T16:51:43Z</time>
      </trkpt>
      <trkpt lat="50.09855" lon="14.991316666666666">
        <ele>235</ele>
        <time>2025-03-28T16:51:44Z</time>
      </trkpt>
      <trkpt lat="50.09858333333333" lon="14.991133333333334">
        <ele>235</ele>
        <time>2025-03-28T16:51:45Z</time>
      </trkpt>
      <trkpt lat="50.098616666666665" lon="14.990966666666667">
        <ele>235</ele>
        <time>2025-03-28T16:51:46Z</time>
      </trkpt>
      <trkpt lat="50.09865" lon="14.9908">
        <ele>235</ele>
        <time>2025-03-28T16:51:47Z</time>
      </trkpt>
      <trkpt lat="50.0987" lon="14.990633333333333">
        <ele>235</ele>
        <time>2025-03-28T16:51:48Z</time>
      </trkpt>
      <trkpt lat="50.098733333333335" lon="14.99045">
        <ele>235</ele>
        <time>2025-03-28T16:51:49Z</time>
      </trkpt>
      <trkpt lat="50.09878333333333" lon="14.9903">
        <ele>236</ele>
        <time>2025-03-28T16:51:50Z</time>
      </trkpt>
      <trkpt lat="50.098816666666664" lon="14.990133333333333">
        <ele>236</ele>
        <time>2025-03-28T16:51:51Z</time>
      </trkpt>
      <trkpt lat="50.098866666666666" lon="14.989983333333333">
        <ele>237</ele>
        <time>2025-03-28T16:51:52Z</time>
      </trkpt>
      <trkpt lat="50.0989" lon="14.989816666666666">
        <ele>237</ele>
        <time>2025-03-28T16:51:53Z</time>
      </trkpt>
      <trkpt lat="50.09895" lon="14.98965">
        <ele>238</ele>
        <time>2025-03-28T16:51:54Z</time>
      </trkpt>
      <trkpt lat="50.09898333333334" lon="14.989483333333334">
        <ele>238</ele>
        <time>2025-03-28T16:51:55Z</time>
      </trkpt>
      <trkpt lat="50.099016666666664" lon="14.989316666666667">
        <ele>239</ele>
        <time>2025-03-28T16:51:56Z</time>
      </trkpt>
      <trkpt lat="50.09905" lon="14.98915">
        <ele>239</ele>
        <time>2025-03-28T16:51:57Z</time>
      </trkpt>
      <trkpt lat="50.09908333333333" lon="14.988983333333334">
        <ele>240</ele>
        <time>2025-03-28T16:51:58Z</time>
      </trkpt>
      <trkpt lat="50.09911666666667" lon="14.988833333333334">
        <ele>241</ele>
        <time>2025-03-28T16:51:59Z</time>
      </trkpt>
      <trkpt lat="50.09915" lon="14.988666666666667">
        <ele>241</ele>
        <time>2025-03-28T16:52:00Z</time>
      </trkpt>
      <trkpt lat="50.099183333333336" lon="14.9885">
        <ele>242</ele>
        <time>2025-03-28T16:52:01Z</time>
      </trkpt>
      <trkpt lat="50.09923333333333" lon="14.98835">
        <ele>242</ele>
        <time>2025-03-28T16:52:02Z</time>
      </trkpt>
      <trkpt lat="50.099266666666665" lon="14.988183333333334">
        <ele>242</ele>
        <time>2025-03-28T16:52:03Z</time>
      </trkpt>
      <trkpt lat="50.09931666666667" lon="14.988033333333334">
        <ele>243</ele>
        <time>2025-03-28T16:52:04Z</time>
      </trkpt>
      <trkpt lat="50.09935" lon="14.987866666666667">
        <ele>243</ele>
        <time>2025-03-28T16:52:05Z</time>
      </trkpt>
      <trkpt lat="50.09936666666667" lon="14.9877">
        <ele>243</ele>
        <time>2025-03-28T16:52:06Z</time>
      </trkpt>
      <trkpt lat="50.0994" lon="14.987533333333333">
        <ele>244</ele>
        <time>2025-03-28T16:52:07Z</time>
      </trkpt>
      <trkpt lat="50.09945" lon="14.987366666666667">
        <ele>244</ele>
        <time>2025-03-28T16:52:08Z</time>
      </trkpt>
      <trkpt lat="50.0995" lon="14.9872">
        <ele>245</ele>
        <time>2025-03-28T16:52:09Z</time>
      </trkpt>
      <trkpt lat="50.09955" lon="14.98705">
        <ele>245</ele>
        <time>2025-03-28T16:52:10Z</time>
      </trkpt>
      <trkpt lat="50.0996" lon="14.9869">
        <ele>246</ele>
        <time>2025-03-28T16:52:11Z</time>
      </trkpt>
      <trkpt lat="50.09963333333334" lon="14.986733333333333">
        <ele>247</ele>
        <time>2025-03-28T16:52:12Z</time>
      </trkpt>
      <trkpt lat="50.09968333333333" lon="14.986566666666667">
        <ele>248</ele>
        <time>2025-03-28T16:52:13Z</time>
      </trkpt>
      <trkpt lat="50.09973333333333" lon="14.986416666666667">
        <ele>248</ele>
        <time>2025-03-28T16:52:14Z</time>
      </trkpt>
      <trkpt lat="50.09976666666667" lon="14.98625">
        <ele>249</ele>
        <time>2025-03-28T16:52:15Z</time>
      </trkpt>
      <trkpt lat="50.099833333333336" lon="14.9861">
        <ele>250</ele>
        <time>2025-03-28T16:52:16Z</time>
      </trkpt>
      <trkpt lat="50.09988333333333" lon="14.98595">
        <ele>251</ele>
        <time>2025-03-28T16:52:17Z</time>
      </trkpt>
      <trkpt lat="50.099916666666665" lon="14.985783333333334">
        <ele>251</ele>
        <time>2025-03-28T16:52:18Z</time>
      </trkpt>
      <trkpt lat="50.09995" lon="14.985633333333332">
        <ele>252</ele>
        <time>2025-03-28T16:52:19Z</time>
      </trkpt>
      <trkpt lat="50.099983333333334" lon="14.985466666666667">
        <ele>252</ele>
        <time>2025-03-28T16:52:20Z</time>
      </trkpt>
      <trkpt lat="50.1" lon="14.985283333333333">
        <ele>253</ele>
        <time>2025-03-28T16:52:21Z</time>
      </trkpt>
      <trkpt lat="50.100033333333336" lon="14.985116666666666">
        <ele>253</ele>
        <time>2025-03-28T16:52:22Z</time>
      </trkpt>
      <trkpt lat="50.10005" lon="14.98495">
        <ele>253</ele>
        <time>2025-03-28T16:52:23Z</time>
      </trkpt>
      <trkpt lat="50.10006666666666" lon="14.984766666666667">
        <ele>253</ele>
        <time>2025-03-28T16:52:24Z</time>
      </trkpt>
      <trkpt lat="50.10008333333333" lon="14.9846">
        <ele>253</ele>
        <time>2025-03-28T16:52:25Z</time>
      </trkpt>
      <trkpt lat="50.1001" lon="14.984433333333333">
        <ele>253</ele>
        <time>2025-03-28T16:52:26Z</time>
      </trkpt>
      <trkpt lat="50.10016666666667" lon="14.984283333333334">
        <ele>254</ele>
        <time>2025-03-28T16:52:27Z</time>
      </trkpt>
      <trkpt lat="50.10026666666667" lon="14.984166666666667">
        <ele>254</ele>
        <time>2025-03-28T16:52:28Z</time>
      </trkpt>
      <trkpt lat="50.1004" lon="14.984116666666667">
        <ele>253</ele>
        <time>2025-03-28T16:52:29Z</time>
      </trkpt>
      <trkpt lat="50.10055" lon="14.984166666666667">
        <ele>251</ele>
        <time>2025-03-28T16:52:30Z</time>
      </trkpt>
      <trkpt lat="50.1007" lon="14.984183333333334">
        <ele>249</ele>
        <time>2025-03-28T16:52:31Z</time>
      </trkpt>
      <trkpt lat="50.10085" lon="14.9842">
        <ele>248</ele>
        <time>2025-03-28T16:52:32Z</time>
      </trkpt>
      <trkpt lat="50.100966666666665" lon="14.984166666666667">
        <ele>248</ele>
        <time>2025-03-28T16:52:33Z</time>
      </trkpt>
      <trkpt lat="50.101083333333335" lon="14.984133333333334">
        <ele>249</ele>
        <time>2025-03-28T16:52:34Z</time>
      </trkpt>
      <trkpt lat="50.1012" lon="14.984116666666667">
        <ele>249</ele>
        <time>2025-03-28T16:52:35Z</time>
      </trkpt>
      <trkpt lat="50.101333333333336" lon="14.984133333333334">
        <ele>250</ele>
        <time>2025-03-28T16:52:36Z</time>
      </trkpt>
      <trkpt lat="50.10145" lon="14.98415">
        <ele>251</ele>
        <time>2025-03-28T16:52:37Z</time>
      </trkpt>
      <trkpt lat="50.10158333333333" lon="14.98415">
        <ele>250</ele>
        <time>2025-03-28T16:52:38Z</time>
      </trkpt>
      <trkpt lat="50.101733333333335" lon="14.984133333333334">
        <ele>250</ele>
        <time>2025-03-28T16:52:39Z</time>
      </trkpt>
      <trkpt lat="50.101866666666666" lon="14.984133333333334">
        <ele>250</ele>
        <time>2025-03-28T16:52:40Z</time>
      </trkpt>
      <trkpt lat="50.102" lon="14.984116666666667">
        <ele>251</ele>
        <time>2025-03-28T16:52:41Z</time>
      </trkpt>
      <trkpt lat="50.102133333333335" lon="14.984133333333334">
        <ele>251</ele>
        <time>2025-03-28T16:52:42Z</time>
      </trkpt>
      <trkpt lat="50.10225" lon="14.984133333333334">
        <ele>252</ele>
        <time>2025-03-28T16:52:43Z</time>
      </trkpt>
      <trkpt lat="50.102383333333336" lon="14.984133333333334">
        <ele>252</ele>
        <time>2025-03-28T16:52:44Z</time>
      </trkpt>
      <trkpt lat="50.102516666666666" lon="14.984116666666667">
        <ele>254</ele>
        <time>2025-03-28T16:52:45Z</time>
      </trkpt>
      <trkpt lat="50.10265" lon="14.984083333333333">
        <ele>256</ele>
        <time>2025-03-28T16:52:46Z</time>
      </trkpt>
      <trkpt lat="50.10275" lon="14.984066666666667">
        <ele>259</ele>
        <time>2025-03-28T16:52:47Z</time>
      </trkpt>
      <trkpt lat="50.10285" lon="14.98405">
        <ele>263</ele>
        <time>2025-03-28T16:52:48Z</time>
      </trkpt>
      <trkpt lat="50.10295" lon="14.984016666666667">
        <ele>267</ele>
        <time>2025-03-28T16:52:49Z</time>
      </trkpt>
      <trkpt lat="50.10305" lon="14.984">
        <ele>270</ele>
        <time>2025-03-28T16:52:50Z</time>
      </trkpt>
      <trkpt lat="50.10316666666667" lon="14.983983333333333">
        <ele>274</ele>
        <time>2025-03-28T16:52:51Z</time>
      </trkpt>
      <trkpt lat="50.10328333333333" lon="14.983966666666667">
        <ele>277</ele>
        <time>2025-03-28T16:52:52Z</time>
      </trkpt>
      <trkpt lat="50.10341666666667" lon="14.983933333333333">
        <ele>278</ele>
        <time>2025-03-28T16:52:53Z</time>
      </trkpt>
      <trkpt lat="50.10353333333333" lon="14.9839">
        <ele>279</ele>
        <time>2025-03-28T16:52:54Z</time>
      </trkpt>
      <trkpt lat="50.10366666666667" lon="14.983883333333333">
        <ele>279</ele>
        <time>2025-03-28T16:52:55Z</time>
      </trkpt>
      <trkpt lat="50.10378333333333" lon="14.983866666666666">
        <ele>280</ele>
        <time>2025-03-28T16:52:56Z</time>
      </trkpt>
      <trkpt lat="50.1039" lon="14.983866666666666">
        <ele>281</ele>
        <time>2025-03-28T16:52:57Z</time>
      </trkpt>
      <trkpt lat="50.104016666666666" lon="14.983883333333333">
        <ele>282</ele>
        <time>2025-03-28T16:52:58Z</time>
      </trkpt>
      <trkpt lat="50.10413333333333" lon="14.983883333333333">
        <ele>282</ele>
        <time>2025-03-28T16:52:59Z</time>
      </trkpt>
      <trkpt lat="50.10426666666667" lon="14.983866666666666">
        <ele>283</ele>
        <time>2025-03-28T16:53:00Z</time>
      </trkpt>
      <trkpt lat="50.1044" lon="14.983866666666666">
        <ele>284</ele>
        <time>2025-03-28T16:53:01Z</time>
      </trkpt>
      <trkpt lat="50.10451666666667" lon="14.983883333333333">
        <ele>285</ele>
        <time>2025-03-28T16:53:02Z</time>
      </trkpt>
      <trkpt lat="50.10465" lon="14.9839">
        <ele>286</ele>
        <time>2025-03-28T16:53:03Z</time>
      </trkpt>
      <trkpt lat="50.10476666666667" lon="14.983916666666667">
        <ele>287</ele>
        <time>2025-03-28T16:53:04Z</time>
      </trkpt>
      <trkpt lat="50.10488333333333" lon="14.983916666666667">
        <ele>289</ele>
        <time>2025-03-28T16:53:05Z</time>
      </trkpt>
      <trkpt lat="50.105" lon="14.983916666666667">
        <ele>290</ele>
        <time>2025-03-28T16:53:06Z</time>
      </trkpt>
      <trkpt lat="50.105133333333335" lon="14.983933333333333">
        <ele>291</ele>
        <time>2025-03-28T16:53:07Z</time>
      </trkpt>
      <trkpt lat="50.10525" lon="14.98395">
        <ele>292</ele>
        <time>2025-03-28T16:53:08Z</time>
      </trkpt>
      <trkpt lat="50.10536666666667" lon="14.98395">
        <ele>293</ele>
        <time>2025-03-28T16:53:09Z</time>
      </trkpt>
      <trkpt lat="50.10548333333333" lon="14.983966666666667">
        <ele>294</ele>
        <time>2025-03-28T16:53:10Z</time>
      </trkpt>
      <trkpt lat="50.10561666666667" lon="14.983966666666667">
        <ele>295</ele>
        <time>2025-03-28T16:53:11Z</time>
      </trkpt>
      <trkpt lat="50.10575" lon="14.983983333333333">
        <ele>295</ele>
        <time>2025-03-28T16:53:12Z</time>
      </trkpt>
      <trkpt lat="50.105866666666664" lon="14.983983333333333">
        <ele>295</ele>
        <time>2025-03-28T16:53:13Z</time>
      </trkpt>
      <trkpt lat="50.105983333333334" lon="14.984">
        <ele>295</ele>
        <time>2025-03-28T16:53:14Z</time>
      </trkpt>
      <trkpt lat="50.1061" lon="14.984016666666667">
        <ele>295</ele>
        <time>2025-03-28T16:53:15Z</time>
      </trkpt>
      <trkpt lat="50.106233333333336" lon="14.984016666666667">
        <ele>296</ele>
        <time>2025-03-28T16:53:16Z</time>
      </trkpt>
      <trkpt lat="50.10635" lon="14.984033333333333">
        <ele>296</ele>
        <time>2025-03-28T16:53:17Z</time>
      </trkpt>
      <trkpt lat="50.10646666666667" lon="14.98405">
        <ele>296</ele>
        <time>2025-03-28T16:53:18Z</time>
      </trkpt>
      <trkpt lat="50.10658333333333" lon="14.984066666666667">
        <ele>297</ele>
        <time>2025-03-28T16:53:19Z</time>
      </trkpt>
      <trkpt lat="50.106716666666664" lon="14.9841">
        <ele>297</ele>
        <time>2025-03-28T16:53:20Z</time>
      </trkpt>
      <trkpt lat="50.106833333333334" lon="14.98415">
        <ele>298</ele>
        <time>2025-03-28T16:53:21Z</time>
      </trkpt>
      <trkpt lat="50.10695" lon="14.9842">
        <ele>298</ele>
        <time>2025-03-28T16:53:22Z</time>
      </trkpt>
      <trkpt lat="50.10706666666667" lon="14.98425">
        <ele>299</ele>
        <time>2025-03-28T16:53:23Z</time>
      </trkpt>
      <trkpt lat="50.10718333333333" lon="14.9843">
        <ele>299</ele>
        <time>2025-03-28T16:53:24Z</time>
      </trkpt>
      <trkpt lat="50.1073" lon="14.98435">
        <ele>299</ele>
        <time>2025-03-28T16:53:25Z</time>
      </trkpt>
      <trkpt lat="50.107416666666666" lon="14.984416666666666">
        <ele>300</ele>
        <time>2025-03-28T16:53:26Z</time>
      </trkpt>
      <trkpt lat="50.107533333333336" lon="14.984466666666666">
        <ele>300</ele>
        <time>2025-03-28T16:53:27Z</time>
      </trkpt>
      <trkpt lat="50.10765" lon="14.984533333333333">
        <ele>300</ele>
        <time>2025-03-28T16:53:28Z</time>
      </trkpt>
      <trkpt lat="50.10776666666667" lon="14.984583333333333">
        <ele>300</ele>
        <time>2025-03-28T16:53:29Z</time>
      </trkpt>
      <trkpt lat="50.107883333333334" lon="14.984633333333333">
        <ele>300</ele>
        <time>2025-03-28T16:53:30Z</time>
      </trkpt>
      <trkpt lat="50.108" lon="14.9847">
        <ele>300</ele>
        <time>2025-03-28T16:53:31Z</time>
      </trkpt>
      <trkpt lat="50.1081" lon="14.984766666666667">
        <ele>300</ele>
        <time>2025-03-28T16:53:32Z</time>
      </trkpt>
      <trkpt lat="50.108216666666664" lon="14.984816666666667">
        <ele>300</ele>
        <time>2025-03-28T16:53:33Z</time>
      </trkpt>
      <trkpt lat="50.108333333333334" lon="14.984866666666667">
        <ele>300</ele>
        <time>2025-03-28T16:53:34Z</time>
      </trkpt>
      <trkpt lat="50.10845" lon="14.984916666666667">
        <ele>300</ele>
        <time>2025-03-28T16:53:35Z</time>
      </trkpt>
      <trkpt lat="50.10856666666667" lon="14.98495">
        <ele>301</ele>
        <time>2025-03-28T16:53:36Z</time>
      </trkpt>
      <trkpt lat="50.10868333333333" lon="14.984966666666667">
        <ele>301</ele>
        <time>2025-03-28T16:53:37Z</time>
      </trkpt>
      <trkpt lat="50.1088" lon="14.984966666666667">
        <ele>302</ele>
        <time>2025-03-28T16:53:38Z</time>
      </trkpt>
      <trkpt lat="50.108916666666666" lon="14.98495">
        <ele>302</ele>
        <time>2025-03-28T16:53:39Z</time>
      </trkpt>
      <trkpt lat="50.10901666666667" lon="14.984883333333334">
        <ele>302</ele>
        <time>2025-03-28T16:53:40Z</time>
      </trkpt>
      <trkpt lat="50.10913333333333" lon="14.984783333333333">
        <ele>301</ele>
        <time>2025-03-28T16:53:41Z</time>
      </trkpt>
      <trkpt lat="50.10925" lon="14.984666666666667">
        <ele>300</ele>
        <time>2025-03-28T16:53:42Z</time>
      </trkpt>
      <trkpt lat="50.10935" lon="14.984533333333333">
        <ele>300</ele>
        <time>2025-03-28T16:53:43Z</time>
      </trkpt>
      <trkpt lat="50.1094" lon="14.984383333333334">
        <ele>300</ele>
        <time>2025-03-28T16:53:44Z</time>
      </trkpt>
      <trkpt lat="50.109433333333335" lon="14.984216666666667">
        <ele>301</ele>
        <time>2025-03-28T16:53:45Z</time>
      </trkpt>
      <trkpt lat="50.10945" lon="14.98405">
        <ele>301</ele>
        <time>2025-03-28T16:53:46Z</time>
      </trkpt>
      <trkpt lat="50.10945" lon="14.983883333333333">
        <ele>302</ele>
        <time>2025-03-28T16:53:47Z</time>
      </trkpt>
      <trkpt lat="50.10946666666667" lon="14.9837">
        <ele>302</ele>
        <time>2025-03-28T16:53:48Z</time>
      </trkpt>
      <trkpt lat="50.1095" lon="14.9835">
        <ele>301</ele>
        <time>2025-03-28T16:53:49Z</time>
      </trkpt>
      <trkpt lat="50.10955" lon="14.9833">
        <ele>301</ele>
        <time>2025-03-28T16:53:50Z</time>
      </trkpt>
      <trkpt lat="50.109566666666666" lon="14.9831">
        <ele>300</ele>
        <time>2025-03-28T16:53:51Z</time>
      </trkpt>
      <trkpt lat="50.1096" lon="14.982916666666666">
        <ele>300</ele>
        <time>2025-03-28T16:53:52Z</time>
      </trkpt>
      <trkpt lat="50.10961666666667" lon="14.982733333333334">
        <ele>301</ele>
        <time>2025-03-28T16:53:53Z</time>
      </trkpt>
      <trkpt lat="50.10966666666667" lon="14.98255">
        <ele>301</ele>
        <time>2025-03-28T16:53:54Z</time>
      </trkpt>
      <trkpt lat="50.1097" lon="14.982366666666667">
        <ele>301</ele>
        <time>2025-03-28T16:53:55Z</time>
      </trkpt>
      <trkpt lat="50.10973333333333" lon="14.982166666666666">
        <ele>301</ele>
        <time>2025-03-28T16:53:56Z</time>
      </trkpt>
      <trkpt lat="50.109766666666665" lon="14.981983333333334">
        <ele>301</ele>
        <time>2025-03-28T16:53:57Z</time>
      </trkpt>
      <trkpt lat="50.10978333333333" lon="14.981783333333333">
        <ele>301</ele>
        <time>2025-03-28T16:53:58Z</time>
      </trkpt>
      <trkpt lat="50.10981666666667" lon="14.981583333333333">
        <ele>301</ele>
        <time>2025-03-28T16:53:59Z</time>
      </trkpt>
      <trkpt lat="50.10985" lon="14.9814">
        <ele>301</ele>
        <time>2025-03-28T16:54:00Z</time>
      </trkpt>
      <trkpt lat="50.109883333333336" lon="14.9812">
        <ele>301</ele>
        <time>2025-03-28T16:54:01Z</time>
      </trkpt>
      <trkpt lat="50.10991666666666" lon="14.981016666666667">
        <ele>302</ele>
        <time>2025-03-28T16:54:02Z</time>
      </trkpt>
      <trkpt lat="50.10993333333333" lon="14.980816666666666">
        <ele>302</ele>
        <time>2025-03-28T16:54:03Z</time>
      </trkpt>
      <trkpt lat="50.10995" lon="14.980633333333333">
        <ele>302</ele>
        <time>2025-03-28T16:54:04Z</time>
      </trkpt>
      <trkpt lat="50.109966666666665" lon="14.980433333333334">
        <ele>302</ele>
        <time>2025-03-28T16:54:05Z</time>
      </trkpt>
      <trkpt lat="50.11" lon="14.98025">
        <ele>302</ele>
        <time>2025-03-28T16:54:06Z</time>
      </trkpt>
      <trkpt lat="50.11001666666667" lon="14.980066666666668">
        <ele>303</ele>
        <time>2025-03-28T16:54:07Z</time>
      </trkpt>
      <trkpt lat="50.110033333333334" lon="14.979866666666666">
        <ele>303</ele>
        <time>2025-03-28T16:54:08Z</time>
      </trkpt>
      <trkpt lat="50.110033333333334" lon="14.979683333333334">
        <ele>303</ele>
        <time>2025-03-28T16:54:09Z</time>
      </trkpt>
      <trkpt lat="50.110033333333334" lon="14.9795">
        <ele>303</ele>
        <time>2025-03-28T16:54:10Z</time>
      </trkpt>
      <trkpt lat="50.110033333333334" lon="14.979316666666668">
        <ele>303</ele>
        <time>2025-03-28T16:54:11Z</time>
      </trkpt>
      <trkpt lat="50.11001666666667" lon="14.979133333333333">
        <ele>304</ele>
        <time>2025-03-28T16:54:12Z</time>
      </trkpt>
      <trkpt lat="50.11001666666667" lon="14.97895">
        <ele>304</ele>
        <time>2025-03-28T16:54:13Z</time>
      </trkpt>
      <trkpt lat="50.10998333333333" lon="14.978766666666667">
        <ele>304</ele>
        <time>2025-03-28T16:54:14Z</time>
      </trkpt>
      <trkpt lat="50.10998333333333" lon="14.978583333333333">
        <ele>304</ele>
        <time>2025-03-28T16:54:15Z</time>
      </trkpt>
      <trkpt lat="50.109966666666665" lon="14.9784">
        <ele>304</ele>
        <time>2025-03-28T16:54:16Z</time>
      </trkpt>
      <trkpt lat="50.10995" lon="14.978216666666667">
        <ele>304</ele>
        <time>2025-03-28T16:54:17Z</time>
      </trkpt>
      <trkpt lat="50.10995" lon="14.978033333333334">
        <ele>304</ele>
        <time>2025-03-28T16:54:18Z</time>
      </trkpt>
      <trkpt lat="50.10995" lon="14.977833333333333">
        <ele>304</ele>
        <time>2025-03-28T16:54:19Z</time>
      </trkpt>
      <trkpt lat="50.10998333333333" lon="14.977666666666666">
        <ele>304</ele>
        <time>2025-03-28T16:54:20Z</time>
      </trkpt>
      <trkpt lat="50.11005" lon="14.977533333333334">
        <ele>304</ele>
        <time>2025-03-28T16:54:21Z</time>
      </trkpt>
      <trkpt lat="50.110166666666665" lon="14.977416666666667">
        <ele>305</ele>
        <time>2025-03-28T16:54:22Z</time>
      </trkpt>
      <trkpt lat="50.110283333333335" lon="14.97735">
        <ele>305</ele>
        <time>2025-03-28T16:54:23Z</time>
      </trkpt>
      <trkpt lat="50.110416666666666" lon="14.977333333333334">
        <ele>305</ele>
        <time>2025-03-28T16:54:24Z</time>
      </trkpt>
      <trkpt lat="50.11055" lon="14.977333333333334">
        <ele>305</ele>
        <time>2025-03-28T16:54:25Z</time>
      </trkpt>
      <trkpt lat="50.11066666666667" lon="14.977316666666667">
        <ele>306</ele>
        <time>2025-03-28T16:54:26Z</time>
      </trkpt>
      <trkpt lat="50.11076666666666" lon="14.977283333333334">
        <ele>307</ele>
        <time>2025-03-28T16:54:27Z</time>
      </trkpt>
      <trkpt lat="50.1109" lon="14.97725">
        <ele>308</ele>
        <time>2025-03-28T16:54:28Z</time>
      </trkpt>
      <trkpt lat="50.111016666666664" lon="14.977216666666667">
        <ele>309</ele>
        <time>2025-03-28T16:54:29Z</time>
      </trkpt>
      <trkpt lat="50.111133333333335" lon="14.9772">
        <ele>309</ele>
        <time>2025-03-28T16:54:30Z</time>
      </trkpt>
      <trkpt lat="50.111266666666666" lon="14.977183333333333">
        <ele>310</ele>
        <time>2025-03-28T16:54:31Z</time>
      </trkpt>
      <trkpt lat="50.1114" lon="14.977166666666667">
        <ele>310</ele>
        <time>2025-03-28T16:54:32Z</time>
      </trkpt>
      <trkpt lat="50.11151666666667" lon="14.977133333333333">
        <ele>310</ele>
        <time>2025-03-28T16:54:33Z</time>
      </trkpt>
      <trkpt lat="50.11163333333333" lon="14.977116666666667">
        <ele>311</ele>
        <time>2025-03-28T16:54:34Z</time>
      </trkpt>
      <trkpt lat="50.11175" lon="14.9771">
        <ele>311</ele>
        <time>2025-03-28T16:54:35Z</time>
      </trkpt>
      <trkpt lat="50.111866666666664" lon="14.977083333333333">
        <ele>312</ele>
        <time>2025-03-28T16:54:36Z</time>
      </trkpt>
      <trkpt lat="50.112" lon="14.977066666666667">
        <ele>311</ele>
        <time>2025-03-28T16:54:37Z</time>
      </trkpt>
      <trkpt lat="50.112116666666665" lon="14.97705">
        <ele>312</ele>
        <time>2025-03-28T16:54:38Z</time>
      </trkpt>
      <trkpt lat="50.112233333333336" lon="14.977033333333333">
        <ele>312</ele>
        <time>2025-03-28T16:54:39Z</time>
      </trkpt>
      <trkpt lat="50.11235" lon="14.977016666666668">
        <ele>313</ele>
        <time>2025-03-28T16:54:40Z</time>
      </trkpt>
      <trkpt lat="50.11246666666667" lon="14.977016666666668">
        <ele>313</ele>
        <time>2025-03-28T16:54:41Z</time>
      </trkpt>
      <trkpt lat="50.11258333333333" lon="14.977">
        <ele>314</ele>
        <time>2025-03-28T16:54:42Z</time>
      </trkpt>
      <trkpt lat="50.1127" lon="14.977">
        <ele>315</ele>
        <time>2025-03-28T16:54:43Z</time>
      </trkpt>
      <trkpt lat="50.11281666666667" lon="14.976983333333333">
        <ele>315</ele>
        <time>2025-03-28T16:54:44Z</time>
      </trkpt>
      <trkpt lat="50.11293333333333" lon="14.977">
        <ele>316</ele>
        <time>2025-03-28T16:54:45Z</time>
      </trkpt>
      <trkpt lat="50.11305" lon="14.977">
        <ele>316</ele>
        <time>2025-03-28T16:54:46Z</time>
      </trkpt>
      <trkpt lat="50.11318333333333" lon="14.977016666666668">
        <ele>317</ele>
        <time>2025-03-28T16:54:47Z</time>
      </trkpt>
      <trkpt lat="50.1133" lon="14.977016666666668">
        <ele>317</ele>
        <time>2025-03-28T16:54:48Z</time>
      </trkpt>
      <trkpt lat="50.113416666666666" lon="14.977">
        <ele>318</ele>
        <time>2025-03-28T16:54:49Z</time>
      </trkpt>
      <trkpt lat="50.11355" lon="14.977">
        <ele>318</ele>
        <time>2025-03-28T16:54:50Z</time>
      </trkpt>
      <trkpt lat="50.11366666666667" lon="14.977">
        <ele>318</ele>
        <time>2025-03-28T16:54:51Z</time>
      </trkpt>
      <trkpt lat="50.11378333333333" lon="14.977">
        <ele>318</ele>
        <time>2025-03-28T16:54:52Z</time>
      </trkpt>
      <trkpt lat="50.1139" lon="14.977">
        <ele>318</ele>
        <time>2025-03-28T16:54:53Z</time>
      </trkpt>
      <trkpt lat="50.114016666666664" lon="14.977">
        <ele>317</ele>
        <time>2025-03-28T16:54:54Z</time>
      </trkpt>
      <trkpt lat="50.114133333333335" lon="14.976983333333333">
        <ele>317</ele>
        <time>2025-03-28T16:54:55Z</time>
      </trkpt>
      <trkpt lat="50.114266666666666" lon="14.97695">
        <ele>316</ele>
        <time>2025-03-28T16:54:56Z</time>
      </trkpt>
      <trkpt lat="50.114383333333336" lon="14.976916666666666">
        <ele>314</ele>
        <time>2025-03-28T16:54:57Z</time>
      </trkpt>
      <trkpt lat="50.11451666666667" lon="14.976883333333333">
        <ele>313</ele>
        <time>2025-03-28T16:54:58Z</time>
      </trkpt>
      <trkpt lat="50.11465" lon="14.97685">
        <ele>312</ele>
        <time>2025-03-28T16:54:59Z</time>
      </trkpt>
      <trkpt lat="50.114783333333335" lon="14.9768">
        <ele>312</ele>
        <time>2025-03-28T16:55:00Z</time>
      </trkpt>
      <trkpt lat="50.1149" lon="14.976766666666666">
        <ele>313</ele>
        <time>2025-03-28T16:55:01Z</time>
      </trkpt>
      <trkpt lat="50.11501666666667" lon="14.976716666666666">
        <ele>314</ele>
        <time>2025-03-28T16:55:02Z</time>
      </trkpt>
      <trkpt lat="50.115116666666665" lon="14.976666666666667">
        <ele>314</ele>
        <time>2025-03-28T16:55:03Z</time>
      </trkpt>
      <trkpt lat="50.115233333333336" lon="14.976616666666667">
        <ele>315</ele>
        <time>2025-03-28T16:55:04Z</time>
      </trkpt>
      <trkpt lat="50.11536666666667" lon="14.97655">
        <ele>316</ele>
        <time>2025-03-28T16:55:05Z</time>
      </trkpt>
      <trkpt lat="50.11546666666667" lon="14.976483333333332">
        <ele>316</ele>
        <time>2025-03-28T16:55:06Z</time>
      </trkpt>
      <trkpt lat="50.1156" lon="14.976416666666667">
        <ele>317</ele>
        <time>2025-03-28T16:55:07Z</time>
      </trkpt>
      <trkpt lat="50.115716666666664" lon="14.97635">
        <ele>317</ele>
        <time>2025-03-28T16:55:08Z</time>
      </trkpt>
      <trkpt lat="50.115833333333335" lon="14.976283333333333">
        <ele>318</ele>
        <time>2025-03-28T16:55:09Z</time>
      </trkpt>
      <trkpt lat="50.11593333333333" lon="14.976216666666666">
        <ele>318</ele>
        <time>2025-03-28T16:55:10Z</time>
      </trkpt>
      <trkpt lat="50.11605" lon="14.97615">
        <ele>319</ele>
        <time>2025-03-28T16:55:11Z</time>
      </trkpt>
      <trkpt lat="50.116166666666665" lon="14.976083333333333">
        <ele>320</ele>
        <time>2025-03-28T16:55:12Z</time>
      </trkpt>
      <trkpt lat="50.116283333333335" lon="14.976016666666666">
        <ele>320</ele>
        <time>2025-03-28T16:55:13Z</time>
      </trkpt>
      <trkpt lat="50.1164" lon="14.975933333333334">
        <ele>321</ele>
        <time>2025-03-28T16:55:14Z</time>
      </trkpt>
      <trkpt lat="50.11653333333334" lon="14.975883333333334">
        <ele>321</ele>
        <time>2025-03-28T16:55:15Z</time>
      </trkpt>
      <trkpt lat="50.11665" lon="14.97585">
        <ele>321</ele>
        <time>2025-03-28T16:55:16Z</time>
      </trkpt>
      <trkpt lat="50.11676666666666" lon="14.975833333333334">
        <ele>322</ele>
        <time>2025-03-28T16:55:17Z</time>
      </trkpt>
      <trkpt lat="50.116883333333334" lon="14.975833333333334">
        <ele>322</ele>
        <time>2025-03-28T16:55:18Z</time>
      </trkpt>
      <trkpt lat="50.117016666666665" lon="14.975833333333334">
        <ele>322</ele>
        <time>2025-03-28T16:55:19Z</time>
      </trkpt>
      <trkpt lat="50.117133333333335" lon="14.975816666666667">
        <ele>323</ele>
        <time>2025-03-28T16:55:20Z</time>
      </trkpt>
      <trkpt lat="50.11725" lon="14.9758">
        <ele>324</ele>
        <time>2025-03-28T16:55:21Z</time>
      </trkpt>
      <trkpt lat="50.117383333333336" lon="14.9758">
        <ele>324</ele>
        <time>2025-03-28T16:55:22Z</time>
      </trkpt>
      <trkpt lat="50.1175" lon="14.9758">
        <ele>325</ele>
        <time>2025-03-28T16:55:23Z</time>
      </trkpt>
      <trkpt lat="50.11761666666666" lon="14.9758">
        <ele>326</ele>
        <time>2025-03-28T16:55:24Z</time>
      </trkpt>
      <trkpt lat="50.11775" lon="14.975783333333334">
        <ele>326</ele>
        <time>2025-03-28T16:55:25Z</time>
      </trkpt>
      <trkpt lat="50.117866666666664" lon="14.975783333333334">
        <ele>327</ele>
        <time>2025-03-28T16:55:26Z</time>
      </trkpt>
      <trkpt lat="50.118" lon="14.975766666666667">
        <ele>327</ele>
        <time>2025-03-28T16:55:27Z</time>
      </trkpt>
      <trkpt lat="50.118116666666666" lon="14.97575">
        <ele>327</ele>
        <time>2025-03-28T16:55:28Z</time>
      </trkpt>
      <trkpt lat="50.11825" lon="14.97575">
        <ele>327</ele>
        <time>2025-03-28T16:55:29Z</time>
      </trkpt>
      <trkpt lat="50.11836666666667" lon="14.97575">
        <ele>327</ele>
        <time>2025-03-28T16:55:30Z</time>
      </trkpt>
      <trkpt lat="50.1185" lon="14.975733333333332">
        <ele>328</ele>
        <time>2025-03-28T16:55:31Z</time>
      </trkpt>
      <trkpt lat="50.11861666666667" lon="14.975716666666667">
        <ele>328</ele>
        <time>2025-03-28T16:55:32Z</time>
      </trkpt>
      <trkpt lat="50.11873333333333" lon="14.9757">
        <ele>329</ele>
        <time>2025-03-28T16:55:33Z</time>
      </trkpt>
      <trkpt lat="50.11886666666667" lon="14.975666666666667">
        <ele>329</ele>
        <time>2025-03-28T16:55:34Z</time>
      </trkpt>
      <trkpt lat="50.11898333333333" lon="14.97565">
        <ele>330</ele>
        <time>2025-03-28T16:55:35Z</time>
      </trkpt>
      <trkpt lat="50.1191" lon="14.975633333333333">
        <ele>331</ele>
        <time>2025-03-28T16:55:36Z</time>
      </trkpt>
      <trkpt lat="50.11921666666667" lon="14.975616666666667">
        <ele>331</ele>
        <time>2025-03-28T16:55:37Z</time>
      </trkpt>
      <trkpt lat="50.11933333333333" lon="14.975616666666667">
        <ele>332</ele>
        <time>2025-03-28T16:55:38Z</time>
      </trkpt>
      <trkpt lat="50.11946666666667" lon="14.975616666666667">
        <ele>332</ele>
        <time>2025-03-28T16:55:39Z</time>
      </trkpt>
      <trkpt lat="50.11958333333333" lon="14.975633333333333">
        <ele>333</ele>
        <time>2025-03-28T16:55:40Z</time>
      </trkpt>
      <trkpt lat="50.11971666666667" lon="14.975633333333333">
        <ele>333</ele>
        <time>2025-03-28T16:55:41Z</time>
      </trkpt>
      <trkpt lat="50.11983333333333" lon="14.975633333333333">
        <ele>334</ele>
        <time>2025-03-28T16:55:42Z</time>
      </trkpt>
      <trkpt lat="50.11996666666667" lon="14.97565">
        <ele>334</ele>
        <time>2025-03-28T16:55:43Z</time>
      </trkpt>
      <trkpt lat="50.120066666666666" lon="14.975666666666667">
        <ele>335</ele>
        <time>2025-03-28T16:55:44Z</time>
      </trkpt>
      <trkpt lat="50.12018333333334" lon="14.975666666666667">
        <ele>336</ele>
        <time>2025-03-28T16:55:45Z</time>
      </trkpt>
      <trkpt lat="50.12031666666667" lon="14.975683333333333">
        <ele>336</ele>
        <time>2025-03-28T16:55:46Z</time>
      </trkpt>
      <trkpt lat="50.12045" lon="14.9757">
        <ele>337</ele>
        <time>2025-03-28T16:55:47Z</time>
      </trkpt>
      <trkpt lat="50.12056666666667" lon="14.975683333333333">
        <ele>337</ele>
        <time>2025-03-28T16:55:48Z</time>
      </trkpt>
      <trkpt lat="50.12068333333333" lon="14.9757">
        <ele>338</ele>
        <time>2025-03-28T16:55:49Z</time>
      </trkpt>
      <trkpt lat="50.1208" lon="14.9757">
        <ele>339</ele>
        <time>2025-03-28T16:55:50Z</time>
      </trkpt>
      <trkpt lat="50.12093333333333" lon="14.975733333333332">
        <ele>340</ele>
        <time>2025-03-28T16:55:51Z</time>
      </trkpt>
      <trkpt lat="50.12105" lon="14.97575">
        <ele>341</ele>
        <time>2025-03-28T16:55:52Z</time>
      </trkpt>
      <trkpt lat="50.12116666666667" lon="14.975766666666667">
        <ele>341</ele>
        <time>2025-03-28T16:55:53Z</time>
      </trkpt>
      <trkpt lat="50.1213" lon="14.9758">
        <ele>342</ele>
        <time>2025-03-28T16:55:54Z</time>
      </trkpt>
      <trkpt lat="50.12141666666667" lon="14.975833333333334">
        <ele>342</ele>
        <time>2025-03-28T16:55:55Z</time>
      </trkpt>
      <trkpt lat="50.12155" lon="14.975866666666667">
        <ele>343</ele>
        <time>2025-03-28T16:55:56Z</time>
      </trkpt>
      <trkpt lat="50.12166666666667" lon="14.9759">
        <ele>343</ele>
        <time>2025-03-28T16:55:57Z</time>
      </trkpt>
      <trkpt lat="50.12178333333333" lon="14.97595">
        <ele>344</ele>
        <time>2025-03-28T16:55:58Z</time>
      </trkpt>
      <trkpt lat="50.1219" lon="14.975966666666666">
        <ele>344</ele>
        <time>2025-03-28T16:55:59Z</time>
      </trkpt>
      <trkpt lat="50.12201666666667" lon="14.976">
        <ele>344</ele>
        <time>2025-03-28T16:56:00Z</time>
      </trkpt>
      <trkpt lat="50.12213333333333" lon="14.976016666666666">
        <ele>345</ele>
        <time>2025-03-28T16:56:01Z</time>
      </trkpt>
      <trkpt lat="50.12225" lon="14.976066666666666">
        <ele>345</ele>
        <time>2025-03-28T16:56:02Z</time>
      </trkpt>
      <trkpt lat="50.12238333333333" lon="14.9761">
        <ele>345</ele>
        <time>2025-03-28T16:56:03Z</time>
      </trkpt>
      <trkpt lat="50.1225" lon="14.97615">
        <ele>346</ele>
        <time>2025-03-28T16:56:04Z</time>
      </trkpt>
      <trkpt lat="50.122616666666666" lon="14.9762">
        <ele>347</ele>
        <time>2025-03-28T16:56:05Z</time>
      </trkpt>
      <trkpt lat="50.12271666666667" lon="14.97625">
        <ele>347</ele>
        <time>2025-03-28T16:56:06Z</time>
      </trkpt>
      <trkpt lat="50.12283333333333" lon="14.976283333333333">
        <ele>348</ele>
        <time>2025-03-28T16:56:07Z</time>
      </trkpt>
      <trkpt lat="50.12296666666667" lon="14.976316666666667">
        <ele>348</ele>
        <time>2025-03-28T16:56:08Z</time>
      </trkpt>
      <trkpt lat="50.123083333333334" lon="14.976333333333333">
        <ele>349</ele>
        <time>2025-03-28T16:56:09Z</time>
      </trkpt>
      <trkpt lat="50.1232" lon="14.976366666666667">
        <ele>349</ele>
        <time>2025-03-28T16:56:10Z</time>
      </trkpt>
      <trkpt lat="50.12331666666667" lon="14.976416666666667">
        <ele>349</ele>
        <time>2025-03-28T16:56:11Z</time>
      </trkpt>
      <trkpt lat="50.12343333333333" lon="14.976433333333333">
        <ele>350</ele>
        <time>2025-03-28T16:56:12Z</time>
      </trkpt>
      <trkpt lat="50.12355" lon="14.976466666666667">
        <ele>350</ele>
        <time>2025-03-28T16:56:13Z</time>
      </trkpt>
      <trkpt lat="50.12368333333333" lon="14.9765">
        <ele>351</ele>
        <time>2025-03-28T16:56:14Z</time>
      </trkpt>
      <trkpt lat="50.1238" lon="14.976516666666667">
        <ele>351</ele>
        <time>2025-03-28T16:56:15Z</time>
      </trkpt>
      <trkpt lat="50.123916666666666" lon="14.97655">
        <ele>352</ele>
        <time>2025-03-28T16:56:16Z</time>
      </trkpt>
      <trkpt lat="50.12403333333334" lon="14.976583333333334">
        <ele>353</ele>
        <time>2025-03-28T16:56:17Z</time>
      </trkpt>
      <trkpt lat="50.12415" lon="14.9766">
        <ele>353</ele>
        <time>2025-03-28T16:56:18Z</time>
      </trkpt>
      <trkpt lat="50.12428333333333" lon="14.97665">
        <ele>354</ele>
        <time>2025-03-28T16:56:19Z</time>
      </trkpt>
      <trkpt lat="50.1244" lon="14.976683333333334">
        <ele>355</ele>
        <time>2025-03-28T16:56:20Z</time>
      </trkpt>
      <trkpt lat="50.124516666666665" lon="14.9767">
        <ele>355</ele>
        <time>2025-03-28T16:56:21Z</time>
      </trkpt>
      <trkpt lat="50.124633333333335" lon="14.976733333333334">
        <ele>356</ele>
        <time>2025-03-28T16:56:22Z</time>
      </trkpt>
      <trkpt lat="50.12475" lon="14.97675">
        <ele>356</ele>
        <time>2025-03-28T16:56:23Z</time>
      </trkpt>
      <trkpt lat="50.12488333333334" lon="14.976783333333334">
        <ele>357</ele>
        <time>2025-03-28T16:56:24Z</time>
      </trkpt>
      <trkpt lat="50.125" lon="14.976833333333333">
        <ele>358</ele>
        <time>2025-03-28T16:56:25Z</time>
      </trkpt>
      <trkpt lat="50.12511666666666" lon="14.976866666666666">
        <ele>358</ele>
        <time>2025-03-28T16:56:26Z</time>
      </trkpt>
      <trkpt lat="50.12525" lon="14.976883333333333">
        <ele>358</ele>
        <time>2025-03-28T16:56:27Z</time>
      </trkpt>
      <trkpt lat="50.125366666666665" lon="14.976916666666666">
        <ele>358</ele>
        <time>2025-03-28T16:56:28Z</time>
      </trkpt>
      <trkpt lat="50.125483333333335" lon="14.97695">
        <ele>358</ele>
        <time>2025-03-28T16:56:29Z</time>
      </trkpt>
      <trkpt lat="50.1256" lon="14.976966666666666">
        <ele>359</ele>
        <time>2025-03-28T16:56:30Z</time>
      </trkpt>
      <trkpt lat="50.125733333333336" lon="14.977">
        <ele>359</ele>
        <time>2025-03-28T16:56:31Z</time>
      </trkpt>
      <trkpt lat="50.12585" lon="14.977033333333333">
        <ele>360</ele>
        <time>2025-03-28T16:56:32Z</time>
      </trkpt>
      <trkpt lat="50.12598333333333" lon="14.97705">
        <ele>361</ele>
        <time>2025-03-28T16:56:33Z</time>
      </trkpt>
      <trkpt lat="50.1261" lon="14.977066666666667">
        <ele>361</ele>
        <time>2025-03-28T16:56:34Z</time>
      </trkpt>
      <trkpt lat="50.126216666666664" lon="14.9771">
        <ele>362</ele>
        <time>2025-03-28T16:56:35Z</time>
      </trkpt>
      <trkpt lat="50.12635" lon="14.977133333333333">
        <ele>363</ele>
        <time>2025-03-28T16:56:36Z</time>
      </trkpt>
      <trkpt lat="50.126466666666666" lon="14.977166666666667">
        <ele>363</ele>
        <time>2025-03-28T16:56:37Z</time>
      </trkpt>
      <trkpt lat="50.126583333333336" lon="14.9772">
        <ele>364</ele>
        <time>2025-03-28T16:56:38Z</time>
      </trkpt>
      <trkpt lat="50.1267" lon="14.977216666666667">
        <ele>365</ele>
        <time>2025-03-28T16:56:39Z</time>
      </trkpt>
      <trkpt lat="50.12683333333333" lon="14.977233333333333">
        <ele>366</ele>
        <time>2025-03-28T16:56:40Z</time>
      </trkpt>
      <trkpt lat="50.12695" lon="14.97725">
        <ele>366</ele>
        <time>2025-03-28T16:56:41Z</time>
      </trkpt>
      <trkpt lat="50.12708333333333" lon="14.977283333333334">
        <ele>367</ele>
        <time>2025-03-28T16:56:42Z</time>
      </trkpt>
      <trkpt lat="50.127183333333335" lon="14.977316666666667">
        <ele>367</ele>
        <time>2025-03-28T16:56:43Z</time>
      </trkpt>
      <trkpt lat="50.1273" lon="14.977333333333334">
        <ele>367</ele>
        <time>2025-03-28T16:56:44Z</time>
      </trkpt>
      <trkpt lat="50.127433333333336" lon="14.97735">
        <ele>368</ele>
        <time>2025-03-28T16:56:45Z</time>
      </trkpt>
      <trkpt lat="50.12756666666667" lon="14.977383333333334">
        <ele>368</ele>
        <time>2025-03-28T16:56:46Z</time>
      </trkpt>
      <trkpt lat="50.12768333333333" lon="14.9774">
        <ele>368</ele>
        <time>2025-03-28T16:56:47Z</time>
      </trkpt>
      <trkpt lat="50.12781666666667" lon="14.977416666666667">
        <ele>368</ele>
        <time>2025-03-28T16:56:48Z</time>
      </trkpt>
      <trkpt lat="50.12793333333333" lon="14.977433333333334">
        <ele>369</ele>
        <time>2025-03-28T16:56:49Z</time>
      </trkpt>
      <trkpt lat="50.12805" lon="14.977433333333334">
        <ele>369</ele>
        <time>2025-03-28T16:56:50Z</time>
      </trkpt>
      <trkpt lat="50.128166666666665" lon="14.97745">
        <ele>370</ele>
        <time>2025-03-28T16:56:51Z</time>
      </trkpt>
      <trkpt lat="50.1283" lon="14.977466666666666">
        <ele>371</ele>
        <time>2025-03-28T16:56:52Z</time>
      </trkpt>
      <trkpt lat="50.128416666666666" lon="14.977483333333334">
        <ele>371</ele>
        <time>2025-03-28T16:56:53Z</time>
      </trkpt>
      <trkpt lat="50.12853333333333" lon="14.9775">
        <ele>372</ele>
        <time>2025-03-28T16:56:54Z</time>
      </trkpt>
      <trkpt lat="50.12866666666667" lon="14.977516666666666">
        <ele>372</ele>
        <time>2025-03-28T16:56:55Z</time>
      </trkpt>
      <trkpt lat="50.12878333333333" lon="14.977533333333334">
        <ele>373</ele>
        <time>2025-03-28T16:56:56Z</time>
      </trkpt>
      <trkpt lat="50.12891666666667" lon="14.977533333333334">
        <ele>373</ele>
        <time>2025-03-28T16:56:57Z</time>
      </trkpt>
      <trkpt lat="50.12903333333333" lon="14.97755">
        <ele>374</ele>
        <time>2025-03-28T16:56:58Z</time>
      </trkpt>
      <trkpt lat="50.12916666666667" lon="14.977583333333333">
        <ele>374</ele>
        <time>2025-03-28T16:56:59Z</time>
      </trkpt>
      <trkpt lat="50.12928333333333" lon="14.9776">
        <ele>375</ele>
        <time>2025-03-28T16:57:00Z</time>
      </trkpt>
      <trkpt lat="50.129416666666664" lon="14.977616666666666">
        <ele>376</ele>
        <time>2025-03-28T16:57:01Z</time>
      </trkpt>
      <trkpt lat="50.129533333333335" lon="14.977633333333333">
        <ele>376</ele>
        <time>2025-03-28T16:57:02Z</time>
      </trkpt>
      <trkpt lat="50.12965" lon="14.97765">
        <ele>377</ele>
        <time>2025-03-28T16:57:03Z</time>
      </trkpt>
      <trkpt lat="50.12976666666667" lon="14.977666666666666">
        <ele>377</ele>
        <time>2025-03-28T16:57:04Z</time>
      </trkpt>
      <trkpt lat="50.1299" lon="14.977683333333333">
        <ele>377</ele>
        <time>2025-03-28T16:57:05Z</time>
      </trkpt>
      <trkpt lat="50.13003333333333" lon="14.9777">
        <ele>378</ele>
        <time>2025-03-28T16:57:06Z</time>
      </trkpt>
      <trkpt lat="50.13015" lon="14.977716666666666">
        <ele>378</ele>
        <time>2025-03-28T16:57:07Z</time>
      </trkpt>
      <trkpt lat="50.130266666666664" lon="14.977733333333333">
        <ele>378</ele>
        <time>2025-03-28T16:57:08Z</time>
      </trkpt>
      <trkpt lat="50.130383333333334" lon="14.97775">
        <ele>379</ele>
        <time>2025-03-28T16:57:09Z</time>
      </trkpt>
      <trkpt lat="50.1305" lon="14.977766666666666">
        <ele>380</ele>
        <time>2025-03-28T16:57:10Z</time>
      </trkpt>
      <trkpt lat="50.130633333333336" lon="14.977783333333333">
        <ele>380</ele>
        <time>2025-03-28T16:57:11Z</time>
      </trkpt>
      <trkpt lat="50.13075" lon="14.9778">
        <ele>381</ele>
        <time>2025-03-28T16:57:12Z</time>
      </trkpt>
      <trkpt lat="50.13086666666667" lon="14.977833333333333">
        <ele>382</ele>
        <time>2025-03-28T16:57:13Z</time>
      </trkpt>
      <trkpt lat="50.131" lon="14.97785">
        <ele>382</ele>
        <time>2025-03-28T16:57:14Z</time>
      </trkpt>
      <trkpt lat="50.131116666666664" lon="14.977866666666667">
        <ele>383</ele>
        <time>2025-03-28T16:57:15Z</time>
      </trkpt>
      <trkpt lat="50.131233333333334" lon="14.9779">
        <ele>383</ele>
        <time>2025-03-28T16:57:16Z</time>
      </trkpt>
      <trkpt lat="50.13135" lon="14.977916666666667">
        <ele>383</ele>
        <time>2025-03-28T16:57:17Z</time>
      </trkpt>
      <trkpt lat="50.13146666666667" lon="14.977933333333333">
        <ele>383</ele>
        <time>2025-03-28T16:57:18Z</time>
      </trkpt>
      <trkpt lat="50.1316" lon="14.977966666666667">
        <ele>383</ele>
        <time>2025-03-28T16:57:19Z</time>
      </trkpt>
      <trkpt lat="50.13173333333334" lon="14.977966666666667">
        <ele>384</ele>
        <time>2025-03-28T16:57:20Z</time>
      </trkpt>
      <trkpt lat="50.13185" lon="14.977983333333333">
        <ele>384</ele>
        <time>2025-03-28T16:57:21Z</time>
      </trkpt>
      <trkpt lat="50.13196666666666" lon="14.978">
        <ele>384</ele>
        <time>2025-03-28T16:57:22Z</time>
      </trkpt>
      <trkpt lat="50.132083333333334" lon="14.978016666666667">
        <ele>384</ele>
        <time>2025-03-28T16:57:23Z</time>
      </trkpt>
      <trkpt lat="50.132216666666665" lon="14.97805">
        <ele>385</ele>
        <time>2025-03-28T16:57:24Z</time>
      </trkpt>
      <trkpt lat="50.13231666666667" lon="14.978066666666667">
        <ele>385</ele>
        <time>2025-03-28T16:57:25Z</time>
      </trkpt>
      <trkpt lat="50.13245" lon="14.978083333333334">
        <ele>385</ele>
        <time>2025-03-28T16:57:26Z</time>
      </trkpt>
      <trkpt lat="50.132583333333336" lon="14.978083333333334">
        <ele>385</ele>
        <time>2025-03-28T16:57:27Z</time>
      </trkpt>
      <trkpt lat="50.1327" lon="14.9781">
        <ele>385</ele>
        <time>2025-03-28T16:57:28Z</time>
      </trkpt>
      <trkpt lat="50.13283333333333" lon="14.978133333333334">
        <ele>385</ele>
        <time>2025-03-28T16:57:29Z</time>
      </trkpt>
      <trkpt lat="50.13296666666667" lon="14.978183333333334">
        <ele>384</ele>
        <time>2025-03-28T16:57:30Z</time>
      </trkpt>
      <trkpt lat="50.1331" lon="14.978233333333334">
        <ele>384</ele>
        <time>2025-03-28T16:57:31Z</time>
      </trkpt>
      <trkpt lat="50.13323333333334" lon="14.978266666666666">
        <ele>384</ele>
        <time>2025-03-28T16:57:32Z</time>
      </trkpt>
      <trkpt lat="50.13336666666667" lon="14.978283333333334">
        <ele>384</ele>
        <time>2025-03-28T16:57:33Z</time>
      </trkpt>
      <trkpt lat="50.13348333333333" lon="14.9783">
        <ele>384</ele>
        <time>2025-03-28T16:57:34Z</time>
      </trkpt>
      <trkpt lat="50.13361666666667" lon="14.978316666666666">
        <ele>385</ele>
        <time>2025-03-28T16:57:35Z</time>
      </trkpt>
      <trkpt lat="50.13375" lon="14.97835">
        <ele>385</ele>
        <time>2025-03-28T16:57:36Z</time>
      </trkpt>
      <trkpt lat="50.13388333333333" lon="14.978383333333333">
        <ele>385</ele>
        <time>2025-03-28T16:57:37Z</time>
      </trkpt>
      <trkpt lat="50.13401666666667" lon="14.978416666666666">
        <ele>385</ele>
        <time>2025-03-28T16:57:38Z</time>
      </trkpt>
      <trkpt lat="50.13413333333333" lon="14.97845">
        <ele>385</ele>
        <time>2025-03-28T16:57:39Z</time>
      </trkpt>
      <trkpt lat="50.13426666666667" lon="14.978483333333333">
        <ele>385</ele>
        <time>2025-03-28T16:57:40Z</time>
      </trkpt>
      <trkpt lat="50.1344" lon="14.9785">
        <ele>385</ele>
        <time>2025-03-28T16:57:41Z</time>
      </trkpt>
      <trkpt lat="50.13451666666667" lon="14.978533333333333">
        <ele>385</ele>
        <time>2025-03-28T16:57:42Z</time>
      </trkpt>
      <trkpt lat="50.13465" lon="14.978566666666667">
        <ele>385</ele>
        <time>2025-03-28T16:57:43Z</time>
      </trkpt>
      <trkpt lat="50.13478333333333" lon="14.978583333333333">
        <ele>385</ele>
        <time>2025-03-28T16:57:44Z</time>
      </trkpt>
      <trkpt lat="50.13491666666667" lon="14.978616666666667">
        <ele>385</ele>
        <time>2025-03-28T16:57:45Z</time>
      </trkpt>
      <trkpt lat="50.13505" lon="14.97865">
        <ele>385</ele>
        <time>2025-03-28T16:57:46Z</time>
      </trkpt>
      <trkpt lat="50.1352" lon="14.978666666666667">
        <ele>385</ele>
        <time>2025-03-28T16:57:47Z</time>
      </trkpt>
      <trkpt lat="50.135333333333335" lon="14.978683333333333">
        <ele>385</ele>
        <time>2025-03-28T16:57:48Z</time>
      </trkpt>
      <trkpt lat="50.13545" lon="14.9787">
        <ele>385</ele>
        <time>2025-03-28T16:57:49Z</time>
      </trkpt>
      <trkpt lat="50.13558333333334" lon="14.9787">
        <ele>385</ele>
        <time>2025-03-28T16:57:50Z</time>
      </trkpt>
      <trkpt lat="50.13571666666667" lon="14.9787">
        <ele>385</ele>
        <time>2025-03-28T16:57:51Z</time>
      </trkpt>
      <trkpt lat="50.13585" lon="14.978683333333333">
        <ele>384</ele>
        <time>2025-03-28T16:57:52Z</time>
      </trkpt>
      <trkpt lat="50.135983333333336" lon="14.97865">
        <ele>383</ele>
        <time>2025-03-28T16:57:53Z</time>
      </trkpt>
      <trkpt lat="50.13613333333333" lon="14.9786">
        <ele>382</ele>
        <time>2025-03-28T16:57:54Z</time>
      </trkpt>
      <trkpt lat="50.136266666666664" lon="14.978533333333333">
        <ele>381</ele>
        <time>2025-03-28T16:57:55Z</time>
      </trkpt>
      <trkpt lat="50.1364" lon="14.97845">
        <ele>381</ele>
        <time>2025-03-28T16:57:56Z</time>
      </trkpt>
      <trkpt lat="50.136516666666665" lon="14.97835">
        <ele>380</ele>
        <time>2025-03-28T16:57:57Z</time>
      </trkpt>
      <trkpt lat="50.136633333333336" lon="14.978216666666667">
        <ele>379</ele>
        <time>2025-03-28T16:57:58Z</time>
      </trkpt>
      <trkpt lat="50.13675" lon="14.978066666666667">
        <ele>378</ele>
        <time>2025-03-28T16:57:59Z</time>
      </trkpt>
      <trkpt lat="50.13688333333333" lon="14.977916666666667">
        <ele>376</ele>
        <time>2025-03-28T16:58:00Z</time>
      </trkpt>
      <trkpt lat="50.137" lon="14.977766666666666">
        <ele>374</ele>
        <time>2025-03-28T16:58:01Z</time>
      </trkpt>
      <trkpt lat="50.13713333333333" lon="14.977616666666666">
        <ele>372</ele>
        <time>2025-03-28T16:58:02Z</time>
      </trkpt>
      <trkpt lat="50.137233333333334" lon="14.97745">
        <ele>371</ele>
        <time>2025-03-28T16:58:03Z</time>
      </trkpt>
      <trkpt lat="50.13735" lon="14.9773">
        <ele>369</ele>
        <time>2025-03-28T16:58:04Z</time>
      </trkpt>
      <trkpt lat="50.13746666666667" lon="14.97715">
        <ele>368</ele>
        <time>2025-03-28T16:58:05Z</time>
      </trkpt>
      <trkpt lat="50.13758333333333" lon="14.977">
        <ele>367</ele>
        <time>2025-03-28T16:58:06Z</time>
      </trkpt>
      <trkpt lat="50.137683333333335" lon="14.976833333333333">
        <ele>365</ele>
        <time>2025-03-28T16:58:07Z</time>
      </trkpt>
      <trkpt lat="50.137816666666666" lon="14.976666666666667">
        <ele>364</ele>
        <time>2025-03-28T16:58:08Z</time>
      </trkpt>
      <trkpt lat="50.13791666666667" lon="14.976516666666667">
        <ele>363</ele>
        <time>2025-03-28T16:58:09Z</time>
      </trkpt>
      <trkpt lat="50.13803333333333" lon="14.976383333333333">
        <ele>363</ele>
        <time>2025-03-28T16:58:10Z</time>
      </trkpt>
      <trkpt lat="50.13815" lon="14.976233333333333">
        <ele>364</ele>
        <time>2025-03-28T16:58:11Z</time>
      </trkpt>
      <trkpt lat="50.13826666666667" lon="14.9761">
        <ele>364</ele>
        <time>2025-03-28T16:58:12Z</time>
      </trkpt>
      <trkpt lat="50.13838333333333" lon="14.97595">
        <ele>364</ele>
        <time>2025-03-28T16:58:13Z</time>
      </trkpt>
      <trkpt lat="50.13851666666667" lon="14.975816666666667">
        <ele>365</ele>
        <time>2025-03-28T16:58:14Z</time>
      </trkpt>
      <trkpt lat="50.13863333333333" lon="14.9757">
        <ele>364</ele>
        <time>2025-03-28T16:58:15Z</time>
      </trkpt>
      <trkpt lat="50.13876666666667" lon="14.975566666666667">
        <ele>364</ele>
        <time>2025-03-28T16:58:16Z</time>
      </trkpt>
      <trkpt lat="50.1389" lon="14.975433333333333">
        <ele>363</ele>
        <time>2025-03-28T16:58:17Z</time>
      </trkpt>
      <trkpt lat="50.13901666666667" lon="14.9753">
        <ele>363</ele>
        <time>2025-03-28T16:58:18Z</time>
      </trkpt>
      <trkpt lat="50.13915" lon="14.975166666666667">
        <ele>363</ele>
        <time>2025-03-28T16:58:19Z</time>
      </trkpt>
      <trkpt lat="50.13928333333333" lon="14.975033333333334">
        <ele>363</ele>
        <time>2025-03-28T16:58:20Z</time>
      </trkpt>
      <trkpt lat="50.13941666666667" lon="14.974933333333333">
        <ele>362</ele>
        <time>2025-03-28T16:58:21Z</time>
      </trkpt>
      <trkpt lat="50.13955" lon="14.974816666666667">
        <ele>362</ele>
        <time>2025-03-28T16:58:22Z</time>
      </trkpt>
      <trkpt lat="50.13968333333333" lon="14.974716666666666">
        <ele>362</ele>
        <time>2025-03-28T16:58:23Z</time>
      </trkpt>
      <trkpt lat="50.13981666666667" lon="14.974616666666666">
        <ele>361</ele>
        <time>2025-03-28T16:58:24Z</time>
      </trkpt>
      <trkpt lat="50.139966666666666" lon="14.974516666666666">
        <ele>361</ele>
        <time>2025-03-28T16:58:25Z</time>
      </trkpt>
      <trkpt lat="50.140116666666664" lon="14.974416666666666">
        <ele>360</ele>
        <time>2025-03-28T16:58:26Z</time>
      </trkpt>
      <trkpt lat="50.14025" lon="14.974333333333334">
        <ele>360</ele>
        <time>2025-03-28T16:58:27Z</time>
      </trkpt>
      <trkpt lat="50.1404" lon="14.97425">
        <ele>360</ele>
        <time>2025-03-28T16:58:28Z</time>
      </trkpt>
      <trkpt lat="50.14053333333333" lon="14.974166666666667">
        <ele>359</ele>
        <time>2025-03-28T16:58:29Z</time>
      </trkpt>
      <trkpt lat="50.140683333333335" lon="14.9741">
        <ele>359</ele>
        <time>2025-03-28T16:58:30Z</time>
      </trkpt>
      <trkpt lat="50.14083333333333" lon="14.974066666666667">
        <ele>359</ele>
        <time>2025-03-28T16:58:31Z</time>
      </trkpt>
      <trkpt lat="50.14098333333333" lon="14.974033333333333">
        <ele>358</ele>
        <time>2025-03-28T16:58:32Z</time>
      </trkpt>
      <trkpt lat="50.14111666666667" lon="14.973983333333333">
        <ele>358</ele>
        <time>2025-03-28T16:58:33Z</time>
      </trkpt>
      <trkpt lat="50.14126666666667" lon="14.973916666666666">
        <ele>357</ele>
        <time>2025-03-28T16:58:34Z</time>
      </trkpt>
      <trkpt lat="50.141416666666665" lon="14.973833333333333">
        <ele>357</ele>
        <time>2025-03-28T16:58:35Z</time>
      </trkpt>
      <trkpt lat="50.14156666666667" lon="14.973766666666666">
        <ele>356</ele>
        <time>2025-03-28T16:58:36Z</time>
      </trkpt>
      <trkpt lat="50.14171666666667" lon="14.9737">
        <ele>355</ele>
        <time>2025-03-28T16:58:37Z</time>
      </trkpt>
      <trkpt lat="50.141866666666665" lon="14.97365">
        <ele>354</ele>
        <time>2025-03-28T16:58:38Z</time>
      </trkpt>
      <trkpt lat="50.142" lon="14.973583333333334">
        <ele>354</ele>
        <time>2025-03-28T16:58:39Z</time>
      </trkpt>
      <trkpt lat="50.14215" lon="14.973516666666667">
        <ele>353</ele>
        <time>2025-03-28T16:58:40Z</time>
      </trkpt>
      <trkpt lat="50.1423" lon="14.97345">
        <ele>354</ele>
        <time>2025-03-28T16:58:41Z</time>
      </trkpt>
      <trkpt lat="50.14243333333334" lon="14.9734">
        <ele>354</ele>
        <time>2025-03-28T16:58:42Z</time>
      </trkpt>
      <trkpt lat="50.142583333333334" lon="14.973366666666667">
        <ele>354</ele>
        <time>2025-03-28T16:58:43Z</time>
      </trkpt>
      <trkpt lat="50.14273333333333" lon="14.973333333333333">
        <ele>354</ele>
        <time>2025-03-28T16:58:44Z</time>
      </trkpt>
      <trkpt lat="50.14288333333333" lon="14.973316666666667">
        <ele>354</ele>
        <time>2025-03-28T16:58:45Z</time>
      </trkpt>
      <trkpt lat="50.143033333333335" lon="14.97325">
        <ele>354</ele>
        <time>2025-03-28T16:58:46Z</time>
      </trkpt>
      <trkpt lat="50.14318333333333" lon="14.9732">
        <ele>354</ele>
        <time>2025-03-28T16:58:47Z</time>
      </trkpt>
      <trkpt lat="50.14333333333333" lon="14.97315">
        <ele>353</ele>
        <time>2025-03-28T16:58:48Z</time>
      </trkpt>
      <trkpt lat="50.143483333333336" lon="14.9731">
        <ele>353</ele>
        <time>2025-03-28T16:58:49Z</time>
      </trkpt>
      <trkpt lat="50.143633333333334" lon="14.973066666666666">
        <ele>353</ele>
        <time>2025-03-28T16:58:50Z</time>
      </trkpt>
      <trkpt lat="50.14378333333333" lon="14.973">
        <ele>353</ele>
        <time>2025-03-28T16:58:51Z</time>
      </trkpt>
      <trkpt lat="50.14393333333334" lon="14.97295">
        <ele>353</ele>
        <time>2025-03-28T16:58:52Z</time>
      </trkpt>
      <trkpt lat="50.14406666666667" lon="14.972866666666667">
        <ele>354</ele>
        <time>2025-03-28T16:58:53Z</time>
      </trkpt>
      <trkpt lat="50.1442" lon="14.9728">
        <ele>354</ele>
        <time>2025-03-28T16:58:54Z</time>
      </trkpt>
      <trkpt lat="50.14435" lon="14.972733333333334">
        <ele>354</ele>
        <time>2025-03-28T16:58:55Z</time>
      </trkpt>
      <trkpt lat="50.1445" lon="14.972683333333332">
        <ele>354</ele>
        <time>2025-03-28T16:58:56Z</time>
      </trkpt>
      <trkpt lat="50.14463333333333" lon="14.972633333333333">
        <ele>354</ele>
        <time>2025-03-28T16:58:57Z</time>
      </trkpt>
      <trkpt lat="50.144783333333336" lon="14.972583333333333">
        <ele>354</ele>
        <time>2025-03-28T16:58:58Z</time>
      </trkpt>
      <trkpt lat="50.144933333333334" lon="14.972516666666667">
        <ele>354</ele>
        <time>2025-03-28T16:58:59Z</time>
      </trkpt>
      <trkpt lat="50.145066666666665" lon="14.97245">
        <ele>354</ele>
        <time>2025-03-28T16:59:00Z</time>
      </trkpt>
      <trkpt lat="50.14521666666667" lon="14.972383333333333">
        <ele>354</ele>
        <time>2025-03-28T16:59:01Z</time>
      </trkpt>
      <trkpt lat="50.14536666666667" lon="14.972316666666666">
        <ele>354</ele>
        <time>2025-03-28T16:59:02Z</time>
      </trkpt>
      <trkpt lat="50.1455" lon="14.972283333333333">
        <ele>354</ele>
        <time>2025-03-28T16:59:03Z</time>
      </trkpt>
      <trkpt lat="50.14565" lon="14.972233333333334">
        <ele>354</ele>
        <time>2025-03-28T16:59:04Z</time>
      </trkpt>
      <trkpt lat="50.1458" lon="14.972183333333334">
        <ele>354</ele>
        <time>2025-03-28T16:59:05Z</time>
      </trkpt>
      <trkpt lat="50.14595" lon="14.972116666666667">
        <ele>354</ele>
        <time>2025-03-28T16:59:06Z</time>
      </trkpt>
      <trkpt lat="50.14608333333334" lon="14.97205">
        <ele>354</ele>
        <time>2025-03-28T16:59:07Z</time>
      </trkpt>
      <trkpt lat="50.146233333333335" lon="14.972">
        <ele>355</ele>
        <time>2025-03-28T16:59:08Z</time>
      </trkpt>
      <trkpt lat="50.14638333333333" lon="14.971966666666667">
        <ele>355</ele>
        <time>2025-03-28T16:59:09Z</time>
      </trkpt>
      <trkpt lat="50.14653333333333" lon="14.971916666666667">
        <ele>354</ele>
        <time>2025-03-28T16:59:10Z</time>
      </trkpt>
      <trkpt lat="50.14666666666667" lon="14.97185">
        <ele>354</ele>
        <time>2025-03-28T16:59:11Z</time>
      </trkpt>
      <trkpt lat="50.146816666666666" lon="14.971783333333333">
        <ele>354</ele>
        <time>2025-03-28T16:59:12Z</time>
      </trkpt>
      <trkpt lat="50.14695" lon="14.9717">
        <ele>354</ele>
        <time>2025-03-28T16:59:13Z</time>
      </trkpt>
      <trkpt lat="50.1471" lon="14.971633333333333">
        <ele>354</ele>
        <time>2025-03-28T16:59:14Z</time>
      </trkpt>
      <trkpt lat="50.14725" lon="14.97155">
        <ele>354</ele>
        <time>2025-03-28T16:59:15Z</time>
      </trkpt>
      <trkpt lat="50.1474" lon="14.971466666666666">
        <ele>354</ele>
        <time>2025-03-28T16:59:16Z</time>
      </trkpt>
      <trkpt lat="50.147533333333335" lon="14.971383333333334">
        <ele>353</ele>
        <time>2025-03-28T16:59:17Z</time>
      </trkpt>
      <trkpt lat="50.147666666666666" lon="14.971283333333334">
        <ele>353</ele>
        <time>2025-03-28T16:59:18Z</time>
      </trkpt>
      <trkpt lat="50.1478" lon="14.971166666666667">
        <ele>352</ele>
        <time>2025-03-28T16:59:19Z</time>
      </trkpt>
      <trkpt lat="50.147933333333334" lon="14.97105">
        <ele>352</ele>
        <time>2025-03-28T16:59:20Z</time>
      </trkpt>
      <trkpt lat="50.148066666666665" lon="14.970916666666668">
        <ele>352</ele>
        <time>2025-03-28T16:59:21Z</time>
      </trkpt>
      <trkpt lat="50.148183333333336" lon="14.970783333333333">
        <ele>351</ele>
        <time>2025-03-28T16:59:22Z</time>
      </trkpt>
      <trkpt lat="50.148316666666666" lon="14.970666666666666">
        <ele>351</ele>
        <time>2025-03-28T16:59:23Z</time>
      </trkpt>
      <trkpt lat="50.14843333333334" lon="14.970533333333334">
        <ele>350</ele>
        <time>2025-03-28T16:59:24Z</time>
      </trkpt>
      <trkpt lat="50.14855" lon="14.970383333333332">
        <ele>349</ele>
        <time>2025-03-28T16:59:25Z</time>
      </trkpt>
      <trkpt lat="50.148666666666664" lon="14.970233333333333">
        <ele>349</ele>
        <time>2025-03-28T16:59:26Z</time>
      </trkpt>
      <trkpt lat="50.148783333333334" lon="14.970066666666666">
        <ele>349</ele>
        <time>2025-03-28T16:59:27Z</time>
      </trkpt>
      <trkpt lat="50.14888333333333" lon="14.9699">
        <ele>349</ele>
        <time>2025-03-28T16:59:28Z</time>
      </trkpt>
      <trkpt lat="50.148983333333334" lon="14.969733333333334">
        <ele>349</ele>
        <time>2025-03-28T16:59:29Z</time>
      </trkpt>
      <trkpt lat="50.1491" lon="14.969566666666667">
        <ele>349</ele>
        <time>2025-03-28T16:59:30Z</time>
      </trkpt>
      <trkpt lat="50.1492" lon="14.9694">
        <ele>350</ele>
        <time>2025-03-28T16:59:31Z</time>
      </trkpt>
      <trkpt lat="50.149316666666664" lon="14.969233333333333">
        <ele>350</ele>
        <time>2025-03-28T16:59:32Z</time>
      </trkpt>
      <trkpt lat="50.14941666666667" lon="14.969083333333334">
        <ele>351</ele>
        <time>2025-03-28T16:59:33Z</time>
      </trkpt>
      <trkpt lat="50.14951666666666" lon="14.9689">
        <ele>351</ele>
        <time>2025-03-28T16:59:34Z</time>
      </trkpt>
      <trkpt lat="50.14961666666667" lon="14.9687">
        <ele>351</ele>
        <time>2025-03-28T16:59:35Z</time>
      </trkpt>
      <trkpt lat="50.14971666666667" lon="14.968533333333333">
        <ele>351</ele>
        <time>2025-03-28T16:59:36Z</time>
      </trkpt>
      <trkpt lat="50.149816666666666" lon="14.96835">
        <ele>351</ele>
        <time>2025-03-28T16:59:37Z</time>
      </trkpt>
      <trkpt lat="50.14991666666667" lon="14.968183333333334">
        <ele>351</ele>
        <time>2025-03-28T16:59:38Z</time>
      </trkpt>
      <trkpt lat="50.150016666666666" lon="14.968">
        <ele>351</ele>
        <time>2025-03-28T16:59:39Z</time>
      </trkpt>
      <trkpt lat="50.15011666666667" lon="14.967833333333333">
        <ele>351</ele>
        <time>2025-03-28T16:59:40Z</time>
      </trkpt>
      <trkpt lat="50.1502" lon="14.967666666666666">
        <ele>352</ele>
        <time>2025-03-28T16:59:41Z</time>
      </trkpt>
      <trkpt lat="50.1503" lon="14.967483333333334">
        <ele>352</ele>
        <time>2025-03-28T16:59:42Z</time>
      </trkpt>
      <trkpt lat="50.1504" lon="14.9673">
        <ele>352</ele>
        <time>2025-03-28T16:59:43Z</time>
      </trkpt>
      <trkpt lat="50.1505" lon="14.967116666666668">
        <ele>352</ele>
        <time>2025-03-28T16:59:44Z</time>
      </trkpt>
      <trkpt lat="50.15058333333333" lon="14.966933333333333">
        <ele>352</ele>
        <time>2025-03-28T16:59:45Z</time>
      </trkpt>
      <trkpt lat="50.150666666666666" lon="14.96675">
        <ele>352</ele>
        <time>2025-03-28T16:59:46Z</time>
      </trkpt>
      <trkpt lat="50.15076666666667" lon="14.966566666666667">
        <ele>352</ele>
        <time>2025-03-28T16:59:47Z</time>
      </trkpt>
      <trkpt lat="50.15085" lon="14.966383333333333">
        <ele>353</ele>
        <time>2025-03-28T16:59:48Z</time>
      </trkpt>
      <trkpt lat="50.15095" lon="14.9662">
        <ele>353</ele>
        <time>2025-03-28T16:59:49Z</time>
      </trkpt>
      <trkpt lat="50.15105" lon="14.966033333333334">
        <ele>354</ele>
        <time>2025-03-28T16:59:50Z</time>
      </trkpt>
      <trkpt lat="50.15115" lon="14.96585">
        <ele>354</ele>
        <time>2025-03-28T16:59:51Z</time>
      </trkpt>
      <trkpt lat="50.15125" lon="14.965683333333333">
        <ele>355</ele>
        <time>2025-03-28T16:59:52Z</time>
      </trkpt>
      <trkpt lat="50.15136666666667" lon="14.965516666666666">
        <ele>355</ele>
        <time>2025-03-28T16:59:53Z</time>
      </trkpt>
      <trkpt lat="50.151466666666664" lon="14.96535">
        <ele>356</ele>
        <time>2025-03-28T16:59:54Z</time>
      </trkpt>
      <trkpt lat="50.15156666666667" lon="14.965183333333334">
        <ele>356</ele>
        <time>2025-03-28T16:59:55Z</time>
      </trkpt>
      <trkpt lat="50.15168333333333" lon="14.965016666666667">
        <ele>356</ele>
        <time>2025-03-28T16:59:56Z</time>
      </trkpt>
      <trkpt lat="50.151783333333334" lon="14.96485">
        <ele>357</ele>
        <time>2025-03-28T16:59:57Z</time>
      </trkpt>
      <trkpt lat="50.15188333333333" lon="14.964683333333333">
        <ele>357</ele>
        <time>2025-03-28T16:59:58Z</time>
      </trkpt>
      <trkpt lat="50.152" lon="14.964533333333334">
        <ele>357</ele>
        <time>2025-03-28T16:59:59Z</time>
      </trkpt>
      <trkpt lat="50.152116666666664" lon="14.964366666666667">
        <ele>357</ele>
        <time>2025-03-28T17:00:00Z</time>
      </trkpt>
      <trkpt lat="50.15221666666667" lon="14.9642">
        <ele>357</ele>
        <time>2025-03-28T17:00:01Z</time>
      </trkpt>
      <trkpt lat="50.15233333333333" lon="14.96405">
        <ele>358</ele>
        <time>2025-03-28T17:00:02Z</time>
      </trkpt>
      <trkpt lat="50.15245" lon="14.9639">
        <ele>359</ele>
        <time>2025-03-28T17:00:03Z</time>
      </trkpt>
      <trkpt lat="50.152566666666665" lon="14.963766666666666">
        <ele>360</ele>
        <time>2025-03-28T17:00:04Z</time>
      </trkpt>
      <trkpt lat="50.152683333333336" lon="14.96365">
        <ele>362</ele>
        <time>2025-03-28T17:00:05Z</time>
      </trkpt>
      <trkpt lat="50.15278333333333" lon="14.96355">
        <ele>363</ele>
        <time>2025-03-28T17:00:06Z</time>
      </trkpt>
      <trkpt lat="50.152883333333335" lon="14.963433333333333">
        <ele>365</ele>
        <time>2025-03-28T17:00:07Z</time>
      </trkpt>
      <trkpt lat="50.153" lon="14.963316666666667">
        <ele>367</ele>
        <time>2025-03-28T17:00:08Z</time>
      </trkpt>
      <trkpt lat="50.15311666666667" lon="14.9632">
        <ele>368</ele>
        <time>2025-03-28T17:00:09Z</time>
      </trkpt>
      <trkpt lat="50.15323333333333" lon="14.963083333333334">
        <ele>369</ele>
        <time>2025-03-28T17:00:10Z</time>
      </trkpt>
      <trkpt lat="50.15335" lon="14.962966666666667">
        <ele>369</ele>
        <time>2025-03-28T17:00:11Z</time>
      </trkpt>
      <trkpt lat="50.15346666666667" lon="14.96285">
        <ele>370</ele>
        <time>2025-03-28T17:00:12Z</time>
      </trkpt>
      <trkpt lat="50.15358333333333" lon="14.962733333333333">
        <ele>370</ele>
        <time>2025-03-28T17:00:13Z</time>
      </trkpt>
      <trkpt lat="50.15368333333333" lon="14.962616666666667">
        <ele>371</ele>
        <time>2025-03-28T17:00:14Z</time>
      </trkpt>
      <trkpt lat="50.1538" lon="14.962516666666666">
        <ele>372</ele>
        <time>2025-03-28T17:00:15Z</time>
      </trkpt>
      <trkpt lat="50.15391666666667" lon="14.9624">
        <ele>373</ele>
        <time>2025-03-28T17:00:16Z</time>
      </trkpt>
      <trkpt lat="50.15403333333333" lon="14.9623">
        <ele>374</ele>
        <time>2025-03-28T17:00:17Z</time>
      </trkpt>
      <trkpt lat="50.15416666666667" lon="14.962216666666666">
        <ele>374</ele>
        <time>2025-03-28T17:00:18Z</time>
      </trkpt>
      <trkpt lat="50.15428333333333" lon="14.96215">
        <ele>374</ele>
        <time>2025-03-28T17:00:19Z</time>
      </trkpt>
      <trkpt lat="50.15441666666667" lon="14.962116666666667">
        <ele>375</ele>
        <time>2025-03-28T17:00:20Z</time>
      </trkpt>
      <trkpt lat="50.15455" lon="14.962083333333334">
        <ele>375</ele>
        <time>2025-03-28T17:00:21Z</time>
      </trkpt>
      <trkpt lat="50.15468333333333" lon="14.96205">
        <ele>375</ele>
        <time>2025-03-28T17:00:22Z</time>
      </trkpt>
      <trkpt lat="50.15481666666667" lon="14.962033333333334">
        <ele>376</ele>
        <time>2025-03-28T17:00:23Z</time>
      </trkpt>
      <trkpt lat="50.15496666666667" lon="14.962">
        <ele>377</ele>
        <time>2025-03-28T17:00:24Z</time>
      </trkpt>
      <trkpt lat="50.15508333333333" lon="14.961983333333333">
        <ele>377</ele>
        <time>2025-03-28T17:00:25Z</time>
      </trkpt>
      <trkpt lat="50.15521666666667" lon="14.961983333333333">
        <ele>378</ele>
        <time>2025-03-28T17:00:26Z</time>
      </trkpt>
      <trkpt lat="50.15535" lon="14.961966666666667">
        <ele>378</ele>
        <time>2025-03-28T17:00:27Z</time>
      </trkpt>
      <trkpt lat="50.155483333333336" lon="14.961966666666667">
        <ele>379</ele>
        <time>2025-03-28T17:00:28Z</time>
      </trkpt>
      <trkpt lat="50.15561666666667" lon="14.961983333333333">
        <ele>379</ele>
        <time>2025-03-28T17:00:29Z</time>
      </trkpt>
      <trkpt lat="50.15575" lon="14.961966666666667">
        <ele>380</ele>
        <time>2025-03-28T17:00:30Z</time>
      </trkpt>
      <trkpt lat="50.155883333333335" lon="14.961966666666667">
        <ele>381</ele>
        <time>2025-03-28T17:00:31Z</time>
      </trkpt>
      <trkpt lat="50.156016666666666" lon="14.961966666666667">
        <ele>381</ele>
        <time>2025-03-28T17:00:32Z</time>
      </trkpt>
      <trkpt lat="50.15615" lon="14.961983333333333">
        <ele>382</ele>
        <time>2025-03-28T17:00:33Z</time>
      </trkpt>
      <trkpt lat="50.156283333333334" lon="14.962">
        <ele>382</ele>
        <time>2025-03-28T17:00:34Z</time>
      </trkpt>
      <trkpt lat="50.156416666666665" lon="14.962083333333334">
        <ele>383</ele>
        <time>2025-03-28T17:00:35Z</time>
      </trkpt>
      <trkpt lat="50.156533333333336" lon="14.96215">
        <ele>383</ele>
        <time>2025-03-28T17:00:36Z</time>
      </trkpt>
      <trkpt lat="50.15665" lon="14.962216666666666">
        <ele>384</ele>
        <time>2025-03-28T17:00:37Z</time>
      </trkpt>
      <trkpt lat="50.15676666666667" lon="14.962283333333334">
        <ele>384</ele>
        <time>2025-03-28T17:00:38Z</time>
      </trkpt>
      <trkpt lat="50.156866666666666" lon="14.962366666666666">
        <ele>385</ele>
        <time>2025-03-28T17:00:39Z</time>
      </trkpt>
      <trkpt lat="50.156983333333336" lon="14.962466666666666">
        <ele>385</ele>
        <time>2025-03-28T17:00:40Z</time>
      </trkpt>
      <trkpt lat="50.15708333333333" lon="14.962566666666667">
        <ele>386</ele>
        <time>2025-03-28T17:00:41Z</time>
      </trkpt>
      <trkpt lat="50.1572" lon="14.962683333333333">
        <ele>385</ele>
        <time>2025-03-28T17:00:42Z</time>
      </trkpt>
      <trkpt lat="50.157333333333334" lon="14.962816666666667">
        <ele>384</ele>
        <time>2025-03-28T17:00:43Z</time>
      </trkpt>
      <trkpt lat="50.15743333333333" lon="14.962966666666667">
        <ele>383</ele>
        <time>2025-03-28T17:00:44Z</time>
      </trkpt>
      <trkpt lat="50.15755" lon="14.963116666666666">
        <ele>381</ele>
        <time>2025-03-28T17:00:45Z</time>
      </trkpt>
      <trkpt lat="50.15765" lon="14.963283333333333">
        <ele>380</ele>
        <time>2025-03-28T17:00:46Z</time>
      </trkpt>
      <trkpt lat="50.15775" lon="14.963433333333333">
        <ele>379</ele>
        <time>2025-03-28T17:00:47Z</time>
      </trkpt>
      <trkpt lat="50.15785" lon="14.963566666666667">
        <ele>379</ele>
        <time>2025-03-28T17:00:48Z</time>
      </trkpt>
      <trkpt lat="50.15795" lon="14.963716666666667">
        <ele>379</ele>
        <time>2025-03-28T17:00:49Z</time>
      </trkpt>
      <trkpt lat="50.15805" lon="14.96385">
        <ele>379</ele>
        <time>2025-03-28T17:00:50Z</time>
      </trkpt>
      <trkpt lat="50.15815" lon="14.963983333333333">
        <ele>379</ele>
        <time>2025-03-28T17:00:51Z</time>
      </trkpt>
      <trkpt lat="50.15826666666667" lon="14.964116666666667">
        <ele>378</ele>
        <time>2025-03-28T17:00:52Z</time>
      </trkpt>
      <trkpt lat="50.15838333333333" lon="14.96425">
        <ele>378</ele>
        <time>2025-03-28T17:00:53Z</time>
      </trkpt>
      <trkpt lat="50.1585" lon="14.9644">
        <ele>377</ele>
        <time>2025-03-28T17:00:54Z</time>
      </trkpt>
      <trkpt lat="50.15861666666667" lon="14.964533333333334">
        <ele>377</ele>
        <time>2025-03-28T17:00:55Z</time>
      </trkpt>
      <trkpt lat="50.15871666666666" lon="14.964666666666666">
        <ele>376</ele>
        <time>2025-03-28T17:00:56Z</time>
      </trkpt>
      <trkpt lat="50.158833333333334" lon="14.9648">
        <ele>376</ele>
        <time>2025-03-28T17:00:57Z</time>
      </trkpt>
      <trkpt lat="50.15895" lon="14.964933333333333">
        <ele>375</ele>
        <time>2025-03-28T17:00:58Z</time>
      </trkpt>
      <trkpt lat="50.15905" lon="14.965066666666667">
        <ele>375</ele>
        <time>2025-03-28T17:00:59Z</time>
      </trkpt>
      <trkpt lat="50.159166666666664" lon="14.965183333333334">
        <ele>374</ele>
        <time>2025-03-28T17:01:00Z</time>
      </trkpt>
      <trkpt lat="50.159283333333335" lon="14.965316666666666">
        <ele>373</ele>
        <time>2025-03-28T17:01:01Z</time>
      </trkpt>
      <trkpt lat="50.1594" lon="14.96545">
        <ele>373</ele>
        <time>2025-03-28T17:01:02Z</time>
      </trkpt>
      <trkpt lat="50.15951666666667" lon="14.965583333333333">
        <ele>372</ele>
        <time>2025-03-28T17:01:03Z</time>
      </trkpt>
      <trkpt lat="50.15963333333333" lon="14.9657">
        <ele>371</ele>
        <time>2025-03-28T17:01:04Z</time>
      </trkpt>
      <trkpt lat="50.15975" lon="14.9658">
        <ele>371</ele>
        <time>2025-03-28T17:01:05Z</time>
      </trkpt>
      <trkpt lat="50.159866666666666" lon="14.9659">
        <ele>371</ele>
        <time>2025-03-28T17:01:06Z</time>
      </trkpt>
      <trkpt lat="50.16" lon="14.965983333333334">
        <ele>371</ele>
        <time>2025-03-28T17:01:07Z</time>
      </trkpt>
      <trkpt lat="50.16011666666667" lon="14.966066666666666">
        <ele>370</ele>
        <time>2025-03-28T17:01:08Z</time>
      </trkpt>
      <trkpt lat="50.16025" lon="14.966133333333334">
        <ele>369</ele>
        <time>2025-03-28T17:01:09Z</time>
      </trkpt>
      <trkpt lat="50.1604" lon="14.966183333333333">
        <ele>367</ele>
        <time>2025-03-28T17:01:10Z</time>
      </trkpt>
      <trkpt lat="50.16053333333333" lon="14.966266666666666">
        <ele>365</ele>
        <time>2025-03-28T17:01:11Z</time>
      </trkpt>
      <trkpt lat="50.160666666666664" lon="14.96635">
        <ele>363</ele>
        <time>2025-03-28T17:01:12Z</time>
      </trkpt>
      <trkpt lat="50.1608" lon="14.966466666666667">
        <ele>361</ele>
        <time>2025-03-28T17:01:13Z</time>
      </trkpt>
      <trkpt lat="50.160916666666665" lon="14.966616666666667">
        <ele>360</ele>
        <time>2025-03-28T17:01:14Z</time>
      </trkpt>
      <trkpt lat="50.16101666666667" lon="14.966766666666667">
        <ele>358</ele>
        <time>2025-03-28T17:01:15Z</time>
      </trkpt>
      <trkpt lat="50.1611" lon="14.966933333333333">
        <ele>358</ele>
        <time>2025-03-28T17:01:16Z</time>
      </trkpt>
      <trkpt lat="50.161183333333334" lon="14.9671">
        <ele>358</ele>
        <time>2025-03-28T17:01:17Z</time>
      </trkpt>
      <trkpt lat="50.16126666666667" lon="14.967266666666667">
        <ele>358</ele>
        <time>2025-03-28T17:01:18Z</time>
      </trkpt>
      <trkpt lat="50.16135" lon="14.967416666666667">
        <ele>358</ele>
        <time>2025-03-28T17:01:19Z</time>
      </trkpt>
      <trkpt lat="50.161433333333335" lon="14.967583333333334">
        <ele>358</ele>
        <time>2025-03-28T17:01:20Z</time>
      </trkpt>
      <trkpt lat="50.1615" lon="14.96775">
        <ele>358</ele>
        <time>2025-03-28T17:01:21Z</time>
      </trkpt>
      <trkpt lat="50.16158333333333" lon="14.967916666666667">
        <ele>358</ele>
        <time>2025-03-28T17:01:22Z</time>
      </trkpt>
      <trkpt lat="50.16165" lon="14.968083333333333">
        <ele>358</ele>
        <time>2025-03-28T17:01:23Z</time>
      </trkpt>
      <trkpt lat="50.16171666666666" lon="14.968266666666667">
        <ele>358</ele>
        <time>2025-03-28T17:01:24Z</time>
      </trkpt>
      <trkpt lat="50.16178333333333" lon="14.968433333333333">
        <ele>358</ele>
        <time>2025-03-28T17:01:25Z</time>
      </trkpt>
      <trkpt lat="50.16185" lon="14.968616666666666">
        <ele>357</ele>
        <time>2025-03-28T17:01:26Z</time>
      </trkpt>
      <trkpt lat="50.16191666666667" lon="14.968783333333333">
        <ele>357</ele>
        <time>2025-03-28T17:01:27Z</time>
      </trkpt>
      <trkpt lat="50.16198333333333" lon="14.96895">
        <ele>357</ele>
        <time>2025-03-28T17:01:28Z</time>
      </trkpt>
      <trkpt lat="50.16206666666667" lon="14.969116666666666">
        <ele>357</ele>
        <time>2025-03-28T17:01:29Z</time>
      </trkpt>
      <trkpt lat="50.16213333333334" lon="14.9693">
        <ele>357</ele>
        <time>2025-03-28T17:01:30Z</time>
      </trkpt>
      <trkpt lat="50.1622" lon="14.969466666666667">
        <ele>356</ele>
        <time>2025-03-28T17:01:31Z</time>
      </trkpt>
      <trkpt lat="50.16226666666667" lon="14.96965">
        <ele>355</ele>
        <time>2025-03-28T17:01:32Z</time>
      </trkpt>
      <trkpt lat="50.16235" lon="14.969833333333334">
        <ele>354</ele>
        <time>2025-03-28T17:01:33Z</time>
      </trkpt>
      <trkpt lat="50.16243333333333" lon="14.97">
        <ele>353</ele>
        <time>2025-03-28T17:01:34Z</time>
      </trkpt>
      <trkpt lat="50.16251666666667" lon="14.970166666666668">
        <ele>353</ele>
        <time>2025-03-28T17:01:35Z</time>
      </trkpt>
      <trkpt lat="50.1626" lon="14.970333333333333">
        <ele>352</ele>
        <time>2025-03-28T17:01:36Z</time>
      </trkpt>
      <trkpt lat="50.162683333333334" lon="14.970483333333334">
        <ele>352</ele>
        <time>2025-03-28T17:01:37Z</time>
      </trkpt>
      <trkpt lat="50.16276666666667" lon="14.97065">
        <ele>351</ele>
        <time>2025-03-28T17:01:38Z</time>
      </trkpt>
      <trkpt lat="50.162866666666666" lon="14.970816666666666">
        <ele>351</ele>
        <time>2025-03-28T17:01:39Z</time>
      </trkpt>
      <trkpt lat="50.16295" lon="14.970966666666667">
        <ele>351</ele>
        <time>2025-03-28T17:01:40Z</time>
      </trkpt>
      <trkpt lat="50.16305" lon="14.971116666666667">
        <ele>351</ele>
        <time>2025-03-28T17:01:41Z</time>
      </trkpt>
      <trkpt lat="50.163133333333334" lon="14.971266666666667">
        <ele>352</ele>
        <time>2025-03-28T17:01:42Z</time>
      </trkpt>
      <trkpt lat="50.16323333333333" lon="14.971416666666666">
        <ele>352</ele>
        <time>2025-03-28T17:01:43Z</time>
      </trkpt>
      <trkpt lat="50.16331666666667" lon="14.971566666666666">
        <ele>352</ele>
        <time>2025-03-28T17:01:44Z</time>
      </trkpt>
      <trkpt lat="50.16341666666667" lon="14.971716666666667">
        <ele>351</ele>
        <time>2025-03-28T17:01:45Z</time>
      </trkpt>
      <trkpt lat="50.16353333333333" lon="14.971866666666667">
        <ele>351</ele>
        <time>2025-03-28T17:01:46Z</time>
      </trkpt>
      <trkpt lat="50.16365" lon="14.972">
        <ele>351</ele>
        <time>2025-03-28T17:01:47Z</time>
      </trkpt>
      <trkpt lat="50.16375" lon="14.972133333333334">
        <ele>350</ele>
        <time>2025-03-28T17:01:48Z</time>
      </trkpt>
      <trkpt lat="50.16385" lon="14.972266666666666">
        <ele>350</ele>
        <time>2025-03-28T17:01:49Z</time>
      </trkpt>
      <trkpt lat="50.16395" lon="14.972383333333333">
        <ele>350</ele>
        <time>2025-03-28T17:01:50Z</time>
      </trkpt>
      <trkpt lat="50.16406666666666" lon="14.972516666666667">
        <ele>349</ele>
        <time>2025-03-28T17:01:51Z</time>
      </trkpt>
      <trkpt lat="50.164183333333334" lon="14.97265">
        <ele>349</ele>
        <time>2025-03-28T17:01:52Z</time>
      </trkpt>
      <trkpt lat="50.1643" lon="14.972766666666667">
        <ele>348</ele>
        <time>2025-03-28T17:01:53Z</time>
      </trkpt>
      <trkpt lat="50.16441666666667" lon="14.972883333333334">
        <ele>348</ele>
        <time>2025-03-28T17:01:54Z</time>
      </trkpt>
      <trkpt lat="50.16453333333333" lon="14.973033333333333">
        <ele>347</ele>
        <time>2025-03-28T17:01:55Z</time>
      </trkpt>
      <trkpt lat="50.164633333333335" lon="14.973166666666666">
        <ele>346</ele>
        <time>2025-03-28T17:01:56Z</time>
      </trkpt>
      <trkpt lat="50.16475" lon="14.9733">
        <ele>346</ele>
        <time>2025-03-28T17:01:57Z</time>
      </trkpt>
      <trkpt lat="50.16486666666667" lon="14.973416666666667">
        <ele>345</ele>
        <time>2025-03-28T17:01:58Z</time>
      </trkpt>
      <trkpt lat="50.165" lon="14.973516666666667">
        <ele>345</ele>
        <time>2025-03-28T17:01:59Z</time>
      </trkpt>
      <trkpt lat="50.16511666666667" lon="14.973633333333334">
        <ele>345</ele>
        <time>2025-03-28T17:02:00Z</time>
      </trkpt>
      <trkpt lat="50.16523333333333" lon="14.97375">
        <ele>345</ele>
        <time>2025-03-28T17:02:01Z</time>
      </trkpt>
      <trkpt lat="50.165366666666664" lon="14.973866666666666">
        <ele>345</ele>
        <time>2025-03-28T17:02:02Z</time>
      </trkpt>
      <trkpt lat="50.1655" lon="14.973966666666668">
        <ele>344</ele>
        <time>2025-03-28T17:02:03Z</time>
      </trkpt>
      <trkpt lat="50.165616666666665" lon="14.974066666666667">
        <ele>344</ele>
        <time>2025-03-28T17:02:04Z</time>
      </trkpt>
      <trkpt lat="50.16575" lon="14.974166666666667">
        <ele>343</ele>
        <time>2025-03-28T17:02:05Z</time>
      </trkpt>
      <trkpt lat="50.16588333333333" lon="14.97425">
        <ele>342</ele>
        <time>2025-03-28T17:02:06Z</time>
      </trkpt>
      <trkpt lat="50.166016666666664" lon="14.974316666666667">
        <ele>341</ele>
        <time>2025-03-28T17:02:07Z</time>
      </trkpt>
      <trkpt lat="50.16616666666667" lon="14.9744">
        <ele>339</ele>
        <time>2025-03-28T17:02:08Z</time>
      </trkpt>
      <trkpt lat="50.16631666666667" lon="14.974483333333334">
        <ele>337</ele>
        <time>2025-03-28T17:02:09Z</time>
      </trkpt>
      <trkpt lat="50.166466666666665" lon="14.97455">
        <ele>335</ele>
        <time>2025-03-28T17:02:10Z</time>
      </trkpt>
      <trkpt lat="50.16661666666667" lon="14.974583333333333">
        <ele>333</ele>
        <time>2025-03-28T17:02:11Z</time>
      </trkpt>
      <trkpt lat="50.16676666666667" lon="14.974616666666666">
        <ele>331</ele>
        <time>2025-03-28T17:02:12Z</time>
      </trkpt>
      <trkpt lat="50.166916666666665" lon="14.974633333333333">
        <ele>329</ele>
        <time>2025-03-28T17:02:13Z</time>
      </trkpt>
      <trkpt lat="50.16708333333333" lon="14.974616666666666">
        <ele>327</ele>
        <time>2025-03-28T17:02:14Z</time>
      </trkpt>
      <trkpt lat="50.16725" lon="14.9746">
        <ele>326</ele>
        <time>2025-03-28T17:02:15Z</time>
      </trkpt>
      <trkpt lat="50.1674" lon="14.974566666666666">
        <ele>327</ele>
        <time>2025-03-28T17:02:16Z</time>
      </trkpt>
      <trkpt lat="50.16753333333333" lon="14.9745">
        <ele>327</ele>
        <time>2025-03-28T17:02:17Z</time>
      </trkpt>
      <trkpt lat="50.167683333333336" lon="14.974416666666666">
        <ele>328</ele>
        <time>2025-03-28T17:02:18Z</time>
      </trkpt>
      <trkpt lat="50.1678" lon="14.974316666666667">
        <ele>329</ele>
        <time>2025-03-28T17:02:19Z</time>
      </trkpt>
      <trkpt lat="50.16793333333333" lon="14.974216666666667">
        <ele>330</ele>
        <time>2025-03-28T17:02:20Z</time>
      </trkpt>
      <trkpt lat="50.16805" lon="14.974116666666667">
        <ele>332</ele>
        <time>2025-03-28T17:02:21Z</time>
      </trkpt>
      <trkpt lat="50.16815" lon="14.974016666666667">
        <ele>333</ele>
        <time>2025-03-28T17:02:22Z</time>
      </trkpt>
      <trkpt lat="50.16825" lon="14.973883333333333">
        <ele>334</ele>
        <time>2025-03-28T17:02:23Z</time>
      </trkpt>
      <trkpt lat="50.16831666666667" lon="14.973733333333334">
        <ele>335</ele>
        <time>2025-03-28T17:02:24Z</time>
      </trkpt>
      <trkpt lat="50.1684" lon="14.97355">
        <ele>336</ele>
        <time>2025-03-28T17:02:25Z</time>
      </trkpt>
      <trkpt lat="50.16846666666667" lon="14.973366666666667">
        <ele>336</ele>
        <time>2025-03-28T17:02:26Z</time>
      </trkpt>
      <trkpt lat="50.168533333333336" lon="14.973183333333333">
        <ele>336</ele>
        <time>2025-03-28T17:02:27Z</time>
      </trkpt>
      <trkpt lat="50.168616666666665" lon="14.973016666666666">
        <ele>336</ele>
        <time>2025-03-28T17:02:28Z</time>
      </trkpt>
      <trkpt lat="50.168683333333334" lon="14.972866666666667">
        <ele>337</ele>
        <time>2025-03-28T17:02:29Z</time>
      </trkpt>
      <trkpt lat="50.16876666666667" lon="14.9727">
        <ele>337</ele>
        <time>2025-03-28T17:02:30Z</time>
      </trkpt>
      <trkpt lat="50.16885" lon="14.97255">
        <ele>338</ele>
        <time>2025-03-28T17:02:31Z</time>
      </trkpt>
      <trkpt lat="50.168933333333335" lon="14.972383333333333">
        <ele>339</ele>
        <time>2025-03-28T17:02:32Z</time>
      </trkpt>
      <trkpt lat="50.169016666666664" lon="14.972216666666666">
        <ele>339</ele>
        <time>2025-03-28T17:02:33Z</time>
      </trkpt>
      <trkpt lat="50.16908333333333" lon="14.97205">
        <ele>340</ele>
        <time>2025-03-28T17:02:34Z</time>
      </trkpt>
      <trkpt lat="50.16916666666667" lon="14.971883333333333">
        <ele>340</ele>
        <time>2025-03-28T17:02:35Z</time>
      </trkpt>
      <trkpt lat="50.169266666666665" lon="14.971733333333333">
        <ele>341</ele>
        <time>2025-03-28T17:02:36Z</time>
      </trkpt>
      <trkpt lat="50.16936666666667" lon="14.971583333333333">
        <ele>341</ele>
        <time>2025-03-28T17:02:37Z</time>
      </trkpt>
      <trkpt lat="50.169466666666665" lon="14.97145">
        <ele>342</ele>
        <time>2025-03-28T17:02:38Z</time>
      </trkpt>
      <trkpt lat="50.16956666666667" lon="14.971316666666667">
        <ele>342</ele>
        <time>2025-03-28T17:02:39Z</time>
      </trkpt>
      <trkpt lat="50.169666666666664" lon="14.971183333333334">
        <ele>342</ele>
        <time>2025-03-28T17:02:40Z</time>
      </trkpt>
      <trkpt lat="50.16976666666667" lon="14.97105">
        <ele>342</ele>
        <time>2025-03-28T17:02:41Z</time>
      </trkpt>
      <trkpt lat="50.169866666666664" lon="14.970916666666668">
        <ele>342</ele>
        <time>2025-03-28T17:02:42Z</time>
      </trkpt>
      <trkpt lat="50.16996666666667" lon="14.970766666666666">
        <ele>343</ele>
        <time>2025-03-28T17:02:43Z</time>
      </trkpt>
      <trkpt lat="50.17006666666666" lon="14.970633333333334">
        <ele>344</ele>
        <time>2025-03-28T17:02:44Z</time>
      </trkpt>
      <trkpt lat="50.17016666666667" lon="14.9705">
        <ele>344</ele>
        <time>2025-03-28T17:02:45Z</time>
      </trkpt>
      <trkpt lat="50.17026666666667" lon="14.970366666666667">
        <ele>345</ele>
        <time>2025-03-28T17:02:46Z</time>
      </trkpt>
      <trkpt lat="50.170366666666666" lon="14.970233333333333">
        <ele>346</ele>
        <time>2025-03-28T17:02:47Z</time>
      </trkpt>
      <trkpt lat="50.17046666666667" lon="14.970083333333333">
        <ele>346</ele>
        <time>2025-03-28T17:02:48Z</time>
      </trkpt>
      <trkpt lat="50.170566666666666" lon="14.96995">
        <ele>347</ele>
        <time>2025-03-28T17:02:49Z</time>
      </trkpt>
      <trkpt lat="50.170683333333336" lon="14.969816666666667">
        <ele>347</ele>
        <time>2025-03-28T17:02:50Z</time>
      </trkpt>
      <trkpt lat="50.17078333333333" lon="14.9697">
        <ele>348</ele>
        <time>2025-03-28T17:02:51Z</time>
      </trkpt>
      <trkpt lat="50.170883333333336" lon="14.969566666666667">
        <ele>349</ele>
        <time>2025-03-28T17:02:52Z</time>
      </trkpt>
      <trkpt lat="50.17098333333333" lon="14.96945">
        <ele>349</ele>
        <time>2025-03-28T17:02:53Z</time>
      </trkpt>
      <trkpt lat="50.1711" lon="14.969316666666666">
        <ele>350</ele>
        <time>2025-03-28T17:02:54Z</time>
      </trkpt>
      <trkpt lat="50.1712" lon="14.969183333333334">
        <ele>351</ele>
        <time>2025-03-28T17:02:55Z</time>
      </trkpt>
      <trkpt lat="50.1713" lon="14.96905">
        <ele>351</ele>
        <time>2025-03-28T17:02:56Z</time>
      </trkpt>
      <trkpt lat="50.1714" lon="14.968933333333334">
        <ele>352</ele>
        <time>2025-03-28T17:02:57Z</time>
      </trkpt>
      <trkpt lat="50.1715" lon="14.9688">
        <ele>352</ele>
        <time>2025-03-28T17:02:58Z</time>
      </trkpt>
      <trkpt lat="50.1716" lon="14.968666666666667">
        <ele>352</ele>
        <time>2025-03-28T17:02:59Z</time>
      </trkpt>
      <trkpt lat="50.1717" lon="14.968516666666666">
        <ele>352</ele>
        <time>2025-03-28T17:03:00Z</time>
      </trkpt>
      <trkpt lat="50.17178333333333" lon="14.968383333333334">
        <ele>353</ele>
        <time>2025-03-28T17:03:01Z</time>
      </trkpt>
      <trkpt lat="50.171866666666666" lon="14.968216666666667">
        <ele>353</ele>
        <time>2025-03-28T17:03:02Z</time>
      </trkpt>
      <trkpt lat="50.17196666666667" lon="14.968066666666667">
        <ele>353</ele>
        <time>2025-03-28T17:03:03Z</time>
      </trkpt>
      <trkpt lat="50.172066666666666" lon="14.967933333333333">
        <ele>354</ele>
        <time>2025-03-28T17:03:04Z</time>
      </trkpt>
      <trkpt lat="50.17216666666667" lon="14.967783333333333">
        <ele>354</ele>
        <time>2025-03-28T17:03:05Z</time>
      </trkpt>
      <trkpt lat="50.172266666666665" lon="14.96765">
        <ele>355</ele>
        <time>2025-03-28T17:03:06Z</time>
      </trkpt>
      <trkpt lat="50.17235" lon="14.9675">
        <ele>356</ele>
        <time>2025-03-28T17:03:07Z</time>
      </trkpt>
      <trkpt lat="50.17243333333333" lon="14.96735">
        <ele>356</ele>
        <time>2025-03-28T17:03:08Z</time>
      </trkpt>
      <trkpt lat="50.172533333333334" lon="14.9672">
        <ele>357</ele>
        <time>2025-03-28T17:03:09Z</time>
      </trkpt>
      <trkpt lat="50.17263333333333" lon="14.967066666666666">
        <ele>357</ele>
        <time>2025-03-28T17:03:10Z</time>
      </trkpt>
      <trkpt lat="50.17273333333333" lon="14.966933333333333">
        <ele>357</ele>
        <time>2025-03-28T17:03:11Z</time>
      </trkpt>
      <trkpt lat="50.17283333333334" lon="14.966783333333334">
        <ele>358</ele>
        <time>2025-03-28T17:03:12Z</time>
      </trkpt>
      <trkpt lat="50.17293333333333" lon="14.96665">
        <ele>358</ele>
        <time>2025-03-28T17:03:13Z</time>
      </trkpt>
      <trkpt lat="50.17301666666667" lon="14.9665">
        <ele>359</ele>
        <time>2025-03-28T17:03:14Z</time>
      </trkpt>
      <trkpt lat="50.173116666666665" lon="14.96635">
        <ele>359</ele>
        <time>2025-03-28T17:03:15Z</time>
      </trkpt>
      <trkpt lat="50.17321666666667" lon="14.966216666666666">
        <ele>359</ele>
        <time>2025-03-28T17:03:16Z</time>
      </trkpt>
      <trkpt lat="50.1733" lon="14.966083333333334">
        <ele>360</ele>
        <time>2025-03-28T17:03:17Z</time>
      </trkpt>
      <trkpt lat="50.1734" lon="14.96595">
        <ele>360</ele>
        <time>2025-03-28T17:03:18Z</time>
      </trkpt>
      <trkpt lat="50.17348333333333" lon="14.965816666666667">
        <ele>359</ele>
        <time>2025-03-28T17:03:19Z</time>
      </trkpt>
      <trkpt lat="50.173566666666666" lon="14.965683333333333">
        <ele>359</ele>
        <time>2025-03-28T17:03:20Z</time>
      </trkpt>
      <trkpt lat="50.17366666666667" lon="14.965533333333333">
        <ele>357</ele>
        <time>2025-03-28T17:03:21Z</time>
      </trkpt>
      <trkpt lat="50.173766666666666" lon="14.965383333333333">
        <ele>355</ele>
        <time>2025-03-28T17:03:22Z</time>
      </trkpt>
      <trkpt lat="50.17386666666667" lon="14.965233333333334">
        <ele>353</ele>
        <time>2025-03-28T17:03:23Z</time>
      </trkpt>
      <trkpt lat="50.17395" lon="14.965083333333334">
        <ele>351</ele>
        <time>2025-03-28T17:03:24Z</time>
      </trkpt>
      <trkpt lat="50.174033333333334" lon="14.964916666666667">
        <ele>349</ele>
        <time>2025-03-28T17:03:25Z</time>
      </trkpt>
      <trkpt lat="50.17411666666667" lon="14.964766666666666">
        <ele>347</ele>
        <time>2025-03-28T17:03:26Z</time>
      </trkpt>
      <trkpt lat="50.1742" lon="14.9646">
        <ele>345</ele>
        <time>2025-03-28T17:03:27Z</time>
      </trkpt>
      <trkpt lat="50.174283333333335" lon="14.96445">
        <ele>344</ele>
        <time>2025-03-28T17:03:28Z</time>
      </trkpt>
      <trkpt lat="50.174366666666664" lon="14.9643">
        <ele>342</ele>
        <time>2025-03-28T17:03:29Z</time>
      </trkpt>
      <trkpt lat="50.17443333333333" lon="14.964133333333333">
        <ele>340</ele>
        <time>2025-03-28T17:03:30Z</time>
      </trkpt>
      <trkpt lat="50.1745" lon="14.96395">
        <ele>338</ele>
        <time>2025-03-28T17:03:31Z</time>
      </trkpt>
      <trkpt lat="50.174566666666664" lon="14.963783333333334">
        <ele>336</ele>
        <time>2025-03-28T17:03:32Z</time>
      </trkpt>
      <trkpt lat="50.17465" lon="14.9636">
        <ele>334</ele>
        <time>2025-03-28T17:03:33Z</time>
      </trkpt>
      <trkpt lat="50.17471666666667" lon="14.963433333333333">
        <ele>333</ele>
        <time>2025-03-28T17:03:34Z</time>
      </trkpt>
      <trkpt lat="50.1748" lon="14.963266666666666">
        <ele>331</ele>
        <time>2025-03-28T17:03:35Z</time>
      </trkpt>
      <trkpt lat="50.17486666666667" lon="14.9631">
        <ele>331</ele>
        <time>2025-03-28T17:03:36Z</time>
      </trkpt>
      <trkpt lat="50.174933333333335" lon="14.962916666666667">
        <ele>331</ele>
        <time>2025-03-28T17:03:37Z</time>
      </trkpt>
      <trkpt lat="50.175" lon="14.96275">
        <ele>331</ele>
        <time>2025-03-28T17:03:38Z</time>
      </trkpt>
      <trkpt lat="50.17508333333333" lon="14.962566666666667">
        <ele>331</ele>
        <time>2025-03-28T17:03:39Z</time>
      </trkpt>
      <trkpt lat="50.17515" lon="14.962383333333333">
        <ele>331</ele>
        <time>2025-03-28T17:03:40Z</time>
      </trkpt>
      <trkpt lat="50.175216666666664" lon="14.962183333333334">
        <ele>330</ele>
        <time>2025-03-28T17:03:41Z</time>
      </trkpt>
      <trkpt lat="50.17528333333333" lon="14.961983333333333">
        <ele>330</ele>
        <time>2025-03-28T17:03:42Z</time>
      </trkpt>
      <trkpt lat="50.17535" lon="14.961783333333333">
        <ele>329</ele>
        <time>2025-03-28T17:03:43Z</time>
      </trkpt>
      <trkpt lat="50.17541666666666" lon="14.961583333333333">
        <ele>329</ele>
        <time>2025-03-28T17:03:44Z</time>
      </trkpt>
      <trkpt lat="50.17548333333333" lon="14.961383333333334">
        <ele>328</ele>
        <time>2025-03-28T17:03:45Z</time>
      </trkpt>
      <trkpt lat="50.17555" lon="14.9612">
        <ele>328</ele>
        <time>2025-03-28T17:03:46Z</time>
      </trkpt>
      <trkpt lat="50.1756" lon="14.961">
        <ele>328</ele>
        <time>2025-03-28T17:03:47Z</time>
      </trkpt>
      <trkpt lat="50.175666666666665" lon="14.960766666666666">
        <ele>328</ele>
        <time>2025-03-28T17:03:48Z</time>
      </trkpt>
      <trkpt lat="50.175716666666666" lon="14.960566666666667">
        <ele>328</ele>
        <time>2025-03-28T17:03:49Z</time>
      </trkpt>
      <trkpt lat="50.175783333333335" lon="14.960366666666667">
        <ele>327</ele>
        <time>2025-03-28T17:03:50Z</time>
      </trkpt>
      <trkpt lat="50.17585" lon="14.960166666666666">
        <ele>327</ele>
        <time>2025-03-28T17:03:51Z</time>
      </trkpt>
      <trkpt lat="50.1759" lon="14.95995">
        <ele>326</ele>
        <time>2025-03-28T17:03:52Z</time>
      </trkpt>
      <trkpt lat="50.17595" lon="14.959766666666667">
        <ele>326</ele>
        <time>2025-03-28T17:03:53Z</time>
      </trkpt>
      <trkpt lat="50.175983333333335" lon="14.95955">
        <ele>325</ele>
        <time>2025-03-28T17:03:54Z</time>
      </trkpt>
      <trkpt lat="50.176033333333336" lon="14.95935">
        <ele>325</ele>
        <time>2025-03-28T17:03:55Z</time>
      </trkpt>
      <trkpt lat="50.176066666666664" lon="14.959133333333334">
        <ele>325</ele>
        <time>2025-03-28T17:03:56Z</time>
      </trkpt>
      <trkpt lat="50.176116666666665" lon="14.958916666666667">
        <ele>325</ele>
        <time>2025-03-28T17:03:57Z</time>
      </trkpt>
      <trkpt lat="50.17616666666667" lon="14.958716666666668">
        <ele>324</ele>
        <time>2025-03-28T17:03:58Z</time>
      </trkpt>
      <trkpt lat="50.1762" lon="14.958516666666666">
        <ele>324</ele>
        <time>2025-03-28T17:03:59Z</time>
      </trkpt>
      <trkpt lat="50.17625" lon="14.958316666666667">
        <ele>324</ele>
        <time>2025-03-28T17:04:00Z</time>
      </trkpt>
      <trkpt lat="50.176316666666665" lon="14.958116666666667">
        <ele>324</ele>
        <time>2025-03-28T17:04:01Z</time>
      </trkpt>
      <trkpt lat="50.17636666666667" lon="14.957916666666666">
        <ele>324</ele>
        <time>2025-03-28T17:04:02Z</time>
      </trkpt>
      <trkpt lat="50.176433333333335" lon="14.957733333333334">
        <ele>324</ele>
        <time>2025-03-28T17:04:03Z</time>
      </trkpt>
      <trkpt lat="50.1765" lon="14.95755">
        <ele>324</ele>
        <time>2025-03-28T17:04:04Z</time>
      </trkpt>
      <trkpt lat="50.176566666666666" lon="14.957366666666667">
        <ele>323</ele>
        <time>2025-03-28T17:04:05Z</time>
      </trkpt>
      <trkpt lat="50.17665" lon="14.957183333333333">
        <ele>323</ele>
        <time>2025-03-28T17:04:06Z</time>
      </trkpt>
      <trkpt lat="50.17673333333333" lon="14.957">
        <ele>323</ele>
        <time>2025-03-28T17:04:07Z</time>
      </trkpt>
      <trkpt lat="50.17681666666667" lon="14.956816666666667">
        <ele>322</ele>
        <time>2025-03-28T17:04:08Z</time>
      </trkpt>
      <trkpt lat="50.17691666666666" lon="14.95665">
        <ele>322</ele>
        <time>2025-03-28T17:04:09Z</time>
      </trkpt>
      <trkpt lat="50.177" lon="14.956466666666667">
        <ele>322</ele>
        <time>2025-03-28T17:04:10Z</time>
      </trkpt>
      <trkpt lat="50.177083333333336" lon="14.9563">
        <ele>322</ele>
        <time>2025-03-28T17:04:11Z</time>
      </trkpt>
      <trkpt lat="50.177166666666665" lon="14.956116666666667">
        <ele>321</ele>
        <time>2025-03-28T17:04:12Z</time>
      </trkpt>
      <trkpt lat="50.17726666666667" lon="14.955966666666667">
        <ele>321</ele>
        <time>2025-03-28T17:04:13Z</time>
      </trkpt>
      <trkpt lat="50.17735" lon="14.9558">
        <ele>321</ele>
        <time>2025-03-28T17:04:14Z</time>
      </trkpt>
      <trkpt lat="50.17745" lon="14.955633333333333">
        <ele>320</ele>
        <time>2025-03-28T17:04:15Z</time>
      </trkpt>
      <trkpt lat="50.17755" lon="14.955466666666666">
        <ele>320</ele>
        <time>2025-03-28T17:04:16Z</time>
      </trkpt>
      <trkpt lat="50.17765" lon="14.9553">
        <ele>319</ele>
        <time>2025-03-28T17:04:17Z</time>
      </trkpt>
      <trkpt lat="50.17775" lon="14.955133333333333">
        <ele>319</ele>
        <time>2025-03-28T17:04:18Z</time>
      </trkpt>
      <trkpt lat="50.17786666666667" lon="14.954966666666667">
        <ele>318</ele>
        <time>2025-03-28T17:04:19Z</time>
      </trkpt>
      <trkpt lat="50.17796666666667" lon="14.954816666666666">
        <ele>318</ele>
        <time>2025-03-28T17:04:20Z</time>
      </trkpt>
      <trkpt lat="50.178066666666666" lon="14.954666666666666">
        <ele>318</ele>
        <time>2025-03-28T17:04:21Z</time>
      </trkpt>
      <trkpt lat="50.17818333333334" lon="14.954516666666667">
        <ele>318</ele>
        <time>2025-03-28T17:04:22Z</time>
      </trkpt>
      <trkpt lat="50.1783" lon="14.954366666666667">
        <ele>318</ele>
        <time>2025-03-28T17:04:23Z</time>
      </trkpt>
      <trkpt lat="50.178416666666664" lon="14.954233333333333">
        <ele>318</ele>
        <time>2025-03-28T17:04:24Z</time>
      </trkpt>
      <trkpt lat="50.178533333333334" lon="14.954066666666666">
        <ele>317</ele>
        <time>2025-03-28T17:04:25Z</time>
      </trkpt>
      <trkpt lat="50.17863333333333" lon="14.953933333333334">
        <ele>317</ele>
        <time>2025-03-28T17:04:26Z</time>
      </trkpt>
      <trkpt lat="50.17875" lon="14.9538">
        <ele>316</ele>
        <time>2025-03-28T17:04:27Z</time>
      </trkpt>
      <trkpt lat="50.178866666666664" lon="14.953666666666667">
        <ele>316</ele>
        <time>2025-03-28T17:04:28Z</time>
      </trkpt>
      <trkpt lat="50.179" lon="14.953533333333333">
        <ele>316</ele>
        <time>2025-03-28T17:04:29Z</time>
      </trkpt>
      <trkpt lat="50.179116666666665" lon="14.953416666666667">
        <ele>315</ele>
        <time>2025-03-28T17:04:30Z</time>
      </trkpt>
      <trkpt lat="50.179233333333336" lon="14.9533">
        <ele>315</ele>
        <time>2025-03-28T17:04:31Z</time>
      </trkpt>
      <trkpt lat="50.17935" lon="14.953166666666666">
        <ele>314</ele>
        <time>2025-03-28T17:04:32Z</time>
      </trkpt>
      <trkpt lat="50.17946666666667" lon="14.953033333333334">
        <ele>314</ele>
        <time>2025-03-28T17:04:33Z</time>
      </trkpt>
      <trkpt lat="50.17958333333333" lon="14.9529">
        <ele>314</ele>
        <time>2025-03-28T17:04:34Z</time>
      </trkpt>
      <trkpt lat="50.1797" lon="14.952766666666667">
        <ele>313</ele>
        <time>2025-03-28T17:04:35Z</time>
      </trkpt>
      <trkpt lat="50.179833333333335" lon="14.95265">
        <ele>313</ele>
        <time>2025-03-28T17:04:36Z</time>
      </trkpt>
      <trkpt lat="50.17995" lon="14.952533333333333">
        <ele>314</ele>
        <time>2025-03-28T17:04:37Z</time>
      </trkpt>
      <trkpt lat="50.180083333333336" lon="14.952433333333333">
        <ele>313</ele>
        <time>2025-03-28T17:04:38Z</time>
      </trkpt>
      <trkpt lat="50.18021666666667" lon="14.952316666666666">
        <ele>313</ele>
        <time>2025-03-28T17:04:39Z</time>
      </trkpt>
      <trkpt lat="50.18035" lon="14.952216666666667">
        <ele>313</ele>
        <time>2025-03-28T17:04:40Z</time>
      </trkpt>
      <trkpt lat="50.180483333333335" lon="14.952116666666667">
        <ele>313</ele>
        <time>2025-03-28T17:04:41Z</time>
      </trkpt>
      <trkpt lat="50.180616666666666" lon="14.952">
        <ele>313</ele>
        <time>2025-03-28T17:04:42Z</time>
      </trkpt>
      <trkpt lat="50.18075" lon="14.9519">
        <ele>313</ele>
        <time>2025-03-28T17:04:43Z</time>
      </trkpt>
      <trkpt lat="50.18086666666667" lon="14.951783333333333">
        <ele>312</ele>
        <time>2025-03-28T17:04:44Z</time>
      </trkpt>
      <trkpt lat="50.18098333333333" lon="14.951666666666666">
        <ele>312</ele>
        <time>2025-03-28T17:04:45Z</time>
      </trkpt>
      <trkpt lat="50.18111666666667" lon="14.951533333333334">
        <ele>312</ele>
        <time>2025-03-28T17:04:46Z</time>
      </trkpt>
      <trkpt lat="50.18123333333333" lon="14.9514">
        <ele>312</ele>
        <time>2025-03-28T17:04:47Z</time>
      </trkpt>
      <trkpt lat="50.18135" lon="14.9513">
        <ele>312</ele>
        <time>2025-03-28T17:04:48Z</time>
      </trkpt>
      <trkpt lat="50.181466666666665" lon="14.951183333333333">
        <ele>313</ele>
        <time>2025-03-28T17:04:49Z</time>
      </trkpt>
      <trkpt lat="50.18156666666667" lon="14.951083333333333">
        <ele>314</ele>
        <time>2025-03-28T17:04:50Z</time>
      </trkpt>
      <trkpt lat="50.18168333333333" lon="14.950983333333333">
        <ele>314</ele>
        <time>2025-03-28T17:04:51Z</time>
      </trkpt>
      <trkpt lat="50.1818" lon="14.950866666666666">
        <ele>315</ele>
        <time>2025-03-28T17:04:52Z</time>
      </trkpt>
      <trkpt lat="50.181916666666666" lon="14.950766666666667">
        <ele>316</ele>
        <time>2025-03-28T17:04:53Z</time>
      </trkpt>
      <trkpt lat="50.18203333333334" lon="14.950666666666667">
        <ele>316</ele>
        <time>2025-03-28T17:04:54Z</time>
      </trkpt>
      <trkpt lat="50.18215" lon="14.95055">
        <ele>316</ele>
        <time>2025-03-28T17:04:55Z</time>
      </trkpt>
      <trkpt lat="50.18226666666666" lon="14.950466666666667">
        <ele>316</ele>
        <time>2025-03-28T17:04:56Z</time>
      </trkpt>
      <trkpt lat="50.182383333333334" lon="14.95035">
        <ele>316</ele>
        <time>2025-03-28T17:04:57Z</time>
      </trkpt>
      <trkpt lat="50.18248333333333" lon="14.950233333333333">
        <ele>317</ele>
        <time>2025-03-28T17:04:58Z</time>
      </trkpt>
      <trkpt lat="50.18258333333333" lon="14.950116666666666">
        <ele>317</ele>
        <time>2025-03-28T17:04:59Z</time>
      </trkpt>
      <trkpt lat="50.18268333333334" lon="14.949966666666667">
        <ele>318</ele>
        <time>2025-03-28T17:05:00Z</time>
      </trkpt>
      <trkpt lat="50.182766666666666" lon="14.949816666666667">
        <ele>318</ele>
        <time>2025-03-28T17:05:01Z</time>
      </trkpt>
      <trkpt lat="50.18286666666667" lon="14.94965">
        <ele>319</ele>
        <time>2025-03-28T17:05:02Z</time>
      </trkpt>
      <trkpt lat="50.18295" lon="14.949483333333333">
        <ele>319</ele>
        <time>2025-03-28T17:05:03Z</time>
      </trkpt>
      <trkpt lat="50.183033333333334" lon="14.949333333333334">
        <ele>320</ele>
        <time>2025-03-28T17:05:04Z</time>
      </trkpt>
      <trkpt lat="50.18313333333333" lon="14.949166666666667">
        <ele>320</ele>
        <time>2025-03-28T17:05:05Z</time>
      </trkpt>
      <trkpt lat="50.18321666666667" lon="14.949016666666667">
        <ele>321</ele>
        <time>2025-03-28T17:05:06Z</time>
      </trkpt>
      <trkpt lat="50.1833" lon="14.948866666666667">
        <ele>322</ele>
        <time>2025-03-28T17:05:07Z</time>
      </trkpt>
      <trkpt lat="50.18338333333333" lon="14.9487">
        <ele>322</ele>
        <time>2025-03-28T17:05:08Z</time>
      </trkpt>
      <trkpt lat="50.18346666666667" lon="14.94855">
        <ele>323</ele>
        <time>2025-03-28T17:05:09Z</time>
      </trkpt>
      <trkpt lat="50.18355" lon="14.9484">
        <ele>323</ele>
        <time>2025-03-28T17:05:10Z</time>
      </trkpt>
      <trkpt lat="50.183616666666666" lon="14.948233333333333">
        <ele>323</ele>
        <time>2025-03-28T17:05:11Z</time>
      </trkpt>
      <trkpt lat="50.1837" lon="14.948066666666668">
        <ele>323</ele>
        <time>2025-03-28T17:05:12Z</time>
      </trkpt>
      <trkpt lat="50.18378333333333" lon="14.9479">
        <ele>323</ele>
        <time>2025-03-28T17:05:13Z</time>
      </trkpt>
      <trkpt lat="50.18386666666667" lon="14.947733333333334">
        <ele>322</ele>
        <time>2025-03-28T17:05:14Z</time>
      </trkpt>
      <trkpt lat="50.18396666666667" lon="14.947566666666667">
        <ele>322</ele>
        <time>2025-03-28T17:05:15Z</time>
      </trkpt>
      <trkpt lat="50.18405" lon="14.947416666666667">
        <ele>322</ele>
        <time>2025-03-28T17:05:16Z</time>
      </trkpt>
      <trkpt lat="50.18415" lon="14.947266666666666">
        <ele>322</ele>
        <time>2025-03-28T17:05:17Z</time>
      </trkpt>
      <trkpt lat="50.184216666666664" lon="14.9471">
        <ele>322</ele>
        <time>2025-03-28T17:05:18Z</time>
      </trkpt>
      <trkpt lat="50.18431666666667" lon="14.946933333333334">
        <ele>322</ele>
        <time>2025-03-28T17:05:19Z</time>
      </trkpt>
      <trkpt lat="50.1844" lon="14.946783333333334">
        <ele>322</ele>
        <time>2025-03-28T17:05:20Z</time>
      </trkpt>
      <trkpt lat="50.18448333333333" lon="14.946616666666667">
        <ele>322</ele>
        <time>2025-03-28T17:05:21Z</time>
      </trkpt>
      <trkpt lat="50.18456666666667" lon="14.946466666666666">
        <ele>322</ele>
        <time>2025-03-28T17:05:22Z</time>
      </trkpt>
      <trkpt lat="50.18465" lon="14.9463">
        <ele>322</ele>
        <time>2025-03-28T17:05:23Z</time>
      </trkpt>
      <trkpt lat="50.18471666666667" lon="14.946133333333334">
        <ele>323</ele>
        <time>2025-03-28T17:05:24Z</time>
      </trkpt>
      <trkpt lat="50.18476666666667" lon="14.94595">
        <ele>324</ele>
        <time>2025-03-28T17:05:25Z</time>
      </trkpt>
      <trkpt lat="50.18483333333333" lon="14.945766666666668">
        <ele>324</ele>
        <time>2025-03-28T17:05:26Z</time>
      </trkpt>
      <trkpt lat="50.1849" lon="14.945583333333333">
        <ele>324</ele>
        <time>2025-03-28T17:05:27Z</time>
      </trkpt>
      <trkpt lat="50.18496666666667" lon="14.9454">
        <ele>324</ele>
        <time>2025-03-28T17:05:28Z</time>
      </trkpt>
      <trkpt lat="50.18503333333334" lon="14.945233333333332">
        <ele>324</ele>
        <time>2025-03-28T17:05:29Z</time>
      </trkpt>
      <trkpt lat="50.185116666666666" lon="14.94505">
        <ele>324</ele>
        <time>2025-03-28T17:05:30Z</time>
      </trkpt>
      <trkpt lat="50.185183333333335" lon="14.944883333333333">
        <ele>325</ele>
        <time>2025-03-28T17:05:31Z</time>
      </trkpt>
      <trkpt lat="50.185266666666664" lon="14.944716666666666">
        <ele>325</ele>
        <time>2025-03-28T17:05:32Z</time>
      </trkpt>
      <trkpt lat="50.18533333333333" lon="14.94455">
        <ele>326</ele>
        <time>2025-03-28T17:05:33Z</time>
      </trkpt>
      <trkpt lat="50.18541666666667" lon="14.944383333333333">
        <ele>326</ele>
        <time>2025-03-28T17:05:34Z</time>
      </trkpt>
      <trkpt lat="50.18548333333333" lon="14.944216666666666">
        <ele>327</ele>
        <time>2025-03-28T17:05:35Z</time>
      </trkpt>
      <trkpt lat="50.18555" lon="14.94405">
        <ele>327</ele>
        <time>2025-03-28T17:05:36Z</time>
      </trkpt>
      <trkpt lat="50.185633333333335" lon="14.943883333333334">
        <ele>327</ele>
        <time>2025-03-28T17:05:37Z</time>
      </trkpt>
      <trkpt lat="50.185716666666664" lon="14.943716666666667">
        <ele>328</ele>
        <time>2025-03-28T17:05:38Z</time>
      </trkpt>
      <trkpt lat="50.1858" lon="14.94355">
        <ele>328</ele>
        <time>2025-03-28T17:05:39Z</time>
      </trkpt>
      <trkpt lat="50.18588333333334" lon="14.943383333333333">
        <ele>328</ele>
        <time>2025-03-28T17:05:40Z</time>
      </trkpt>
      <trkpt lat="50.18598333333333" lon="14.943216666666666">
        <ele>328</ele>
        <time>2025-03-28T17:05:41Z</time>
      </trkpt>
      <trkpt lat="50.18606666666667" lon="14.943066666666667">
        <ele>328</ele>
        <time>2025-03-28T17:05:42Z</time>
      </trkpt>
      <trkpt lat="50.186166666666665" lon="14.942916666666667">
        <ele>328</ele>
        <time>2025-03-28T17:05:43Z</time>
      </trkpt>
      <trkpt lat="50.18626666666667" lon="14.942766666666667">
        <ele>329</ele>
        <time>2025-03-28T17:05:44Z</time>
      </trkpt>
      <trkpt lat="50.18635" lon="14.942616666666666">
        <ele>329</ele>
        <time>2025-03-28T17:05:45Z</time>
      </trkpt>
      <trkpt lat="50.18645" lon="14.942483333333334">
        <ele>329</ele>
        <time>2025-03-28T17:05:46Z</time>
      </trkpt>
      <trkpt lat="50.18655" lon="14.942333333333334">
        <ele>330</ele>
        <time>2025-03-28T17:05:47Z</time>
      </trkpt>
      <trkpt lat="50.18666666666667" lon="14.9422">
        <ele>330</ele>
        <time>2025-03-28T17:05:48Z</time>
      </trkpt>
      <trkpt lat="50.186766666666664" lon="14.942066666666667">
        <ele>330</ele>
        <time>2025-03-28T17:05:49Z</time>
      </trkpt>
      <trkpt lat="50.186883333333334" lon="14.941933333333333">
        <ele>331</ele>
        <time>2025-03-28T17:05:50Z</time>
      </trkpt>
      <trkpt lat="50.18698333333333" lon="14.941816666666666">
        <ele>331</ele>
        <time>2025-03-28T17:05:51Z</time>
      </trkpt>
      <trkpt lat="50.1871" lon="14.9417">
        <ele>332</ele>
        <time>2025-03-28T17:05:52Z</time>
      </trkpt>
      <trkpt lat="50.187216666666664" lon="14.941566666666667">
        <ele>332</ele>
        <time>2025-03-28T17:05:53Z</time>
      </trkpt>
      <trkpt lat="50.187333333333335" lon="14.94145">
        <ele>332</ele>
        <time>2025-03-28T17:05:54Z</time>
      </trkpt>
      <trkpt lat="50.187466666666666" lon="14.941333333333333">
        <ele>333</ele>
        <time>2025-03-28T17:05:55Z</time>
      </trkpt>
      <trkpt lat="50.187583333333336" lon="14.941216666666667">
        <ele>333</ele>
        <time>2025-03-28T17:05:56Z</time>
      </trkpt>
      <trkpt lat="50.1877" lon="14.9411">
        <ele>333</ele>
        <time>2025-03-28T17:05:57Z</time>
      </trkpt>
      <trkpt lat="50.18781666666667" lon="14.940983333333334">
        <ele>334</ele>
        <time>2025-03-28T17:05:58Z</time>
      </trkpt>
      <trkpt lat="50.18793333333333" lon="14.940883333333334">
        <ele>334</ele>
        <time>2025-03-28T17:05:59Z</time>
      </trkpt>
      <trkpt lat="50.18805" lon="14.940766666666667">
        <ele>335</ele>
        <time>2025-03-28T17:06:00Z</time>
      </trkpt>
      <trkpt lat="50.188183333333335" lon="14.940666666666667">
        <ele>335</ele>
        <time>2025-03-28T17:06:01Z</time>
      </trkpt>
      <trkpt lat="50.1883" lon="14.94055">
        <ele>336</ele>
        <time>2025-03-28T17:06:02Z</time>
      </trkpt>
      <trkpt lat="50.18841666666667" lon="14.94045">
        <ele>336</ele>
        <time>2025-03-28T17:06:03Z</time>
      </trkpt>
      <trkpt lat="50.18853333333333" lon="14.94035">
        <ele>337</ele>
        <time>2025-03-28T17:06:04Z</time>
      </trkpt>
      <trkpt lat="50.18865" lon="14.94025">
        <ele>338</ele>
        <time>2025-03-28T17:06:05Z</time>
      </trkpt>
      <trkpt lat="50.188766666666666" lon="14.94015">
        <ele>339</ele>
        <time>2025-03-28T17:06:06Z</time>
      </trkpt>
      <trkpt lat="50.18888333333334" lon="14.940066666666667">
        <ele>339</ele>
        <time>2025-03-28T17:06:07Z</time>
      </trkpt>
      <trkpt lat="50.189" lon="14.939966666666667">
        <ele>340</ele>
        <time>2025-03-28T17:06:08Z</time>
      </trkpt>
      <trkpt lat="50.18911666666666" lon="14.939866666666667">
        <ele>341</ele>
        <time>2025-03-28T17:06:09Z</time>
      </trkpt>
      <trkpt lat="50.189233333333334" lon="14.93975">
        <ele>342</ele>
        <time>2025-03-28T17:06:10Z</time>
      </trkpt>
      <trkpt lat="50.18933333333333" lon="14.93965">
        <ele>342</ele>
        <time>2025-03-28T17:06:11Z</time>
      </trkpt>
      <trkpt lat="50.18945" lon="14.939533333333333">
        <ele>342</ele>
        <time>2025-03-28T17:06:12Z</time>
      </trkpt>
      <trkpt lat="50.18955" lon="14.939416666666666">
        <ele>342</ele>
        <time>2025-03-28T17:06:13Z</time>
      </trkpt>
      <trkpt lat="50.18966666666667" lon="14.939283333333334">
        <ele>342</ele>
        <time>2025-03-28T17:06:14Z</time>
      </trkpt>
      <trkpt lat="50.189766666666664" lon="14.939166666666667">
        <ele>342</ele>
        <time>2025-03-28T17:06:15Z</time>
      </trkpt>
      <trkpt lat="50.189883333333334" lon="14.939033333333333">
        <ele>342</ele>
        <time>2025-03-28T17:06:16Z</time>
      </trkpt>
      <trkpt lat="50.18998333333333" lon="14.938916666666668">
        <ele>342</ele>
        <time>2025-03-28T17:06:17Z</time>
      </trkpt>
      <trkpt lat="50.190083333333334" lon="14.938783333333333">
        <ele>343</ele>
        <time>2025-03-28T17:06:18Z</time>
      </trkpt>
      <trkpt lat="50.19018333333333" lon="14.93865">
        <ele>343</ele>
        <time>2025-03-28T17:06:19Z</time>
      </trkpt>
      <trkpt lat="50.19028333333333" lon="14.938533333333334">
        <ele>344</ele>
        <time>2025-03-28T17:06:20Z</time>
      </trkpt>
      <trkpt lat="50.1904" lon="14.938416666666667">
        <ele>344</ele>
        <time>2025-03-28T17:06:21Z</time>
      </trkpt>
      <trkpt lat="50.19051666666667" lon="14.938283333333333">
        <ele>344</ele>
        <time>2025-03-28T17:06:22Z</time>
      </trkpt>
      <trkpt lat="50.19061666666666" lon="14.93815">
        <ele>345</ele>
        <time>2025-03-28T17:06:23Z</time>
      </trkpt>
      <trkpt lat="50.19071666666667" lon="14.938016666666666">
        <ele>345</ele>
        <time>2025-03-28T17:06:24Z</time>
      </trkpt>
      <trkpt lat="50.19083333333333" lon="14.937883333333334">
        <ele>346</ele>
        <time>2025-03-28T17:06:25Z</time>
      </trkpt>
      <trkpt lat="50.190933333333334" lon="14.93775">
        <ele>346</ele>
        <time>2025-03-28T17:06:26Z</time>
      </trkpt>
      <trkpt lat="50.19103333333333" lon="14.937616666666667">
        <ele>347</ele>
        <time>2025-03-28T17:06:27Z</time>
      </trkpt>
      <trkpt lat="50.19115" lon="14.9375">
        <ele>347</ele>
        <time>2025-03-28T17:06:28Z</time>
      </trkpt>
      <trkpt lat="50.191266666666664" lon="14.937383333333333">
        <ele>348</ele>
        <time>2025-03-28T17:06:29Z</time>
      </trkpt>
      <trkpt lat="50.191383333333334" lon="14.93725">
        <ele>348</ele>
        <time>2025-03-28T17:06:30Z</time>
      </trkpt>
      <trkpt lat="50.191516666666665" lon="14.937133333333334">
        <ele>349</ele>
        <time>2025-03-28T17:06:31Z</time>
      </trkpt>
      <trkpt lat="50.191633333333336" lon="14.937016666666667">
        <ele>349</ele>
        <time>2025-03-28T17:06:32Z</time>
      </trkpt>
      <trkpt lat="50.19175" lon="14.936916666666667">
        <ele>350</ele>
        <time>2025-03-28T17:06:33Z</time>
      </trkpt>
      <trkpt lat="50.19188333333334" lon="14.936816666666667">
        <ele>351</ele>
        <time>2025-03-28T17:06:34Z</time>
      </trkpt>
      <trkpt lat="50.192" lon="14.936716666666667">
        <ele>351</ele>
        <time>2025-03-28T17:06:35Z</time>
      </trkpt>
      <trkpt lat="50.19213333333333" lon="14.936633333333333">
        <ele>352</ele>
        <time>2025-03-28T17:06:36Z</time>
      </trkpt>
      <trkpt lat="50.19225" lon="14.936533333333333">
        <ele>352</ele>
        <time>2025-03-28T17:06:37Z</time>
      </trkpt>
      <trkpt lat="50.192366666666665" lon="14.936433333333333">
        <ele>353</ele>
        <time>2025-03-28T17:06:38Z</time>
      </trkpt>
      <trkpt lat="50.1925" lon="14.93635">
        <ele>353</ele>
        <time>2025-03-28T17:06:39Z</time>
      </trkpt>
      <trkpt lat="50.19263333333333" lon="14.936266666666667">
        <ele>353</ele>
        <time>2025-03-28T17:06:40Z</time>
      </trkpt>
      <trkpt lat="50.19275" lon="14.936183333333334">
        <ele>353</ele>
        <time>2025-03-28T17:06:41Z</time>
      </trkpt>
      <trkpt lat="50.192883333333334" lon="14.9361">
        <ele>353</ele>
        <time>2025-03-28T17:06:42Z</time>
      </trkpt>
      <trkpt lat="50.193" lon="14.936033333333333">
        <ele>354</ele>
        <time>2025-03-28T17:06:43Z</time>
      </trkpt>
      <trkpt lat="50.193133333333336" lon="14.93595">
        <ele>354</ele>
        <time>2025-03-28T17:06:44Z</time>
      </trkpt>
      <trkpt lat="50.19325" lon="14.935883333333333">
        <ele>354</ele>
        <time>2025-03-28T17:06:45Z</time>
      </trkpt>
      <trkpt lat="50.19338333333334" lon="14.935833333333333">
        <ele>355</ele>
        <time>2025-03-28T17:06:46Z</time>
      </trkpt>
      <trkpt lat="50.19351666666667" lon="14.93575">
        <ele>355</ele>
        <time>2025-03-28T17:06:47Z</time>
      </trkpt>
      <trkpt lat="50.19365" lon="14.935683333333333">
        <ele>355</ele>
        <time>2025-03-28T17:06:48Z</time>
      </trkpt>
      <trkpt lat="50.193783333333336" lon="14.935616666666666">
        <ele>355</ele>
        <time>2025-03-28T17:06:49Z</time>
      </trkpt>
      <trkpt lat="50.19391666666667" lon="14.93555">
        <ele>356</ele>
        <time>2025-03-28T17:06:50Z</time>
      </trkpt>
      <trkpt lat="50.19405" lon="14.9355">
        <ele>356</ele>
        <time>2025-03-28T17:06:51Z</time>
      </trkpt>
      <trkpt lat="50.19416666666667" lon="14.935433333333334">
        <ele>356</ele>
        <time>2025-03-28T17:06:52Z</time>
      </trkpt>
      <trkpt lat="50.1943" lon="14.935366666666667">
        <ele>357</ele>
        <time>2025-03-28T17:06:53Z</time>
      </trkpt>
      <trkpt lat="50.194433333333336" lon="14.9353">
        <ele>357</ele>
        <time>2025-03-28T17:06:54Z</time>
      </trkpt>
      <trkpt lat="50.19456666666667" lon="14.93525">
        <ele>358</ele>
        <time>2025-03-28T17:06:55Z</time>
      </trkpt>
      <trkpt lat="50.1947" lon="14.935183333333333">
        <ele>358</ele>
        <time>2025-03-28T17:06:56Z</time>
      </trkpt>
      <trkpt lat="50.194833333333335" lon="14.935133333333333">
        <ele>359</ele>
        <time>2025-03-28T17:06:57Z</time>
      </trkpt>
      <trkpt lat="50.194966666666666" lon="14.935066666666666">
        <ele>360</ele>
        <time>2025-03-28T17:06:58Z</time>
      </trkpt>
      <trkpt lat="50.1951" lon="14.935">
        <ele>360</ele>
        <time>2025-03-28T17:06:59Z</time>
      </trkpt>
      <trkpt lat="50.195233333333334" lon="14.934933333333333">
        <ele>360</ele>
        <time>2025-03-28T17:07:00Z</time>
      </trkpt>
      <trkpt lat="50.195366666666665" lon="14.934866666666666">
        <ele>361</ele>
        <time>2025-03-28T17:07:01Z</time>
      </trkpt>
      <trkpt lat="50.1955" lon="14.934816666666666">
        <ele>361</ele>
        <time>2025-03-28T17:07:02Z</time>
      </trkpt>
      <trkpt lat="50.19563333333333" lon="14.93475">
        <ele>361</ele>
        <time>2025-03-28T17:07:03Z</time>
      </trkpt>
      <trkpt lat="50.195766666666664" lon="14.9347">
        <ele>361</ele>
        <time>2025-03-28T17:07:04Z</time>
      </trkpt>
      <trkpt lat="50.1959" lon="14.93465">
        <ele>361</ele>
        <time>2025-03-28T17:07:05Z</time>
      </trkpt>
      <trkpt lat="50.19603333333333" lon="14.9346">
        <ele>362</ele>
        <time>2025-03-28T17:07:06Z</time>
      </trkpt>
      <trkpt lat="50.19616666666667" lon="14.934516666666667">
        <ele>361</ele>
        <time>2025-03-28T17:07:07Z</time>
      </trkpt>
      <trkpt lat="50.1963" lon="14.934416666666667">
        <ele>360</ele>
        <time>2025-03-28T17:07:08Z</time>
      </trkpt>
      <trkpt lat="50.19645" lon="14.934316666666666">
        <ele>359</ele>
        <time>2025-03-28T17:07:09Z</time>
      </trkpt>
      <trkpt lat="50.1966" lon="14.934216666666666">
        <ele>357</ele>
        <time>2025-03-28T17:07:10Z</time>
      </trkpt>
      <trkpt lat="50.19675" lon="14.934133333333333">
        <ele>355</ele>
        <time>2025-03-28T17:07:11Z</time>
      </trkpt>
      <trkpt lat="50.1969" lon="14.934033333333334">
        <ele>354</ele>
        <time>2025-03-28T17:07:12Z</time>
      </trkpt>
      <trkpt lat="50.19705" lon="14.933933333333334">
        <ele>353</ele>
        <time>2025-03-28T17:07:13Z</time>
      </trkpt>
      <trkpt lat="50.1972" lon="14.93385">
        <ele>352</ele>
        <time>2025-03-28T17:07:14Z</time>
      </trkpt>
      <trkpt lat="50.19733333333333" lon="14.933766666666667">
        <ele>351</ele>
        <time>2025-03-28T17:07:15Z</time>
      </trkpt>
      <trkpt lat="50.19748333333333" lon="14.933683333333333">
        <ele>351</ele>
        <time>2025-03-28T17:07:16Z</time>
      </trkpt>
      <trkpt lat="50.197633333333336" lon="14.933616666666667">
        <ele>351</ele>
        <time>2025-03-28T17:07:17Z</time>
      </trkpt>
      <trkpt lat="50.197783333333334" lon="14.933516666666666">
        <ele>350</ele>
        <time>2025-03-28T17:07:18Z</time>
      </trkpt>
      <trkpt lat="50.197916666666664" lon="14.9334">
        <ele>349</ele>
        <time>2025-03-28T17:07:19Z</time>
      </trkpt>
      <trkpt lat="50.19806666666667" lon="14.933266666666666">
        <ele>349</ele>
        <time>2025-03-28T17:07:20Z</time>
      </trkpt>
      <trkpt lat="50.1982" lon="14.93315">
        <ele>348</ele>
        <time>2025-03-28T17:07:21Z</time>
      </trkpt>
      <trkpt lat="50.19833333333333" lon="14.933033333333332">
        <ele>349</ele>
        <time>2025-03-28T17:07:22Z</time>
      </trkpt>
      <trkpt lat="50.19846666666667" lon="14.932933333333333">
        <ele>349</ele>
        <time>2025-03-28T17:07:23Z</time>
      </trkpt>
      <trkpt lat="50.1986" lon="14.932833333333333">
        <ele>349</ele>
        <time>2025-03-28T17:07:24Z</time>
      </trkpt>
      <trkpt lat="50.19873333333334" lon="14.932733333333333">
        <ele>349</ele>
        <time>2025-03-28T17:07:25Z</time>
      </trkpt>
      <trkpt lat="50.19886666666667" lon="14.932616666666666">
        <ele>349</ele>
        <time>2025-03-28T17:07:26Z</time>
      </trkpt>
      <trkpt lat="50.199016666666665" lon="14.932516666666666">
        <ele>348</ele>
        <time>2025-03-28T17:07:27Z</time>
      </trkpt>
      <trkpt lat="50.19915" lon="14.932383333333334">
        <ele>348</ele>
        <time>2025-03-28T17:07:28Z</time>
      </trkpt>
      <trkpt lat="50.199283333333334" lon="14.932266666666667">
        <ele>347</ele>
        <time>2025-03-28T17:07:29Z</time>
      </trkpt>
      <trkpt lat="50.19943333333333" lon="14.932166666666667">
        <ele>347</ele>
        <time>2025-03-28T17:07:30Z</time>
      </trkpt>
      <trkpt lat="50.19956666666667" lon="14.93205">
        <ele>347</ele>
        <time>2025-03-28T17:07:31Z</time>
      </trkpt>
      <trkpt lat="50.19971666666667" lon="14.93195">
        <ele>346</ele>
        <time>2025-03-28T17:07:32Z</time>
      </trkpt>
      <trkpt lat="50.19985" lon="14.931866666666666">
        <ele>346</ele>
        <time>2025-03-28T17:07:33Z</time>
      </trkpt>
      <trkpt lat="50.2" lon="14.931783333333334">
        <ele>346</ele>
        <time>2025-03-28T17:07:34Z</time>
      </trkpt>
      <trkpt lat="50.20013333333333" lon="14.931683333333334">
        <ele>346</ele>
        <time>2025-03-28T17:07:35Z</time>
      </trkpt>
      <trkpt lat="50.20028333333333" lon="14.931616666666667">
        <ele>346</ele>
        <time>2025-03-28T17:07:36Z</time>
      </trkpt>
      <trkpt lat="50.20045" lon="14.931533333333334">
        <ele>345</ele>
        <time>2025-03-28T17:07:37Z</time>
      </trkpt>
      <trkpt lat="50.2006" lon="14.93145">
        <ele>345</ele>
        <time>2025-03-28T17:07:38Z</time>
      </trkpt>
      <trkpt lat="50.20073333333333" lon="14.931366666666667">
        <ele>344</ele>
        <time>2025-03-28T17:07:39Z</time>
      </trkpt>
      <trkpt lat="50.20088333333333" lon="14.931266666666666">
        <ele>344</ele>
        <time>2025-03-28T17:07:40Z</time>
      </trkpt>
      <trkpt lat="50.201033333333335" lon="14.931183333333333">
        <ele>344</ele>
        <time>2025-03-28T17:07:41Z</time>
      </trkpt>
      <trkpt lat="50.20118333333333" lon="14.9311">
        <ele>344</ele>
        <time>2025-03-28T17:07:42Z</time>
      </trkpt>
      <trkpt lat="50.20133333333333" lon="14.931016666666666">
        <ele>343</ele>
        <time>2025-03-28T17:07:43Z</time>
      </trkpt>
      <trkpt lat="50.201483333333336" lon="14.930933333333334">
        <ele>343</ele>
        <time>2025-03-28T17:07:44Z</time>
      </trkpt>
      <trkpt lat="50.201616666666666" lon="14.930833333333334">
        <ele>343</ele>
        <time>2025-03-28T17:07:45Z</time>
      </trkpt>
      <trkpt lat="50.201766666666664" lon="14.930733333333333">
        <ele>342</ele>
        <time>2025-03-28T17:07:46Z</time>
      </trkpt>
      <trkpt lat="50.20191666666667" lon="14.93065">
        <ele>342</ele>
        <time>2025-03-28T17:07:47Z</time>
      </trkpt>
      <trkpt lat="50.20206666666667" lon="14.93055">
        <ele>341</ele>
        <time>2025-03-28T17:07:48Z</time>
      </trkpt>
      <trkpt lat="50.2022" lon="14.930433333333333">
        <ele>341</ele>
        <time>2025-03-28T17:07:49Z</time>
      </trkpt>
      <trkpt lat="50.20235" lon="14.930333333333333">
        <ele>340</ele>
        <time>2025-03-28T17:07:50Z</time>
      </trkpt>
      <trkpt lat="50.20248333333333" lon="14.930216666666666">
        <ele>340</ele>
        <time>2025-03-28T17:07:51Z</time>
      </trkpt>
      <trkpt lat="50.20263333333333" lon="14.93015">
        <ele>340</ele>
        <time>2025-03-28T17:07:52Z</time>
      </trkpt>
      <trkpt lat="50.202783333333336" lon="14.930066666666667">
        <ele>340</ele>
        <time>2025-03-28T17:07:53Z</time>
      </trkpt>
      <trkpt lat="50.20291666666667" lon="14.929983333333332">
        <ele>341</ele>
        <time>2025-03-28T17:07:54Z</time>
      </trkpt>
      <trkpt lat="50.203066666666665" lon="14.929883333333333">
        <ele>341</ele>
        <time>2025-03-28T17:07:55Z</time>
      </trkpt>
      <trkpt lat="50.2032" lon="14.9298">
        <ele>340</ele>
        <time>2025-03-28T17:07:56Z</time>
      </trkpt>
      <trkpt lat="50.20335" lon="14.929716666666666">
        <ele>340</ele>
        <time>2025-03-28T17:07:57Z</time>
      </trkpt>
      <trkpt lat="50.2035" lon="14.929616666666666">
        <ele>340</ele>
        <time>2025-03-28T17:07:58Z</time>
      </trkpt>
      <trkpt lat="50.20365" lon="14.929533333333334">
        <ele>340</ele>
        <time>2025-03-28T17:07:59Z</time>
      </trkpt>
      <trkpt lat="50.203783333333334" lon="14.92945">
        <ele>339</ele>
        <time>2025-03-28T17:08:00Z</time>
      </trkpt>
      <trkpt lat="50.20393333333333" lon="14.92935">
        <ele>339</ele>
        <time>2025-03-28T17:08:01Z</time>
      </trkpt>
      <trkpt lat="50.20408333333334" lon="14.929266666666667">
        <ele>339</ele>
        <time>2025-03-28T17:08:02Z</time>
      </trkpt>
      <trkpt lat="50.204233333333335" lon="14.929166666666667">
        <ele>339</ele>
        <time>2025-03-28T17:08:03Z</time>
      </trkpt>
      <trkpt lat="50.204366666666665" lon="14.92905">
        <ele>338</ele>
        <time>2025-03-28T17:08:04Z</time>
      </trkpt>
      <trkpt lat="50.2045" lon="14.92895">
        <ele>338</ele>
        <time>2025-03-28T17:08:05Z</time>
      </trkpt>
      <trkpt lat="50.20465" lon="14.92885">
        <ele>338</ele>
        <time>2025-03-28T17:08:06Z</time>
      </trkpt>
      <trkpt lat="50.20478333333333" lon="14.928733333333334">
        <ele>338</ele>
        <time>2025-03-28T17:08:07Z</time>
      </trkpt>
      <trkpt lat="50.20493333333334" lon="14.92865">
        <ele>338</ele>
        <time>2025-03-28T17:08:08Z</time>
      </trkpt>
      <trkpt lat="50.205083333333334" lon="14.928566666666667">
        <ele>338</ele>
        <time>2025-03-28T17:08:09Z</time>
      </trkpt>
      <trkpt lat="50.205216666666665" lon="14.928483333333334">
        <ele>338</ele>
        <time>2025-03-28T17:08:10Z</time>
      </trkpt>
      <trkpt lat="50.20536666666667" lon="14.928416666666667">
        <ele>338</ele>
        <time>2025-03-28T17:08:11Z</time>
      </trkpt>
      <trkpt lat="50.20551666666667" lon="14.928333333333333">
        <ele>338</ele>
        <time>2025-03-28T17:08:12Z</time>
      </trkpt>
      <trkpt lat="50.20565" lon="14.928233333333333">
        <ele>337</ele>
        <time>2025-03-28T17:08:13Z</time>
      </trkpt>
      <trkpt lat="50.2058" lon="14.928133333333333">
        <ele>337</ele>
        <time>2025-03-28T17:08:14Z</time>
      </trkpt>
      <trkpt lat="50.205933333333334" lon="14.92805">
        <ele>337</ele>
        <time>2025-03-28T17:08:15Z</time>
      </trkpt>
      <trkpt lat="50.206066666666665" lon="14.92795">
        <ele>337</ele>
        <time>2025-03-28T17:08:16Z</time>
      </trkpt>
      <trkpt lat="50.20621666666667" lon="14.927866666666667">
        <ele>337</ele>
        <time>2025-03-28T17:08:17Z</time>
      </trkpt>
      <trkpt lat="50.20635" lon="14.927766666666667">
        <ele>337</ele>
        <time>2025-03-28T17:08:18Z</time>
      </trkpt>
      <trkpt lat="50.20648333333333" lon="14.927683333333333">
        <ele>337</ele>
        <time>2025-03-28T17:08:19Z</time>
      </trkpt>
      <trkpt lat="50.206633333333336" lon="14.927583333333333">
        <ele>337</ele>
        <time>2025-03-28T17:08:20Z</time>
      </trkpt>
      <trkpt lat="50.20676666666667" lon="14.927466666666668">
        <ele>337</ele>
        <time>2025-03-28T17:08:21Z</time>
      </trkpt>
      <trkpt lat="50.206916666666665" lon="14.927366666666666">
        <ele>337</ele>
        <time>2025-03-28T17:08:22Z</time>
      </trkpt>
      <trkpt lat="50.20705" lon="14.92725">
        <ele>337</ele>
        <time>2025-03-28T17:08:23Z</time>
      </trkpt>
      <trkpt lat="50.20718333333333" lon="14.927133333333334">
        <ele>337</ele>
        <time>2025-03-28T17:08:24Z</time>
      </trkpt>
      <trkpt lat="50.207316666666664" lon="14.927016666666667">
        <ele>337</ele>
        <time>2025-03-28T17:08:25Z</time>
      </trkpt>
      <trkpt lat="50.20745" lon="14.926883333333333">
        <ele>337</ele>
        <time>2025-03-28T17:08:26Z</time>
      </trkpt>
      <trkpt lat="50.20758333333333" lon="14.926766666666667">
        <ele>338</ele>
        <time>2025-03-28T17:08:27Z</time>
      </trkpt>
      <trkpt lat="50.20771666666667" lon="14.92665">
        <ele>338</ele>
        <time>2025-03-28T17:08:28Z</time>
      </trkpt>
      <trkpt lat="50.20783333333333" lon="14.926533333333333">
        <ele>338</ele>
        <time>2025-03-28T17:08:29Z</time>
      </trkpt>
      <trkpt lat="50.207966666666664" lon="14.9264">
        <ele>339</ele>
        <time>2025-03-28T17:08:30Z</time>
      </trkpt>
      <trkpt lat="50.208083333333335" lon="14.926283333333334">
        <ele>340</ele>
        <time>2025-03-28T17:08:31Z</time>
      </trkpt>
      <trkpt lat="50.208216666666665" lon="14.926166666666667">
        <ele>340</ele>
        <time>2025-03-28T17:08:32Z</time>
      </trkpt>
      <trkpt lat="50.20835" lon="14.92605">
        <ele>340</ele>
        <time>2025-03-28T17:08:33Z</time>
      </trkpt>
      <trkpt lat="50.208483333333334" lon="14.925933333333333">
        <ele>341</ele>
        <time>2025-03-28T17:08:34Z</time>
      </trkpt>
      <trkpt lat="50.20863333333333" lon="14.925833333333333">
        <ele>341</ele>
        <time>2025-03-28T17:08:35Z</time>
      </trkpt>
      <trkpt lat="50.20875" lon="14.925733333333334">
        <ele>342</ele>
        <time>2025-03-28T17:08:36Z</time>
      </trkpt>
      <trkpt lat="50.20888333333333" lon="14.925633333333334">
        <ele>342</ele>
        <time>2025-03-28T17:08:37Z</time>
      </trkpt>
      <trkpt lat="50.20901666666666" lon="14.925533333333334">
        <ele>342</ele>
        <time>2025-03-28T17:08:38Z</time>
      </trkpt>
      <trkpt lat="50.20916666666667" lon="14.925433333333334">
        <ele>342</ele>
        <time>2025-03-28T17:08:39Z</time>
      </trkpt>
      <trkpt lat="50.2093" lon="14.925333333333333">
        <ele>342</ele>
        <time>2025-03-28T17:08:40Z</time>
      </trkpt>
      <trkpt lat="50.20945" lon="14.92525">
        <ele>342</ele>
        <time>2025-03-28T17:08:41Z</time>
      </trkpt>
      <trkpt lat="50.209583333333335" lon="14.925166666666666">
        <ele>342</ele>
        <time>2025-03-28T17:08:42Z</time>
      </trkpt>
      <trkpt lat="50.20973333333333" lon="14.925066666666666">
        <ele>342</ele>
        <time>2025-03-28T17:08:43Z</time>
      </trkpt>
      <trkpt lat="50.20986666666667" lon="14.924983333333333">
        <ele>342</ele>
        <time>2025-03-28T17:08:44Z</time>
      </trkpt>
      <trkpt lat="50.21001666666667" lon="14.924883333333334">
        <ele>343</ele>
        <time>2025-03-28T17:08:45Z</time>
      </trkpt>
      <trkpt lat="50.21015" lon="14.9248">
        <ele>343</ele>
        <time>2025-03-28T17:08:46Z</time>
      </trkpt>
      <trkpt lat="50.2103" lon="14.924716666666667">
        <ele>343</ele>
        <time>2025-03-28T17:08:47Z</time>
      </trkpt>
      <trkpt lat="50.210433333333334" lon="14.924633333333333">
        <ele>343</ele>
        <time>2025-03-28T17:08:48Z</time>
      </trkpt>
      <trkpt lat="50.21058333333333" lon="14.924533333333333">
        <ele>343</ele>
        <time>2025-03-28T17:08:49Z</time>
      </trkpt>
      <trkpt lat="50.21071666666667" lon="14.92445">
        <ele>343</ele>
        <time>2025-03-28T17:08:50Z</time>
      </trkpt>
      <trkpt lat="50.21086666666667" lon="14.924366666666666">
        <ele>343</ele>
        <time>2025-03-28T17:08:51Z</time>
      </trkpt>
      <trkpt lat="50.211" lon="14.924283333333333">
        <ele>343</ele>
        <time>2025-03-28T17:08:52Z</time>
      </trkpt>
      <trkpt lat="50.21115" lon="14.924216666666666">
        <ele>343</ele>
        <time>2025-03-28T17:08:53Z</time>
      </trkpt>
      <trkpt lat="50.211283333333334" lon="14.924116666666666">
        <ele>344</ele>
        <time>2025-03-28T17:08:54Z</time>
      </trkpt>
      <trkpt lat="50.211416666666665" lon="14.924033333333334">
        <ele>344</ele>
        <time>2025-03-28T17:08:55Z</time>
      </trkpt>
      <trkpt lat="50.21155" lon="14.92395">
        <ele>345</ele>
        <time>2025-03-28T17:08:56Z</time>
      </trkpt>
      <trkpt lat="50.21168333333333" lon="14.92385">
        <ele>345</ele>
        <time>2025-03-28T17:08:57Z</time>
      </trkpt>
      <trkpt lat="50.21183333333333" lon="14.92375">
        <ele>345</ele>
        <time>2025-03-28T17:08:58Z</time>
      </trkpt>
      <trkpt lat="50.21196666666667" lon="14.923666666666668">
        <ele>346</ele>
        <time>2025-03-28T17:08:59Z</time>
      </trkpt>
      <trkpt lat="50.21211666666667" lon="14.92355">
        <ele>346</ele>
        <time>2025-03-28T17:09:00Z</time>
      </trkpt>
      <trkpt lat="50.21225" lon="14.923433333333334">
        <ele>347</ele>
        <time>2025-03-28T17:09:01Z</time>
      </trkpt>
      <trkpt lat="50.212383333333335" lon="14.923316666666667">
        <ele>347</ele>
        <time>2025-03-28T17:09:02Z</time>
      </trkpt>
      <trkpt lat="50.212516666666666" lon="14.9232">
        <ele>348</ele>
        <time>2025-03-28T17:09:03Z</time>
      </trkpt>
      <trkpt lat="50.21265" lon="14.923083333333333">
        <ele>349</ele>
        <time>2025-03-28T17:09:04Z</time>
      </trkpt>
      <trkpt lat="50.212783333333334" lon="14.922966666666667">
        <ele>349</ele>
        <time>2025-03-28T17:09:05Z</time>
      </trkpt>
      <trkpt lat="50.212916666666665" lon="14.92285">
        <ele>350</ele>
        <time>2025-03-28T17:09:06Z</time>
      </trkpt>
      <trkpt lat="50.21305" lon="14.922733333333333">
        <ele>351</ele>
        <time>2025-03-28T17:09:07Z</time>
      </trkpt>
      <trkpt lat="50.2132" lon="14.9226">
        <ele>351</ele>
        <time>2025-03-28T17:09:08Z</time>
      </trkpt>
      <trkpt lat="50.213316666666664" lon="14.922483333333334">
        <ele>351</ele>
        <time>2025-03-28T17:09:09Z</time>
      </trkpt>
      <trkpt lat="50.21345" lon="14.92235">
        <ele>352</ele>
        <time>2025-03-28T17:09:10Z</time>
      </trkpt>
      <trkpt lat="50.21358333333333" lon="14.922216666666667">
        <ele>353</ele>
        <time>2025-03-28T17:09:11Z</time>
      </trkpt>
      <trkpt lat="50.21371666666667" lon="14.9221">
        <ele>354</ele>
        <time>2025-03-28T17:09:12Z</time>
      </trkpt>
      <trkpt lat="50.21385" lon="14.922">
        <ele>354</ele>
        <time>2025-03-28T17:09:13Z</time>
      </trkpt>
      <trkpt lat="50.21398333333333" lon="14.9219">
        <ele>355</ele>
        <time>2025-03-28T17:09:14Z</time>
      </trkpt>
      <trkpt lat="50.214133333333336" lon="14.921816666666667">
        <ele>356</ele>
        <time>2025-03-28T17:09:15Z</time>
      </trkpt>
      <trkpt lat="50.214283333333334" lon="14.921716666666667">
        <ele>357</ele>
        <time>2025-03-28T17:09:16Z</time>
      </trkpt>
      <trkpt lat="50.21443333333333" lon="14.92165">
        <ele>357</ele>
        <time>2025-03-28T17:09:17Z</time>
      </trkpt>
      <trkpt lat="50.21456666666667" lon="14.921566666666667">
        <ele>357</ele>
        <time>2025-03-28T17:09:18Z</time>
      </trkpt>
      <trkpt lat="50.21471666666667" lon="14.921483333333333">
        <ele>357</ele>
        <time>2025-03-28T17:09:19Z</time>
      </trkpt>
      <trkpt lat="50.214866666666666" lon="14.921416666666667">
        <ele>358</ele>
        <time>2025-03-28T17:09:20Z</time>
      </trkpt>
      <trkpt lat="50.21501666666666" lon="14.921333333333333">
        <ele>358</ele>
        <time>2025-03-28T17:09:21Z</time>
      </trkpt>
      <trkpt lat="50.21515" lon="14.92125">
        <ele>359</ele>
        <time>2025-03-28T17:09:22Z</time>
      </trkpt>
      <trkpt lat="50.21528333333333" lon="14.921166666666666">
        <ele>359</ele>
        <time>2025-03-28T17:09:23Z</time>
      </trkpt>
      <trkpt lat="50.21543333333333" lon="14.921083333333334">
        <ele>360</ele>
        <time>2025-03-28T17:09:24Z</time>
      </trkpt>
      <trkpt lat="50.215583333333335" lon="14.921">
        <ele>361</ele>
        <time>2025-03-28T17:09:25Z</time>
      </trkpt>
      <trkpt lat="50.21573333333333" lon="14.920933333333334">
        <ele>362</ele>
        <time>2025-03-28T17:09:26Z</time>
      </trkpt>
      <trkpt lat="50.21586666666666" lon="14.92085">
        <ele>362</ele>
        <time>2025-03-28T17:09:27Z</time>
      </trkpt>
      <trkpt lat="50.21601666666667" lon="14.920766666666667">
        <ele>363</ele>
        <time>2025-03-28T17:09:28Z</time>
      </trkpt>
      <trkpt lat="50.21615" lon="14.920683333333333">
        <ele>364</ele>
        <time>2025-03-28T17:09:29Z</time>
      </trkpt>
      <trkpt lat="50.2163" lon="14.920583333333333">
        <ele>364</ele>
        <time>2025-03-28T17:09:30Z</time>
      </trkpt>
      <trkpt lat="50.21645" lon="14.9205">
        <ele>365</ele>
        <time>2025-03-28T17:09:31Z</time>
      </trkpt>
      <trkpt lat="50.21658333333333" lon="14.920416666666666">
        <ele>366</ele>
        <time>2025-03-28T17:09:32Z</time>
      </trkpt>
      <trkpt lat="50.21673333333333" lon="14.920333333333334">
        <ele>366</ele>
        <time>2025-03-28T17:09:33Z</time>
      </trkpt>
      <trkpt lat="50.216883333333335" lon="14.92025">
        <ele>366</ele>
        <time>2025-03-28T17:09:34Z</time>
      </trkpt>
      <trkpt lat="50.21703333333333" lon="14.92015">
        <ele>366</ele>
        <time>2025-03-28T17:09:35Z</time>
      </trkpt>
      <trkpt lat="50.21718333333333" lon="14.920066666666667">
        <ele>366</ele>
        <time>2025-03-28T17:09:36Z</time>
      </trkpt>
      <trkpt lat="50.217333333333336" lon="14.919983333333333">
        <ele>367</ele>
        <time>2025-03-28T17:09:37Z</time>
      </trkpt>
      <trkpt lat="50.217483333333334" lon="14.9199">
        <ele>367</ele>
        <time>2025-03-28T17:09:38Z</time>
      </trkpt>
      <trkpt lat="50.21763333333333" lon="14.919833333333333">
        <ele>368</ele>
        <time>2025-03-28T17:09:39Z</time>
      </trkpt>
      <trkpt lat="50.21778333333334" lon="14.919766666666666">
        <ele>368</ele>
        <time>2025-03-28T17:09:40Z</time>
      </trkpt>
      <trkpt lat="50.217933333333335" lon="14.9197">
        <ele>369</ele>
        <time>2025-03-28T17:09:41Z</time>
      </trkpt>
      <trkpt lat="50.21808333333333" lon="14.919633333333334">
        <ele>369</ele>
        <time>2025-03-28T17:09:42Z</time>
      </trkpt>
      <trkpt lat="50.21823333333333" lon="14.919566666666666">
        <ele>370</ele>
        <time>2025-03-28T17:09:43Z</time>
      </trkpt>
      <trkpt lat="50.218383333333335" lon="14.919516666666667">
        <ele>370</ele>
        <time>2025-03-28T17:09:44Z</time>
      </trkpt>
      <trkpt lat="50.21853333333333" lon="14.919466666666667">
        <ele>371</ele>
        <time>2025-03-28T17:09:45Z</time>
      </trkpt>
      <trkpt lat="50.21868333333333" lon="14.919416666666667">
        <ele>371</ele>
        <time>2025-03-28T17:09:46Z</time>
      </trkpt>
      <trkpt lat="50.218833333333336" lon="14.919383333333334">
        <ele>372</ele>
        <time>2025-03-28T17:09:47Z</time>
      </trkpt>
      <trkpt lat="50.218983333333334" lon="14.919333333333332">
        <ele>372</ele>
        <time>2025-03-28T17:09:48Z</time>
      </trkpt>
      <trkpt lat="50.21913333333333" lon="14.919266666666667">
        <ele>372</ele>
        <time>2025-03-28T17:09:49Z</time>
      </trkpt>
      <trkpt lat="50.21928333333334" lon="14.919216666666667">
        <ele>373</ele>
        <time>2025-03-28T17:09:50Z</time>
      </trkpt>
      <trkpt lat="50.219433333333335" lon="14.91915">
        <ele>373</ele>
        <time>2025-03-28T17:09:51Z</time>
      </trkpt>
      <trkpt lat="50.21958333333333" lon="14.919083333333333">
        <ele>374</ele>
        <time>2025-03-28T17:09:52Z</time>
      </trkpt>
      <trkpt lat="50.21973333333333" lon="14.919016666666666">
        <ele>374</ele>
        <time>2025-03-28T17:09:53Z</time>
      </trkpt>
      <trkpt lat="50.219883333333335" lon="14.91895">
        <ele>374</ele>
        <time>2025-03-28T17:09:54Z</time>
      </trkpt>
      <trkpt lat="50.22005" lon="14.918866666666666">
        <ele>374</ele>
        <time>2025-03-28T17:09:55Z</time>
      </trkpt>
      <trkpt lat="50.2202" lon="14.9188">
        <ele>374</ele>
        <time>2025-03-28T17:09:56Z</time>
      </trkpt>
      <trkpt lat="50.22035" lon="14.918716666666667">
        <ele>374</ele>
        <time>2025-03-28T17:09:57Z</time>
      </trkpt>
      <trkpt lat="50.2205" lon="14.918633333333334">
        <ele>374</ele>
        <time>2025-03-28T17:09:58Z</time>
      </trkpt>
      <trkpt lat="50.22065" lon="14.91855">
        <ele>374</ele>
        <time>2025-03-28T17:09:59Z</time>
      </trkpt>
      <trkpt lat="50.2208" lon="14.918466666666667">
        <ele>375</ele>
        <time>2025-03-28T17:10:00Z</time>
      </trkpt>
      <trkpt lat="50.22095" lon="14.9184">
        <ele>375</ele>
        <time>2025-03-28T17:10:01Z</time>
      </trkpt>
      <trkpt lat="50.2211" lon="14.918316666666666">
        <ele>375</ele>
        <time>2025-03-28T17:10:02Z</time>
      </trkpt>
      <trkpt lat="50.22125" lon="14.91825">
        <ele>375</ele>
        <time>2025-03-28T17:10:03Z</time>
      </trkpt>
      <trkpt lat="50.2214" lon="14.918166666666666">
        <ele>375</ele>
        <time>2025-03-28T17:10:04Z</time>
      </trkpt>
      <trkpt lat="50.22155" lon="14.918066666666666">
        <ele>375</ele>
        <time>2025-03-28T17:10:05Z</time>
      </trkpt>
      <trkpt lat="50.22168333333333" lon="14.917966666666667">
        <ele>376</ele>
        <time>2025-03-28T17:10:06Z</time>
      </trkpt>
      <trkpt lat="50.221833333333336" lon="14.917883333333334">
        <ele>376</ele>
        <time>2025-03-28T17:10:07Z</time>
      </trkpt>
      <trkpt lat="50.221983333333334" lon="14.917816666666667">
        <ele>376</ele>
        <time>2025-03-28T17:10:08Z</time>
      </trkpt>
      <trkpt lat="50.22213333333333" lon="14.917733333333333">
        <ele>376</ele>
        <time>2025-03-28T17:10:09Z</time>
      </trkpt>
      <trkpt lat="50.22228333333333" lon="14.917666666666667">
        <ele>376</ele>
        <time>2025-03-28T17:10:10Z</time>
      </trkpt>
      <trkpt lat="50.22241666666667" lon="14.9176">
        <ele>376</ele>
        <time>2025-03-28T17:10:11Z</time>
      </trkpt>
      <trkpt lat="50.222566666666665" lon="14.917516666666666">
        <ele>376</ele>
        <time>2025-03-28T17:10:12Z</time>
      </trkpt>
      <trkpt lat="50.22273333333333" lon="14.91745">
        <ele>376</ele>
        <time>2025-03-28T17:10:13Z</time>
      </trkpt>
      <trkpt lat="50.222883333333336" lon="14.917383333333333">
        <ele>376</ele>
        <time>2025-03-28T17:10:14Z</time>
      </trkpt>
      <trkpt lat="50.22305" lon="14.917316666666666">
        <ele>376</ele>
        <time>2025-03-28T17:10:15Z</time>
      </trkpt>
      <trkpt lat="50.2232" lon="14.91725">
        <ele>376</ele>
        <time>2025-03-28T17:10:16Z</time>
      </trkpt>
      <trkpt lat="50.22335" lon="14.9172">
        <ele>376</ele>
        <time>2025-03-28T17:10:17Z</time>
      </trkpt>
      <trkpt lat="50.2235" lon="14.91715">
        <ele>377</ele>
        <time>2025-03-28T17:10:18Z</time>
      </trkpt>
      <trkpt lat="50.22365" lon="14.917083333333334">
        <ele>377</ele>
        <time>2025-03-28T17:10:19Z</time>
      </trkpt>
      <trkpt lat="50.2238" lon="14.917016666666667">
        <ele>377</ele>
        <time>2025-03-28T17:10:20Z</time>
      </trkpt>
      <trkpt lat="50.22395" lon="14.916966666666667">
        <ele>377</ele>
        <time>2025-03-28T17:10:21Z</time>
      </trkpt>
      <trkpt lat="50.22408333333333" lon="14.9169">
        <ele>377</ele>
        <time>2025-03-28T17:10:22Z</time>
      </trkpt>
      <trkpt lat="50.22425" lon="14.916833333333333">
        <ele>377</ele>
        <time>2025-03-28T17:10:23Z</time>
      </trkpt>
      <trkpt lat="50.2244" lon="14.916766666666666">
        <ele>378</ele>
        <time>2025-03-28T17:10:24Z</time>
      </trkpt>
      <trkpt lat="50.22455" lon="14.916716666666666">
        <ele>378</ele>
        <time>2025-03-28T17:10:25Z</time>
      </trkpt>
      <trkpt lat="50.2247" lon="14.916683333333333">
        <ele>378</ele>
        <time>2025-03-28T17:10:26Z</time>
      </trkpt>
      <trkpt lat="50.22485" lon="14.91665">
        <ele>378</ele>
        <time>2025-03-28T17:10:27Z</time>
      </trkpt>
      <trkpt lat="50.225" lon="14.91665">
        <ele>379</ele>
        <time>2025-03-28T17:10:28Z</time>
      </trkpt>
      <trkpt lat="50.22515" lon="14.916666666666666">
        <ele>379</ele>
        <time>2025-03-28T17:10:29Z</time>
      </trkpt>
      <trkpt lat="50.2253" lon="14.91665">
        <ele>379</ele>
        <time>2025-03-28T17:10:30Z</time>
      </trkpt>
      <trkpt lat="50.22545" lon="14.916633333333333">
        <ele>378</ele>
        <time>2025-03-28T17:10:31Z</time>
      </trkpt>
      <trkpt lat="50.22558333333333" lon="14.916616666666666">
        <ele>378</ele>
        <time>2025-03-28T17:10:32Z</time>
      </trkpt>
      <trkpt lat="50.22573333333333" lon="14.916583333333334">
        <ele>376</ele>
        <time>2025-03-28T17:10:33Z</time>
      </trkpt>
      <trkpt lat="50.2259" lon="14.91655">
        <ele>374</ele>
        <time>2025-03-28T17:10:34Z</time>
      </trkpt>
      <trkpt lat="50.22605" lon="14.916533333333334">
        <ele>371</ele>
        <time>2025-03-28T17:10:35Z</time>
      </trkpt>
      <trkpt lat="50.226216666666666" lon="14.916516666666666">
        <ele>368</ele>
        <time>2025-03-28T17:10:36Z</time>
      </trkpt>
      <trkpt lat="50.22638333333333" lon="14.9165">
        <ele>365</ele>
        <time>2025-03-28T17:10:37Z</time>
      </trkpt>
      <trkpt lat="50.226533333333336" lon="14.916516666666666">
        <ele>361</ele>
        <time>2025-03-28T17:10:38Z</time>
      </trkpt>
      <trkpt lat="50.2267" lon="14.916516666666666">
        <ele>359</ele>
        <time>2025-03-28T17:10:39Z</time>
      </trkpt>
      <trkpt lat="50.22685" lon="14.916533333333334">
        <ele>356</ele>
        <time>2025-03-28T17:10:40Z</time>
      </trkpt>
      <trkpt lat="50.227" lon="14.916533333333334">
        <ele>353</ele>
        <time>2025-03-28T17:10:41Z</time>
      </trkpt>
      <trkpt lat="50.22715" lon="14.916533333333334">
        <ele>351</ele>
        <time>2025-03-28T17:10:42Z</time>
      </trkpt>
      <trkpt lat="50.22731666666667" lon="14.916533333333334">
        <ele>348</ele>
        <time>2025-03-28T17:10:43Z</time>
      </trkpt>
      <trkpt lat="50.227466666666665" lon="14.916533333333334">
        <ele>345</ele>
        <time>2025-03-28T17:10:44Z</time>
      </trkpt>
      <trkpt lat="50.22763333333333" lon="14.91655">
        <ele>342</ele>
        <time>2025-03-28T17:10:45Z</time>
      </trkpt>
      <trkpt lat="50.227783333333335" lon="14.916583333333334">
        <ele>339</ele>
        <time>2025-03-28T17:10:46Z</time>
      </trkpt>
      <trkpt lat="50.22795" lon="14.916616666666666">
        <ele>336</ele>
        <time>2025-03-28T17:10:47Z</time>
      </trkpt>
      <trkpt lat="50.2281" lon="14.91665">
        <ele>334</ele>
        <time>2025-03-28T17:10:48Z</time>
      </trkpt>
      <trkpt lat="50.22825" lon="14.916666666666666">
        <ele>331</ele>
        <time>2025-03-28T17:10:49Z</time>
      </trkpt>
      <trkpt lat="50.2284" lon="14.916683333333333">
        <ele>329</ele>
        <time>2025-03-28T17:10:50Z</time>
      </trkpt>
      <trkpt lat="50.228566666666666" lon="14.9167">
        <ele>327</ele>
        <time>2025-03-28T17:10:51Z</time>
      </trkpt>
      <trkpt lat="50.228716666666664" lon="14.916716666666666">
        <ele>324</ele>
        <time>2025-03-28T17:10:52Z</time>
      </trkpt>
      <trkpt lat="50.228883333333336" lon="14.916716666666666">
        <ele>322</ele>
        <time>2025-03-28T17:10:53Z</time>
      </trkpt>
      <trkpt lat="50.229033333333334" lon="14.9167">
        <ele>319</ele>
        <time>2025-03-28T17:10:54Z</time>
      </trkpt>
      <trkpt lat="50.2292" lon="14.916683333333333">
        <ele>317</ele>
        <time>2025-03-28T17:10:55Z</time>
      </trkpt>
      <trkpt lat="50.22935" lon="14.91665">
        <ele>315</ele>
        <time>2025-03-28T17:10:56Z</time>
      </trkpt>
      <trkpt lat="50.22951666666667" lon="14.9166">
        <ele>313</ele>
        <time>2025-03-28T17:10:57Z</time>
      </trkpt>
      <trkpt lat="50.22966666666667" lon="14.916533333333334">
        <ele>312</ele>
        <time>2025-03-28T17:10:58Z</time>
      </trkpt>
      <trkpt lat="50.2298" lon="14.916466666666667">
        <ele>312</ele>
        <time>2025-03-28T17:10:59Z</time>
      </trkpt>
      <trkpt lat="50.229933333333335" lon="14.916383333333334">
        <ele>312</ele>
        <time>2025-03-28T17:11:00Z</time>
      </trkpt>
      <trkpt lat="50.230066666666666" lon="14.9163">
        <ele>312</ele>
        <time>2025-03-28T17:11:01Z</time>
      </trkpt>
      <trkpt lat="50.230183333333336" lon="14.916216666666667">
        <ele>312</ele>
        <time>2025-03-28T17:11:02Z</time>
      </trkpt>
      <trkpt lat="50.23031666666667" lon="14.916133333333333">
        <ele>311</ele>
        <time>2025-03-28T17:11:03Z</time>
      </trkpt>
      <trkpt lat="50.23045" lon="14.916066666666667">
        <ele>310</ele>
        <time>2025-03-28T17:11:04Z</time>
      </trkpt>
      <trkpt lat="50.23056666666667" lon="14.916">
        <ele>309</ele>
        <time>2025-03-28T17:11:05Z</time>
      </trkpt>
      <trkpt lat="50.2307" lon="14.915916666666666">
        <ele>309</ele>
        <time>2025-03-28T17:11:06Z</time>
      </trkpt>
      <trkpt lat="50.23081666666667" lon="14.915833333333333">
        <ele>308</ele>
        <time>2025-03-28T17:11:07Z</time>
      </trkpt>
      <trkpt lat="50.23093333333333" lon="14.915733333333334">
        <ele>308</ele>
        <time>2025-03-28T17:11:08Z</time>
      </trkpt>
      <trkpt lat="50.23105" lon="14.915633333333334">
        <ele>307</ele>
        <time>2025-03-28T17:11:09Z</time>
      </trkpt>
      <trkpt lat="50.23116666666667" lon="14.915516666666667">
        <ele>306</ele>
        <time>2025-03-28T17:11:10Z</time>
      </trkpt>
      <trkpt lat="50.23128333333333" lon="14.9154">
        <ele>306</ele>
        <time>2025-03-28T17:11:11Z</time>
      </trkpt>
      <trkpt lat="50.231366666666666" lon="14.91525">
        <ele>305</ele>
        <time>2025-03-28T17:11:12Z</time>
      </trkpt>
      <trkpt lat="50.23145" lon="14.915083333333333">
        <ele>304</ele>
        <time>2025-03-28T17:11:13Z</time>
      </trkpt>
      <trkpt lat="50.23153333333333" lon="14.914916666666667">
        <ele>303</ele>
        <time>2025-03-28T17:11:14Z</time>
      </trkpt>
      <trkpt lat="50.2316" lon="14.914733333333333">
        <ele>302</ele>
        <time>2025-03-28T17:11:15Z</time>
      </trkpt>
      <trkpt lat="50.23165" lon="14.91455">
        <ele>301</ele>
        <time>2025-03-28T17:11:16Z</time>
      </trkpt>
      <trkpt lat="50.2317" lon="14.914366666666666">
        <ele>300</ele>
        <time>2025-03-28T17:11:17Z</time>
      </trkpt>
      <trkpt lat="50.23173333333333" lon="14.914183333333334">
        <ele>300</ele>
        <time>2025-03-28T17:11:18Z</time>
      </trkpt>
      <trkpt lat="50.23178333333333" lon="14.914">
        <ele>299</ele>
        <time>2025-03-28T17:11:19Z</time>
      </trkpt>
      <trkpt lat="50.23181666666667" lon="14.913816666666667">
        <ele>298</ele>
        <time>2025-03-28T17:11:20Z</time>
      </trkpt>
      <trkpt lat="50.23186666666667" lon="14.913616666666666">
        <ele>298</ele>
        <time>2025-03-28T17:11:21Z</time>
      </trkpt>
      <trkpt lat="50.2319" lon="14.913433333333334">
        <ele>297</ele>
        <time>2025-03-28T17:11:22Z</time>
      </trkpt>
      <trkpt lat="50.23191666666666" lon="14.91325">
        <ele>297</ele>
        <time>2025-03-28T17:11:23Z</time>
      </trkpt>
      <trkpt lat="50.23193333333333" lon="14.91305">
        <ele>296</ele>
        <time>2025-03-28T17:11:24Z</time>
      </trkpt>
      <trkpt lat="50.23195" lon="14.912866666666666">
        <ele>295</ele>
        <time>2025-03-28T17:11:25Z</time>
      </trkpt>
      <trkpt lat="50.23195" lon="14.912683333333334">
        <ele>294</ele>
        <time>2025-03-28T17:11:26Z</time>
      </trkpt>
      <trkpt lat="50.231966666666665" lon="14.912483333333334">
        <ele>294</ele>
        <time>2025-03-28T17:11:27Z</time>
      </trkpt>
      <trkpt lat="50.23198333333333" lon="14.9123">
        <ele>295</ele>
        <time>2025-03-28T17:11:28Z</time>
      </trkpt>
      <trkpt lat="50.232" lon="14.912116666666666">
        <ele>295</ele>
        <time>2025-03-28T17:11:29Z</time>
      </trkpt>
      <trkpt lat="50.23201666666667" lon="14.911933333333334">
        <ele>296</ele>
        <time>2025-03-28T17:11:30Z</time>
      </trkpt>
      <trkpt lat="50.23201666666667" lon="14.91175">
        <ele>296</ele>
        <time>2025-03-28T17:11:31Z</time>
      </trkpt>
      <trkpt lat="50.232033333333334" lon="14.911566666666667">
        <ele>297</ele>
        <time>2025-03-28T17:11:32Z</time>
      </trkpt>
      <trkpt lat="50.232033333333334" lon="14.911383333333333">
        <ele>297</ele>
        <time>2025-03-28T17:11:33Z</time>
      </trkpt>
      <trkpt lat="50.232033333333334" lon="14.9112">
        <ele>297</ele>
        <time>2025-03-28T17:11:34Z</time>
      </trkpt>
      <trkpt lat="50.23205" lon="14.911016666666667">
        <ele>297</ele>
        <time>2025-03-28T17:11:35Z</time>
      </trkpt>
      <trkpt lat="50.23205" lon="14.910833333333333">
        <ele>297</ele>
        <time>2025-03-28T17:11:36Z</time>
      </trkpt>
      <trkpt lat="50.23205" lon="14.910666666666666">
        <ele>297</ele>
        <time>2025-03-28T17:11:37Z</time>
      </trkpt>
      <trkpt lat="50.23206666666667" lon="14.910483333333334">
        <ele>298</ele>
        <time>2025-03-28T17:11:38Z</time>
      </trkpt>
      <trkpt lat="50.23205" lon="14.910316666666667">
        <ele>298</ele>
        <time>2025-03-28T17:11:39Z</time>
      </trkpt>
      <trkpt lat="50.23201666666667" lon="14.91015">
        <ele>298</ele>
        <time>2025-03-28T17:11:40Z</time>
      </trkpt>
      <trkpt lat="50.231966666666665" lon="14.91">
        <ele>299</ele>
        <time>2025-03-28T17:11:41Z</time>
      </trkpt>
      <trkpt lat="50.23191666666666" lon="14.909883333333333">
        <ele>299</ele>
        <time>2025-03-28T17:11:42Z</time>
      </trkpt>
      <trkpt lat="50.231833333333334" lon="14.909783333333333">
        <ele>299</ele>
        <time>2025-03-28T17:11:43Z</time>
      </trkpt>
      <trkpt lat="50.231766666666665" lon="14.909683333333334">
        <ele>299</ele>
        <time>2025-03-28T17:11:44Z</time>
      </trkpt>
      <trkpt lat="50.231683333333336" lon="14.9096">
        <ele>299</ele>
        <time>2025-03-28T17:11:45Z</time>
      </trkpt>
      <trkpt lat="50.23158333333333" lon="14.909533333333334">
        <ele>300</ele>
        <time>2025-03-28T17:11:46Z</time>
      </trkpt>
      <trkpt lat="50.2315" lon="14.90945">
        <ele>300</ele>
        <time>2025-03-28T17:11:47Z</time>
      </trkpt>
      <trkpt lat="50.23141666666667" lon="14.909383333333333">
        <ele>300</ele>
        <time>2025-03-28T17:11:48Z</time>
      </trkpt>
      <trkpt lat="50.231316666666665" lon="14.909316666666667">
        <ele>301</ele>
        <time>2025-03-28T17:11:49Z</time>
      </trkpt>
      <trkpt lat="50.231233333333336" lon="14.909283333333333">
        <ele>302</ele>
        <time>2025-03-28T17:11:50Z</time>
      </trkpt>
      <trkpt lat="50.23116666666667" lon="14.909233333333333">
        <ele>303</ele>
        <time>2025-03-28T17:11:51Z</time>
      </trkpt>
      <trkpt lat="50.23108333333333" lon="14.909166666666666">
        <ele>304</ele>
        <time>2025-03-28T17:11:52Z</time>
      </trkpt>
      <trkpt lat="50.230983333333334" lon="14.909133333333333">
        <ele>305</ele>
        <time>2025-03-28T17:11:53Z</time>
      </trkpt>
      <trkpt lat="50.23088333333333" lon="14.909066666666666">
        <ele>305</ele>
        <time>2025-03-28T17:11:54Z</time>
      </trkpt>
      <trkpt lat="50.230783333333335" lon="14.909016666666666">
        <ele>305</ele>
        <time>2025-03-28T17:11:55Z</time>
      </trkpt>
      <trkpt lat="50.23068333333333" lon="14.908966666666666">
        <ele>303</ele>
        <time>2025-03-28T17:11:56Z</time>
      </trkpt>
      <trkpt lat="50.23056666666667" lon="14.908916666666666">
        <ele>303</ele>
        <time>2025-03-28T17:11:57Z</time>
      </trkpt>
      <trkpt lat="50.23045" lon="14.90885">
        <ele>303</ele>
        <time>2025-03-28T17:11:58Z</time>
      </trkpt>
      <trkpt lat="50.23035" lon="14.908783333333334">
        <ele>304</ele>
        <time>2025-03-28T17:11:59Z</time>
      </trkpt>
      <trkpt lat="50.23025" lon="14.908716666666667">
        <ele>305</ele>
        <time>2025-03-28T17:12:00Z</time>
      </trkpt>
      <trkpt lat="50.23015" lon="14.908683333333334">
        <ele>305</ele>
        <time>2025-03-28T17:12:01Z</time>
      </trkpt>
      <trkpt lat="50.23005" lon="14.908616666666667">
        <ele>306</ele>
        <time>2025-03-28T17:12:02Z</time>
      </trkpt>
      <trkpt lat="50.229933333333335" lon="14.908566666666667">
        <ele>306</ele>
        <time>2025-03-28T17:12:03Z</time>
      </trkpt>
      <trkpt lat="50.22983333333333" lon="14.908516666666667">
        <ele>307</ele>
        <time>2025-03-28T17:12:04Z</time>
      </trkpt>
      <trkpt lat="50.229733333333336" lon="14.908466666666667">
        <ele>307</ele>
        <time>2025-03-28T17:12:05Z</time>
      </trkpt>
      <trkpt lat="50.229616666666665" lon="14.908416666666668">
        <ele>308</ele>
        <time>2025-03-28T17:12:06Z</time>
      </trkpt>
      <trkpt lat="50.22951666666667" lon="14.90835">
        <ele>309</ele>
        <time>2025-03-28T17:12:07Z</time>
      </trkpt>
      <trkpt lat="50.2294" lon="14.908283333333333">
        <ele>309</ele>
        <time>2025-03-28T17:12:08Z</time>
      </trkpt>
      <trkpt lat="50.2293" lon="14.90825">
        <ele>310</ele>
        <time>2025-03-28T17:12:09Z</time>
      </trkpt>
      <trkpt lat="50.2292" lon="14.908183333333334">
        <ele>310</ele>
        <time>2025-03-28T17:12:10Z</time>
      </trkpt>
      <trkpt lat="50.229083333333335" lon="14.908133333333334">
        <ele>311</ele>
        <time>2025-03-28T17:12:11Z</time>
      </trkpt>
      <trkpt lat="50.22898333333333" lon="14.9081">
        <ele>311</ele>
        <time>2025-03-28T17:12:12Z</time>
      </trkpt>
      <trkpt lat="50.22886666666667" lon="14.90805">
        <ele>312</ele>
        <time>2025-03-28T17:12:13Z</time>
      </trkpt>
      <trkpt lat="50.228766666666665" lon="14.908">
        <ele>312</ele>
        <time>2025-03-28T17:12:14Z</time>
      </trkpt>
      <trkpt lat="50.22866666666667" lon="14.907966666666667">
        <ele>312</ele>
        <time>2025-03-28T17:12:15Z</time>
      </trkpt>
      <trkpt lat="50.22855" lon="14.907916666666667">
        <ele>313</ele>
        <time>2025-03-28T17:12:16Z</time>
      </trkpt>
      <trkpt lat="50.22845" lon="14.907866666666667">
        <ele>313</ele>
        <time>2025-03-28T17:12:17Z</time>
      </trkpt>
      <trkpt lat="50.22835" lon="14.907816666666667">
        <ele>314</ele>
        <time>2025-03-28T17:12:18Z</time>
      </trkpt>
      <trkpt lat="50.228233333333336" lon="14.90775">
        <ele>314</ele>
        <time>2025-03-28T17:12:19Z</time>
      </trkpt>
      <trkpt lat="50.22813333333333" lon="14.907716666666667">
        <ele>315</ele>
        <time>2025-03-28T17:12:20Z</time>
      </trkpt>
      <trkpt lat="50.22801666666667" lon="14.907666666666668">
        <ele>316</ele>
        <time>2025-03-28T17:12:21Z</time>
      </trkpt>
      <trkpt lat="50.227916666666665" lon="14.907633333333333">
        <ele>316</ele>
        <time>2025-03-28T17:12:22Z</time>
      </trkpt>
      <trkpt lat="50.2278" lon="14.907583333333333">
        <ele>317</ele>
        <time>2025-03-28T17:12:23Z</time>
      </trkpt>
      <trkpt lat="50.2277" lon="14.907516666666666">
        <ele>318</ele>
        <time>2025-03-28T17:12:24Z</time>
      </trkpt>
      <trkpt lat="50.2276" lon="14.907466666666666">
        <ele>318</ele>
        <time>2025-03-28T17:12:25Z</time>
      </trkpt>
      <trkpt lat="50.22748333333333" lon="14.907416666666666">
        <ele>319</ele>
        <time>2025-03-28T17:12:26Z</time>
      </trkpt>
      <trkpt lat="50.22736666666667" lon="14.90735">
        <ele>320</ele>
        <time>2025-03-28T17:12:27Z</time>
      </trkpt>
      <trkpt lat="50.227266666666665" lon="14.9073">
        <ele>320</ele>
        <time>2025-03-28T17:12:28Z</time>
      </trkpt>
      <trkpt lat="50.22715" lon="14.907266666666667">
        <ele>320</ele>
        <time>2025-03-28T17:12:29Z</time>
      </trkpt>
      <trkpt lat="50.22703333333333" lon="14.907216666666667">
        <ele>321</ele>
        <time>2025-03-28T17:12:30Z</time>
      </trkpt>
      <trkpt lat="50.226933333333335" lon="14.907166666666667">
        <ele>321</ele>
        <time>2025-03-28T17:12:31Z</time>
      </trkpt>
      <trkpt lat="50.22683333333333" lon="14.907133333333332">
        <ele>322</ele>
        <time>2025-03-28T17:12:32Z</time>
      </trkpt>
      <trkpt lat="50.226733333333335" lon="14.907066666666667">
        <ele>323</ele>
        <time>2025-03-28T17:12:33Z</time>
      </trkpt>
      <trkpt lat="50.226616666666665" lon="14.907">
        <ele>323</ele>
        <time>2025-03-28T17:12:34Z</time>
      </trkpt>
      <trkpt lat="50.22651666666667" lon="14.90695">
        <ele>324</ele>
        <time>2025-03-28T17:12:35Z</time>
      </trkpt>
      <trkpt lat="50.2264" lon="14.9069">
        <ele>325</ele>
        <time>2025-03-28T17:12:36Z</time>
      </trkpt>
      <trkpt lat="50.226283333333335" lon="14.90685">
        <ele>325</ele>
        <time>2025-03-28T17:12:37Z</time>
      </trkpt>
      <trkpt lat="50.22618333333333" lon="14.9068">
        <ele>326</ele>
        <time>2025-03-28T17:12:38Z</time>
      </trkpt>
      <trkpt lat="50.226083333333335" lon="14.90675">
        <ele>326</ele>
        <time>2025-03-28T17:12:39Z</time>
      </trkpt>
      <trkpt lat="50.22598333333333" lon="14.906666666666666">
        <ele>327</ele>
        <time>2025-03-28T17:12:40Z</time>
      </trkpt>
      <trkpt lat="50.225883333333336" lon="14.9066">
        <ele>327</ele>
        <time>2025-03-28T17:12:41Z</time>
      </trkpt>
      <trkpt lat="50.22578333333333" lon="14.906516666666667">
        <ele>327</ele>
        <time>2025-03-28T17:12:42Z</time>
      </trkpt>
      <trkpt lat="50.22566666666667" lon="14.90645">
        <ele>326</ele>
        <time>2025-03-28T17:12:43Z</time>
      </trkpt>
      <trkpt lat="50.225566666666666" lon="14.906366666666667">
        <ele>326</ele>
        <time>2025-03-28T17:12:44Z</time>
      </trkpt>
      <trkpt lat="50.22546666666667" lon="14.906316666666667">
        <ele>326</ele>
        <time>2025-03-28T17:12:45Z</time>
      </trkpt>
      <trkpt lat="50.225366666666666" lon="14.90625">
        <ele>326</ele>
        <time>2025-03-28T17:12:46Z</time>
      </trkpt>
      <trkpt lat="50.22525" lon="14.906183333333333">
        <ele>325</ele>
        <time>2025-03-28T17:12:47Z</time>
      </trkpt>
      <trkpt lat="50.22515" lon="14.906116666666666">
        <ele>325</ele>
        <time>2025-03-28T17:12:48Z</time>
      </trkpt>
      <trkpt lat="50.225033333333336" lon="14.90605">
        <ele>325</ele>
        <time>2025-03-28T17:12:49Z</time>
      </trkpt>
      <trkpt lat="50.224916666666665" lon="14.905983333333333">
        <ele>324</ele>
        <time>2025-03-28T17:12:50Z</time>
      </trkpt>
      <trkpt lat="50.22481666666667" lon="14.905933333333333">
        <ele>324</ele>
        <time>2025-03-28T17:12:51Z</time>
      </trkpt>
      <trkpt lat="50.224716666666666" lon="14.905883333333334">
        <ele>324</ele>
        <time>2025-03-28T17:12:52Z</time>
      </trkpt>
      <trkpt lat="50.22461666666667" lon="14.905833333333334">
        <ele>324</ele>
        <time>2025-03-28T17:12:53Z</time>
      </trkpt>
      <trkpt lat="50.2245" lon="14.905783333333334">
        <ele>324</ele>
        <time>2025-03-28T17:12:54Z</time>
      </trkpt>
      <trkpt lat="50.2244" lon="14.905733333333334">
        <ele>324</ele>
        <time>2025-03-28T17:12:55Z</time>
      </trkpt>
      <trkpt lat="50.2243" lon="14.9057">
        <ele>324</ele>
        <time>2025-03-28T17:12:56Z</time>
      </trkpt>
      <trkpt lat="50.224183333333336" lon="14.90565">
        <ele>324</ele>
        <time>2025-03-28T17:12:57Z</time>
      </trkpt>
      <trkpt lat="50.224066666666666" lon="14.9056">
        <ele>324</ele>
        <time>2025-03-28T17:12:58Z</time>
      </trkpt>
      <trkpt lat="50.22396666666667" lon="14.90555">
        <ele>324</ele>
        <time>2025-03-28T17:12:59Z</time>
      </trkpt>
      <trkpt lat="50.223866666666666" lon="14.905516666666667">
        <ele>324</ele>
        <time>2025-03-28T17:13:00Z</time>
      </trkpt>
      <trkpt lat="50.22375" lon="14.905466666666667">
        <ele>324</ele>
        <time>2025-03-28T17:13:01Z</time>
      </trkpt>
      <trkpt lat="50.22365" lon="14.905416666666667">
        <ele>324</ele>
        <time>2025-03-28T17:13:02Z</time>
      </trkpt>
      <trkpt lat="50.22355" lon="14.905366666666668">
        <ele>324</ele>
        <time>2025-03-28T17:13:03Z</time>
      </trkpt>
      <trkpt lat="50.22343333333333" lon="14.905333333333333">
        <ele>324</ele>
        <time>2025-03-28T17:13:04Z</time>
      </trkpt>
      <trkpt lat="50.223333333333336" lon="14.905283333333333">
        <ele>324</ele>
        <time>2025-03-28T17:13:05Z</time>
      </trkpt>
      <trkpt lat="50.22323333333333" lon="14.905233333333333">
        <ele>324</ele>
        <time>2025-03-28T17:13:06Z</time>
      </trkpt>
      <trkpt lat="50.22313333333334" lon="14.9052">
        <ele>324</ele>
        <time>2025-03-28T17:13:07Z</time>
      </trkpt>
      <trkpt lat="50.22303333333333" lon="14.90515">
        <ele>324</ele>
        <time>2025-03-28T17:13:08Z</time>
      </trkpt>
      <trkpt lat="50.22291666666667" lon="14.905083333333334">
        <ele>324</ele>
        <time>2025-03-28T17:13:09Z</time>
      </trkpt>
      <trkpt lat="50.22281666666667" lon="14.905016666666667">
        <ele>324</ele>
        <time>2025-03-28T17:13:10Z</time>
      </trkpt>
      <trkpt lat="50.22271666666666" lon="14.90495">
        <ele>324</ele>
        <time>2025-03-28T17:13:11Z</time>
      </trkpt>
      <trkpt lat="50.22261666666667" lon="14.904883333333334">
        <ele>324</ele>
        <time>2025-03-28T17:13:12Z</time>
      </trkpt>
      <trkpt lat="50.222516666666664" lon="14.904833333333332">
        <ele>324</ele>
        <time>2025-03-28T17:13:13Z</time>
      </trkpt>
      <trkpt lat="50.2224" lon="14.904766666666667">
        <ele>324</ele>
        <time>2025-03-28T17:13:14Z</time>
      </trkpt>
      <trkpt lat="50.2223" lon="14.9047">
        <ele>324</ele>
        <time>2025-03-28T17:13:15Z</time>
      </trkpt>
      <trkpt lat="50.222183333333334" lon="14.904633333333333">
        <ele>324</ele>
        <time>2025-03-28T17:13:16Z</time>
      </trkpt>
      <trkpt lat="50.22208333333333" lon="14.904583333333333">
        <ele>324</ele>
        <time>2025-03-28T17:13:17Z</time>
      </trkpt>
      <trkpt lat="50.221983333333334" lon="14.904516666666666">
        <ele>324</ele>
        <time>2025-03-28T17:13:18Z</time>
      </trkpt>
      <trkpt lat="50.22188333333333" lon="14.90445">
        <ele>324</ele>
        <time>2025-03-28T17:13:19Z</time>
      </trkpt>
      <trkpt lat="50.221783333333335" lon="14.904383333333334">
        <ele>324</ele>
        <time>2025-03-28T17:13:20Z</time>
      </trkpt>
      <trkpt lat="50.221666666666664" lon="14.904333333333334">
        <ele>324</ele>
        <time>2025-03-28T17:13:21Z</time>
      </trkpt>
      <trkpt lat="50.22156666666667" lon="14.90425">
        <ele>324</ele>
        <time>2025-03-28T17:13:22Z</time>
      </trkpt>
      <trkpt lat="50.221466666666664" lon="14.904183333333334">
        <ele>324</ele>
        <time>2025-03-28T17:13:23Z</time>
      </trkpt>
      <trkpt lat="50.22136666666667" lon="14.904116666666667">
        <ele>324</ele>
        <time>2025-03-28T17:13:24Z</time>
      </trkpt>
      <trkpt lat="50.221266666666665" lon="14.904066666666667">
        <ele>324</ele>
        <time>2025-03-28T17:13:25Z</time>
      </trkpt>
      <trkpt lat="50.22115" lon="14.904">
        <ele>324</ele>
        <time>2025-03-28T17:13:26Z</time>
      </trkpt>
      <trkpt lat="50.22105" lon="14.903933333333333">
        <ele>324</ele>
        <time>2025-03-28T17:13:27Z</time>
      </trkpt>
      <trkpt lat="50.22095" lon="14.903883333333333">
        <ele>324</ele>
        <time>2025-03-28T17:13:28Z</time>
      </trkpt>
      <trkpt lat="50.22085" lon="14.903816666666666">
        <ele>325</ele>
        <time>2025-03-28T17:13:29Z</time>
      </trkpt>
      <trkpt lat="50.22075" lon="14.903766666666666">
        <ele>325</ele>
        <time>2025-03-28T17:13:30Z</time>
      </trkpt>
      <trkpt lat="50.22065" lon="14.903716666666666">
        <ele>326</ele>
        <time>2025-03-28T17:13:31Z</time>
      </trkpt>
      <trkpt lat="50.22055" lon="14.90365">
        <ele>326</ele>
        <time>2025-03-28T17:13:32Z</time>
      </trkpt>
      <trkpt lat="50.22043333333333" lon="14.903583333333334">
        <ele>326</ele>
        <time>2025-03-28T17:13:33Z</time>
      </trkpt>
      <trkpt lat="50.220333333333336" lon="14.9035">
        <ele>326</ele>
        <time>2025-03-28T17:13:34Z</time>
      </trkpt>
      <trkpt lat="50.22023333333333" lon="14.903433333333334">
        <ele>327</ele>
        <time>2025-03-28T17:13:35Z</time>
      </trkpt>
      <trkpt lat="50.22011666666667" lon="14.903333333333334">
        <ele>327</ele>
        <time>2025-03-28T17:13:36Z</time>
      </trkpt>
      <trkpt lat="50.220016666666666" lon="14.903266666666667">
        <ele>327</ele>
        <time>2025-03-28T17:13:37Z</time>
      </trkpt>
      <trkpt lat="50.21991666666667" lon="14.903183333333333">
        <ele>327</ele>
        <time>2025-03-28T17:13:38Z</time>
      </trkpt>
      <trkpt lat="50.21981666666667" lon="14.903116666666667">
        <ele>328</ele>
        <time>2025-03-28T17:13:39Z</time>
      </trkpt>
      <trkpt lat="50.21971666666666" lon="14.903033333333333">
        <ele>328</ele>
        <time>2025-03-28T17:13:40Z</time>
      </trkpt>
      <trkpt lat="50.21961666666667" lon="14.90295">
        <ele>329</ele>
        <time>2025-03-28T17:13:41Z</time>
      </trkpt>
      <trkpt lat="50.219516666666664" lon="14.90285">
        <ele>329</ele>
        <time>2025-03-28T17:13:42Z</time>
      </trkpt>
      <trkpt lat="50.21941666666667" lon="14.902766666666666">
        <ele>329</ele>
        <time>2025-03-28T17:13:43Z</time>
      </trkpt>
      <trkpt lat="50.219316666666664" lon="14.902683333333334">
        <ele>329</ele>
        <time>2025-03-28T17:13:44Z</time>
      </trkpt>
      <trkpt lat="50.21921666666667" lon="14.902616666666667">
        <ele>330</ele>
        <time>2025-03-28T17:13:45Z</time>
      </trkpt>
      <trkpt lat="50.219116666666665" lon="14.902533333333333">
        <ele>330</ele>
        <time>2025-03-28T17:13:46Z</time>
      </trkpt>
      <trkpt lat="50.21901666666667" lon="14.90245">
        <ele>330</ele>
        <time>2025-03-28T17:13:47Z</time>
      </trkpt>
      <trkpt lat="50.218916666666665" lon="14.902366666666667">
        <ele>331</ele>
        <time>2025-03-28T17:13:48Z</time>
      </trkpt>
      <trkpt lat="50.2188" lon="14.902283333333333">
        <ele>331</ele>
        <time>2025-03-28T17:13:49Z</time>
      </trkpt>
      <trkpt lat="50.218716666666666" lon="14.9022">
        <ele>332</ele>
        <time>2025-03-28T17:13:50Z</time>
      </trkpt>
      <trkpt lat="50.21861666666667" lon="14.902133333333333">
        <ele>332</ele>
        <time>2025-03-28T17:13:51Z</time>
      </trkpt>
      <trkpt lat="50.218516666666666" lon="14.902033333333334">
        <ele>332</ele>
        <time>2025-03-28T17:13:52Z</time>
      </trkpt>
      <trkpt lat="50.21841666666667" lon="14.90195">
        <ele>333</ele>
        <time>2025-03-28T17:13:53Z</time>
      </trkpt>
      <trkpt lat="50.21831666666667" lon="14.901883333333334">
        <ele>333</ele>
        <time>2025-03-28T17:13:54Z</time>
      </trkpt>
      <trkpt lat="50.21821666666666" lon="14.901783333333332">
        <ele>333</ele>
        <time>2025-03-28T17:13:55Z</time>
      </trkpt>
      <trkpt lat="50.21811666666667" lon="14.9017">
        <ele>334</ele>
        <time>2025-03-28T17:13:56Z</time>
      </trkpt>
      <trkpt lat="50.218016666666664" lon="14.901633333333333">
        <ele>334</ele>
        <time>2025-03-28T17:13:57Z</time>
      </trkpt>
      <trkpt lat="50.21791666666667" lon="14.90155">
        <ele>335</ele>
        <time>2025-03-28T17:13:58Z</time>
      </trkpt>
      <trkpt lat="50.217816666666664" lon="14.901483333333333">
        <ele>335</ele>
        <time>2025-03-28T17:13:59Z</time>
      </trkpt>
      <trkpt lat="50.21771666666667" lon="14.901416666666666">
        <ele>336</ele>
        <time>2025-03-28T17:14:00Z</time>
      </trkpt>
      <trkpt lat="50.217616666666665" lon="14.901333333333334">
        <ele>337</ele>
        <time>2025-03-28T17:14:01Z</time>
      </trkpt>
      <trkpt lat="50.21751666666667" lon="14.90125">
        <ele>337</ele>
        <time>2025-03-28T17:14:02Z</time>
      </trkpt>
      <trkpt lat="50.217416666666665" lon="14.901166666666667">
        <ele>337</ele>
        <time>2025-03-28T17:14:03Z</time>
      </trkpt>
      <trkpt lat="50.21731666666667" lon="14.9011">
        <ele>337</ele>
        <time>2025-03-28T17:14:04Z</time>
      </trkpt>
      <trkpt lat="50.217216666666666" lon="14.901016666666667">
        <ele>338</ele>
        <time>2025-03-28T17:14:05Z</time>
      </trkpt>
      <trkpt lat="50.21711666666667" lon="14.90095">
        <ele>338</ele>
        <time>2025-03-28T17:14:06Z</time>
      </trkpt>
      <trkpt lat="50.217016666666666" lon="14.900866666666667">
        <ele>338</ele>
        <time>2025-03-28T17:14:07Z</time>
      </trkpt>
      <trkpt lat="50.21691666666667" lon="14.900783333333333">
        <ele>339</ele>
        <time>2025-03-28T17:14:08Z</time>
      </trkpt>
      <trkpt lat="50.216816666666666" lon="14.9007">
        <ele>340</ele>
        <time>2025-03-28T17:14:09Z</time>
      </trkpt>
      <trkpt lat="50.21671666666667" lon="14.900633333333333">
        <ele>340</ele>
        <time>2025-03-28T17:14:10Z</time>
      </trkpt>
      <trkpt lat="50.21661666666667" lon="14.90055">
        <ele>341</ele>
        <time>2025-03-28T17:14:11Z</time>
      </trkpt>
      <trkpt lat="50.216516666666664" lon="14.900466666666667">
        <ele>341</ele>
        <time>2025-03-28T17:14:12Z</time>
      </trkpt>
      <trkpt lat="50.21641666666667" lon="14.9004">
        <ele>342</ele>
        <time>2025-03-28T17:14:13Z</time>
      </trkpt>
      <trkpt lat="50.216316666666664" lon="14.900316666666667">
        <ele>343</ele>
        <time>2025-03-28T17:14:14Z</time>
      </trkpt>
      <trkpt lat="50.21621666666667" lon="14.900233333333333">
        <ele>343</ele>
        <time>2025-03-28T17:14:15Z</time>
      </trkpt>
      <trkpt lat="50.2161" lon="14.90015">
        <ele>343</ele>
        <time>2025-03-28T17:14:16Z</time>
      </trkpt>
      <trkpt lat="50.216" lon="14.900083333333333">
        <ele>344</ele>
        <time>2025-03-28T17:14:17Z</time>
      </trkpt>
      <trkpt lat="50.2159" lon="14.900016666666666">
        <ele>344</ele>
        <time>2025-03-28T17:14:18Z</time>
      </trkpt>
      <trkpt lat="50.2158" lon="14.89995">
        <ele>345</ele>
        <time>2025-03-28T17:14:19Z</time>
      </trkpt>
      <trkpt lat="50.21568333333333" lon="14.899883333333333">
        <ele>345</ele>
        <time>2025-03-28T17:14:20Z</time>
      </trkpt>
      <trkpt lat="50.215583333333335" lon="14.8998">
        <ele>346</ele>
        <time>2025-03-28T17:14:21Z</time>
      </trkpt>
      <trkpt lat="50.21548333333333" lon="14.899733333333334">
        <ele>346</ele>
        <time>2025-03-28T17:14:22Z</time>
      </trkpt>
      <trkpt lat="50.215383333333335" lon="14.89965">
        <ele>346</ele>
        <time>2025-03-28T17:14:23Z</time>
      </trkpt>
      <trkpt lat="50.215266666666665" lon="14.8996">
        <ele>347</ele>
        <time>2025-03-28T17:14:24Z</time>
      </trkpt>
      <trkpt lat="50.21516666666667" lon="14.899533333333334">
        <ele>347</ele>
        <time>2025-03-28T17:14:25Z</time>
      </trkpt>
      <trkpt lat="50.21505" lon="14.899483333333333">
        <ele>348</ele>
        <time>2025-03-28T17:14:26Z</time>
      </trkpt>
      <trkpt lat="50.21495" lon="14.899433333333333">
        <ele>348</ele>
        <time>2025-03-28T17:14:27Z</time>
      </trkpt>
      <trkpt lat="50.21485" lon="14.899366666666667">
        <ele>349</ele>
        <time>2025-03-28T17:14:28Z</time>
      </trkpt>
      <trkpt lat="50.21475" lon="14.8993">
        <ele>349</ele>
        <time>2025-03-28T17:14:29Z</time>
      </trkpt>
      <trkpt lat="50.21463333333333" lon="14.89925">
        <ele>350</ele>
        <time>2025-03-28T17:14:30Z</time>
      </trkpt>
      <trkpt lat="50.214533333333335" lon="14.8992">
        <ele>350</ele>
        <time>2025-03-28T17:14:31Z</time>
      </trkpt>
      <trkpt lat="50.214416666666665" lon="14.89915">
        <ele>351</ele>
        <time>2025-03-28T17:14:32Z</time>
      </trkpt>
      <trkpt lat="50.2143" lon="14.899116666666666">
        <ele>351</ele>
        <time>2025-03-28T17:14:33Z</time>
      </trkpt>
      <trkpt lat="50.2142" lon="14.89905">
        <ele>352</ele>
        <time>2025-03-28T17:14:34Z</time>
      </trkpt>
      <trkpt lat="50.2141" lon="14.899">
        <ele>352</ele>
        <time>2025-03-28T17:14:35Z</time>
      </trkpt>
      <trkpt lat="50.214" lon="14.898933333333334">
        <ele>353</ele>
        <time>2025-03-28T17:14:36Z</time>
      </trkpt>
      <trkpt lat="50.213883333333335" lon="14.898866666666667">
        <ele>354</ele>
        <time>2025-03-28T17:14:37Z</time>
      </trkpt>
      <trkpt lat="50.21378333333333" lon="14.898816666666667">
        <ele>355</ele>
        <time>2025-03-28T17:14:38Z</time>
      </trkpt>
      <trkpt lat="50.213683333333336" lon="14.89875">
        <ele>355</ele>
        <time>2025-03-28T17:14:39Z</time>
      </trkpt>
      <trkpt lat="50.21358333333333" lon="14.898683333333333">
        <ele>356</ele>
        <time>2025-03-28T17:14:40Z</time>
      </trkpt>
      <trkpt lat="50.213483333333336" lon="14.898633333333333">
        <ele>356</ele>
        <time>2025-03-28T17:14:41Z</time>
      </trkpt>
      <trkpt lat="50.21338333333333" lon="14.898566666666667">
        <ele>356</ele>
        <time>2025-03-28T17:14:42Z</time>
      </trkpt>
      <trkpt lat="50.21326666666667" lon="14.898483333333333">
        <ele>357</ele>
        <time>2025-03-28T17:14:43Z</time>
      </trkpt>
      <trkpt lat="50.213166666666666" lon="14.898416666666666">
        <ele>357</ele>
        <time>2025-03-28T17:14:44Z</time>
      </trkpt>
      <trkpt lat="50.21306666666667" lon="14.89835">
        <ele>358</ele>
        <time>2025-03-28T17:14:45Z</time>
      </trkpt>
      <trkpt lat="50.21296666666667" lon="14.898283333333334">
        <ele>358</ele>
        <time>2025-03-28T17:14:46Z</time>
      </trkpt>
      <trkpt lat="50.21285" lon="14.898216666666666">
        <ele>359</ele>
        <time>2025-03-28T17:14:47Z</time>
      </trkpt>
      <trkpt lat="50.21275" lon="14.89815">
        <ele>359</ele>
        <time>2025-03-28T17:14:48Z</time>
      </trkpt>
      <trkpt lat="50.21265" lon="14.898083333333334">
        <ele>360</ele>
        <time>2025-03-28T17:14:49Z</time>
      </trkpt>
      <trkpt lat="50.21253333333333" lon="14.898016666666667">
        <ele>360</ele>
        <time>2025-03-28T17:14:50Z</time>
      </trkpt>
      <trkpt lat="50.21243333333334" lon="14.897966666666667">
        <ele>361</ele>
        <time>2025-03-28T17:14:51Z</time>
      </trkpt>
      <trkpt lat="50.21233333333333" lon="14.8979">
        <ele>361</ele>
        <time>2025-03-28T17:14:52Z</time>
      </trkpt>
      <trkpt lat="50.21223333333333" lon="14.89785">
        <ele>361</ele>
        <time>2025-03-28T17:14:53Z</time>
      </trkpt>
      <trkpt lat="50.212133333333334" lon="14.8978">
        <ele>361</ele>
        <time>2025-03-28T17:14:54Z</time>
      </trkpt>
      <trkpt lat="50.21201666666666" lon="14.897733333333333">
        <ele>362</ele>
        <time>2025-03-28T17:14:55Z</time>
      </trkpt>
      <trkpt lat="50.21191666666667" lon="14.897666666666666">
        <ele>362</ele>
        <time>2025-03-28T17:14:56Z</time>
      </trkpt>
      <trkpt lat="50.211816666666664" lon="14.897616666666666">
        <ele>363</ele>
        <time>2025-03-28T17:14:57Z</time>
      </trkpt>
      <trkpt lat="50.21171666666667" lon="14.897566666666666">
        <ele>363</ele>
        <time>2025-03-28T17:14:58Z</time>
      </trkpt>
      <trkpt lat="50.2116" lon="14.8975">
        <ele>364</ele>
        <time>2025-03-28T17:14:59Z</time>
      </trkpt>
      <trkpt lat="50.2115" lon="14.897433333333334">
        <ele>364</ele>
        <time>2025-03-28T17:15:00Z</time>
      </trkpt>
      <trkpt lat="50.2114" lon="14.89735">
        <ele>365</ele>
        <time>2025-03-28T17:15:01Z</time>
      </trkpt>
      <trkpt lat="50.2113" lon="14.897266666666667">
        <ele>365</ele>
        <time>2025-03-28T17:15:02Z</time>
      </trkpt>
      <trkpt lat="50.21118333333333" lon="14.8972">
        <ele>366</ele>
        <time>2025-03-28T17:15:03Z</time>
      </trkpt>
      <trkpt lat="50.211083333333335" lon="14.897116666666667">
        <ele>366</ele>
        <time>2025-03-28T17:15:04Z</time>
      </trkpt>
      <trkpt lat="50.210966666666664" lon="14.89705">
        <ele>367</ele>
        <time>2025-03-28T17:15:05Z</time>
      </trkpt>
      <trkpt lat="50.21086666666667" lon="14.897">
        <ele>367</ele>
        <time>2025-03-28T17:15:06Z</time>
      </trkpt>
      <trkpt lat="50.210766666666665" lon="14.896933333333333">
        <ele>368</ele>
        <time>2025-03-28T17:15:07Z</time>
      </trkpt>
      <trkpt lat="50.21066666666667" lon="14.896866666666666">
        <ele>368</ele>
        <time>2025-03-28T17:15:08Z</time>
      </trkpt>
      <trkpt lat="50.21055" lon="14.896816666666666">
        <ele>369</ele>
        <time>2025-03-28T17:15:09Z</time>
      </trkpt>
      <trkpt lat="50.21045" lon="14.89675">
        <ele>369</ele>
        <time>2025-03-28T17:15:10Z</time>
      </trkpt>
      <trkpt lat="50.21033333333333" lon="14.8967">
        <ele>370</ele>
        <time>2025-03-28T17:15:11Z</time>
      </trkpt>
      <trkpt lat="50.210233333333335" lon="14.896633333333334">
        <ele>370</ele>
        <time>2025-03-28T17:15:12Z</time>
      </trkpt>
      <trkpt lat="50.21013333333333" lon="14.896583333333334">
        <ele>371</ele>
        <time>2025-03-28T17:15:13Z</time>
      </trkpt>
      <trkpt lat="50.210033333333335" lon="14.896516666666667">
        <ele>372</ele>
        <time>2025-03-28T17:15:14Z</time>
      </trkpt>
      <trkpt lat="50.20993333333333" lon="14.896466666666667">
        <ele>372</ele>
        <time>2025-03-28T17:15:15Z</time>
      </trkpt>
      <trkpt lat="50.209833333333336" lon="14.8964">
        <ele>373</ele>
        <time>2025-03-28T17:15:16Z</time>
      </trkpt>
      <trkpt lat="50.209716666666665" lon="14.89635">
        <ele>373</ele>
        <time>2025-03-28T17:15:17Z</time>
      </trkpt>
      <trkpt lat="50.20961666666667" lon="14.896283333333333">
        <ele>374</ele>
        <time>2025-03-28T17:15:18Z</time>
      </trkpt>
      <trkpt lat="50.209516666666666" lon="14.896216666666668">
        <ele>375</ele>
        <time>2025-03-28T17:15:19Z</time>
      </trkpt>
      <trkpt lat="50.20941666666667" lon="14.89615">
        <ele>375</ele>
        <time>2025-03-28T17:15:20Z</time>
      </trkpt>
      <trkpt lat="50.2093" lon="14.896083333333333">
        <ele>376</ele>
        <time>2025-03-28T17:15:21Z</time>
      </trkpt>
      <trkpt lat="50.2092" lon="14.896033333333333">
        <ele>377</ele>
        <time>2025-03-28T17:15:22Z</time>
      </trkpt>
      <trkpt lat="50.2091" lon="14.895983333333334">
        <ele>377</ele>
        <time>2025-03-28T17:15:23Z</time>
      </trkpt>
      <trkpt lat="50.209" lon="14.895916666666666">
        <ele>378</ele>
        <time>2025-03-28T17:15:24Z</time>
      </trkpt>
      <trkpt lat="50.2089" lon="14.89585">
        <ele>378</ele>
        <time>2025-03-28T17:15:25Z</time>
      </trkpt>
      <trkpt lat="50.208783333333336" lon="14.895783333333334">
        <ele>379</ele>
        <time>2025-03-28T17:15:26Z</time>
      </trkpt>
      <trkpt lat="50.20868333333333" lon="14.895716666666667">
        <ele>379</ele>
        <time>2025-03-28T17:15:27Z</time>
      </trkpt>
      <trkpt lat="50.20858333333334" lon="14.89565">
        <ele>380</ele>
        <time>2025-03-28T17:15:28Z</time>
      </trkpt>
      <trkpt lat="50.208483333333334" lon="14.895583333333333">
        <ele>381</ele>
        <time>2025-03-28T17:15:29Z</time>
      </trkpt>
      <trkpt lat="50.20838333333333" lon="14.895516666666667">
        <ele>381</ele>
        <time>2025-03-28T17:15:30Z</time>
      </trkpt>
      <trkpt lat="50.208283333333334" lon="14.89545">
        <ele>382</ele>
        <time>2025-03-28T17:15:31Z</time>
      </trkpt>
      <trkpt lat="50.20818333333333" lon="14.895383333333333">
        <ele>383</ele>
        <time>2025-03-28T17:15:32Z</time>
      </trkpt>
      <trkpt lat="50.208083333333335" lon="14.8953">
        <ele>383</ele>
        <time>2025-03-28T17:15:33Z</time>
      </trkpt>
      <trkpt lat="50.20798333333333" lon="14.895216666666666">
        <ele>383</ele>
        <time>2025-03-28T17:15:34Z</time>
      </trkpt>
      <trkpt lat="50.20786666666667" lon="14.895133333333334">
        <ele>383</ele>
        <time>2025-03-28T17:15:35Z</time>
      </trkpt>
      <trkpt lat="50.207766666666664" lon="14.895066666666667">
        <ele>383</ele>
        <time>2025-03-28T17:15:36Z</time>
      </trkpt>
      <trkpt lat="50.20766666666667" lon="14.895">
        <ele>383</ele>
        <time>2025-03-28T17:15:37Z</time>
      </trkpt>
      <trkpt lat="50.207566666666665" lon="14.894933333333332">
        <ele>384</ele>
        <time>2025-03-28T17:15:38Z</time>
      </trkpt>
      <trkpt lat="50.20746666666667" lon="14.894883333333333">
        <ele>384</ele>
        <time>2025-03-28T17:15:39Z</time>
      </trkpt>
      <trkpt lat="50.20735" lon="14.894816666666667">
        <ele>384</ele>
        <time>2025-03-28T17:15:40Z</time>
      </trkpt>
      <trkpt lat="50.20725" lon="14.89475">
        <ele>385</ele>
        <time>2025-03-28T17:15:41Z</time>
      </trkpt>
      <trkpt lat="50.20715" lon="14.894683333333333">
        <ele>386</ele>
        <time>2025-03-28T17:15:42Z</time>
      </trkpt>
      <trkpt lat="50.20705" lon="14.894633333333333">
        <ele>386</ele>
        <time>2025-03-28T17:15:43Z</time>
      </trkpt>
      <trkpt lat="50.20695" lon="14.894566666666666">
        <ele>387</ele>
        <time>2025-03-28T17:15:44Z</time>
      </trkpt>
      <trkpt lat="50.20685" lon="14.8945">
        <ele>388</ele>
        <time>2025-03-28T17:15:45Z</time>
      </trkpt>
      <trkpt lat="50.20675" lon="14.89445">
        <ele>388</ele>
        <time>2025-03-28T17:15:46Z</time>
      </trkpt>
      <trkpt lat="50.20665" lon="14.894383333333334">
        <ele>389</ele>
        <time>2025-03-28T17:15:47Z</time>
      </trkpt>
      <trkpt lat="50.20653333333333" lon="14.894316666666667">
        <ele>389</ele>
        <time>2025-03-28T17:15:48Z</time>
      </trkpt>
      <trkpt lat="50.20643333333334" lon="14.89425">
        <ele>389</ele>
        <time>2025-03-28T17:15:49Z</time>
      </trkpt>
      <trkpt lat="50.20633333333333" lon="14.894183333333334">
        <ele>390</ele>
        <time>2025-03-28T17:15:50Z</time>
      </trkpt>
      <trkpt lat="50.20623333333333" lon="14.894133333333333">
        <ele>390</ele>
        <time>2025-03-28T17:15:51Z</time>
      </trkpt>
      <trkpt lat="50.206133333333334" lon="14.894066666666667">
        <ele>391</ele>
        <time>2025-03-28T17:15:52Z</time>
      </trkpt>
      <trkpt lat="50.20603333333333" lon="14.893983333333333">
        <ele>392</ele>
        <time>2025-03-28T17:15:53Z</time>
      </trkpt>
      <trkpt lat="50.205933333333334" lon="14.893916666666666">
        <ele>392</ele>
        <time>2025-03-28T17:15:54Z</time>
      </trkpt>
      <trkpt lat="50.20583333333333" lon="14.893816666666666">
        <ele>393</ele>
        <time>2025-03-28T17:15:55Z</time>
      </trkpt>
      <trkpt lat="50.205733333333335" lon="14.893716666666666">
        <ele>393</ele>
        <time>2025-03-28T17:15:56Z</time>
      </trkpt>
      <trkpt lat="50.205616666666664" lon="14.893633333333334">
        <ele>392</ele>
        <time>2025-03-28T17:15:57Z</time>
      </trkpt>
      <trkpt lat="50.20551666666667" lon="14.893566666666667">
        <ele>393</ele>
        <time>2025-03-28T17:15:58Z</time>
      </trkpt>
      <trkpt lat="50.205416666666665" lon="14.893483333333334">
        <ele>393</ele>
        <time>2025-03-28T17:15:59Z</time>
      </trkpt>
      <trkpt lat="50.20531666666667" lon="14.893416666666667">
        <ele>393</ele>
        <time>2025-03-28T17:16:00Z</time>
      </trkpt>
      <trkpt lat="50.205216666666665" lon="14.893333333333333">
        <ele>394</ele>
        <time>2025-03-28T17:16:01Z</time>
      </trkpt>
      <trkpt lat="50.205133333333336" lon="14.893266666666667">
        <ele>395</ele>
        <time>2025-03-28T17:16:02Z</time>
      </trkpt>
      <trkpt lat="50.20503333333333" lon="14.893183333333333">
        <ele>395</ele>
        <time>2025-03-28T17:16:03Z</time>
      </trkpt>
      <trkpt lat="50.20491666666667" lon="14.893116666666666">
        <ele>395</ele>
        <time>2025-03-28T17:16:04Z</time>
      </trkpt>
      <trkpt lat="50.204816666666666" lon="14.893033333333333">
        <ele>395</ele>
        <time>2025-03-28T17:16:05Z</time>
      </trkpt>
      <trkpt lat="50.20471666666667" lon="14.89295">
        <ele>395</ele>
        <time>2025-03-28T17:16:06Z</time>
      </trkpt>
      <trkpt lat="50.204616666666666" lon="14.89285">
        <ele>396</ele>
        <time>2025-03-28T17:16:07Z</time>
      </trkpt>
      <trkpt lat="50.20451666666666" lon="14.892766666666667">
        <ele>396</ele>
        <time>2025-03-28T17:16:08Z</time>
      </trkpt>
      <trkpt lat="50.20441666666667" lon="14.892683333333334">
        <ele>396</ele>
        <time>2025-03-28T17:16:09Z</time>
      </trkpt>
      <trkpt lat="50.204316666666664" lon="14.892583333333333">
        <ele>396</ele>
        <time>2025-03-28T17:16:10Z</time>
      </trkpt>
      <trkpt lat="50.2042" lon="14.892483333333333">
        <ele>395</ele>
        <time>2025-03-28T17:16:11Z</time>
      </trkpt>
      <trkpt lat="50.2041" lon="14.8924">
        <ele>395</ele>
        <time>2025-03-28T17:16:12Z</time>
      </trkpt>
      <trkpt lat="50.204" lon="14.8923">
        <ele>394</ele>
        <time>2025-03-28T17:16:13Z</time>
      </trkpt>
      <trkpt lat="50.2039" lon="14.892216666666666">
        <ele>394</ele>
        <time>2025-03-28T17:16:14Z</time>
      </trkpt>
      <trkpt lat="50.2038" lon="14.892116666666666">
        <ele>393</ele>
        <time>2025-03-28T17:16:15Z</time>
      </trkpt>
      <trkpt lat="50.20368333333333" lon="14.892033333333334">
        <ele>393</ele>
        <time>2025-03-28T17:16:16Z</time>
      </trkpt>
      <trkpt lat="50.203583333333334" lon="14.89195">
        <ele>393</ele>
        <time>2025-03-28T17:16:17Z</time>
      </trkpt>
      <trkpt lat="50.203466666666664" lon="14.891883333333332">
        <ele>392</ele>
        <time>2025-03-28T17:16:18Z</time>
      </trkpt>
      <trkpt lat="50.20336666666667" lon="14.8918">
        <ele>392</ele>
        <time>2025-03-28T17:16:19Z</time>
      </trkpt>
      <trkpt lat="50.203266666666664" lon="14.891716666666667">
        <ele>392</ele>
        <time>2025-03-28T17:16:20Z</time>
      </trkpt>
      <trkpt lat="50.20316666666667" lon="14.891633333333333">
        <ele>392</ele>
        <time>2025-03-28T17:16:21Z</time>
      </trkpt>
      <trkpt lat="50.203066666666665" lon="14.89155">
        <ele>392</ele>
        <time>2025-03-28T17:16:22Z</time>
      </trkpt>
      <trkpt lat="50.20295" lon="14.891483333333333">
        <ele>392</ele>
        <time>2025-03-28T17:16:23Z</time>
      </trkpt>
      <trkpt lat="50.20285" lon="14.891416666666666">
        <ele>392</ele>
        <time>2025-03-28T17:16:24Z</time>
      </trkpt>
      <trkpt lat="50.202733333333335" lon="14.891333333333334">
        <ele>391</ele>
        <time>2025-03-28T17:16:25Z</time>
      </trkpt>
      <trkpt lat="50.20263333333333" lon="14.891233333333334">
        <ele>391</ele>
        <time>2025-03-28T17:16:26Z</time>
      </trkpt>
      <trkpt lat="50.202533333333335" lon="14.891133333333334">
        <ele>391</ele>
        <time>2025-03-28T17:16:27Z</time>
      </trkpt>
      <trkpt lat="50.20243333333333" lon="14.89105">
        <ele>391</ele>
        <time>2025-03-28T17:16:28Z</time>
      </trkpt>
      <trkpt lat="50.20231666666667" lon="14.89095">
        <ele>391</ele>
        <time>2025-03-28T17:16:29Z</time>
      </trkpt>
      <trkpt lat="50.202216666666665" lon="14.890883333333333">
        <ele>391</ele>
        <time>2025-03-28T17:16:30Z</time>
      </trkpt>
      <trkpt lat="50.2021" lon="14.890816666666666">
        <ele>391</ele>
        <time>2025-03-28T17:16:31Z</time>
      </trkpt>
      <trkpt lat="50.202" lon="14.890733333333333">
        <ele>391</ele>
        <time>2025-03-28T17:16:32Z</time>
      </trkpt>
      <trkpt lat="50.201883333333335" lon="14.890633333333334">
        <ele>390</ele>
        <time>2025-03-28T17:16:33Z</time>
      </trkpt>
      <trkpt lat="50.201766666666664" lon="14.890566666666667">
        <ele>390</ele>
        <time>2025-03-28T17:16:34Z</time>
      </trkpt>
      <trkpt lat="50.20166666666667" lon="14.890466666666667">
        <ele>390</ele>
        <time>2025-03-28T17:16:35Z</time>
      </trkpt>
      <trkpt lat="50.201566666666665" lon="14.890383333333334">
        <ele>390</ele>
        <time>2025-03-28T17:16:36Z</time>
      </trkpt>
      <trkpt lat="50.20146666666667" lon="14.890283333333333">
        <ele>390</ele>
        <time>2025-03-28T17:16:37Z</time>
      </trkpt>
      <trkpt lat="50.201366666666665" lon="14.890216666666667">
        <ele>390</ele>
        <time>2025-03-28T17:16:38Z</time>
      </trkpt>
      <trkpt lat="50.20125" lon="14.890116666666666">
        <ele>390</ele>
        <time>2025-03-28T17:16:39Z</time>
      </trkpt>
      <trkpt lat="50.20115" lon="14.890033333333333">
        <ele>390</ele>
        <time>2025-03-28T17:16:40Z</time>
      </trkpt>
      <trkpt lat="50.201033333333335" lon="14.889966666666666">
        <ele>389</ele>
        <time>2025-03-28T17:16:41Z</time>
      </trkpt>
      <trkpt lat="50.20093333333333" lon="14.8899">
        <ele>390</ele>
        <time>2025-03-28T17:16:42Z</time>
      </trkpt>
      <trkpt lat="50.200833333333335" lon="14.889816666666666">
        <ele>390</ele>
        <time>2025-03-28T17:16:43Z</time>
      </trkpt>
      <trkpt lat="50.200716666666665" lon="14.88975">
        <ele>389</ele>
        <time>2025-03-28T17:16:44Z</time>
      </trkpt>
      <trkpt lat="50.20061666666667" lon="14.889666666666667">
        <ele>389</ele>
        <time>2025-03-28T17:16:45Z</time>
      </trkpt>
      <trkpt lat="50.200516666666665" lon="14.889566666666667">
        <ele>389</ele>
        <time>2025-03-28T17:16:46Z</time>
      </trkpt>
      <trkpt lat="50.2004" lon="14.8895">
        <ele>388</ele>
        <time>2025-03-28T17:16:47Z</time>
      </trkpt>
      <trkpt lat="50.2003" lon="14.889433333333333">
        <ele>388</ele>
        <time>2025-03-28T17:16:48Z</time>
      </trkpt>
      <trkpt lat="50.200183333333335" lon="14.889366666666668">
        <ele>388</ele>
        <time>2025-03-28T17:16:49Z</time>
      </trkpt>
      <trkpt lat="50.20008333333333" lon="14.889283333333333">
        <ele>388</ele>
        <time>2025-03-28T17:16:50Z</time>
      </trkpt>
      <trkpt lat="50.199983333333336" lon="14.8892">
        <ele>388</ele>
        <time>2025-03-28T17:16:51Z</time>
      </trkpt>
      <trkpt lat="50.199866666666665" lon="14.889133333333334">
        <ele>388</ele>
        <time>2025-03-28T17:16:52Z</time>
      </trkpt>
      <trkpt lat="50.19976666666667" lon="14.88905">
        <ele>388</ele>
        <time>2025-03-28T17:16:53Z</time>
      </trkpt>
      <trkpt lat="50.19965" lon="14.889">
        <ele>387</ele>
        <time>2025-03-28T17:16:54Z</time>
      </trkpt>
      <trkpt lat="50.199533333333335" lon="14.888916666666667">
        <ele>387</ele>
        <time>2025-03-28T17:16:55Z</time>
      </trkpt>
      <trkpt lat="50.19943333333333" lon="14.888833333333332">
        <ele>387</ele>
        <time>2025-03-28T17:16:56Z</time>
      </trkpt>
      <trkpt lat="50.19931666666667" lon="14.888766666666667">
        <ele>387</ele>
        <time>2025-03-28T17:16:57Z</time>
      </trkpt>
      <trkpt lat="50.199216666666665" lon="14.888716666666667">
        <ele>386</ele>
        <time>2025-03-28T17:16:58Z</time>
      </trkpt>
      <trkpt lat="50.1991" lon="14.888633333333333">
        <ele>386</ele>
        <time>2025-03-28T17:16:59Z</time>
      </trkpt>
      <trkpt lat="50.19898333333333" lon="14.888566666666666">
        <ele>386</ele>
        <time>2025-03-28T17:17:00Z</time>
      </trkpt>
      <trkpt lat="50.198883333333335" lon="14.8885">
        <ele>385</ele>
        <time>2025-03-28T17:17:01Z</time>
      </trkpt>
      <trkpt lat="50.198766666666664" lon="14.88845">
        <ele>385</ele>
        <time>2025-03-28T17:17:02Z</time>
      </trkpt>
      <trkpt lat="50.19866666666667" lon="14.888383333333334">
        <ele>386</ele>
        <time>2025-03-28T17:17:03Z</time>
      </trkpt>
      <trkpt lat="50.198566666666665" lon="14.888316666666666">
        <ele>386</ele>
        <time>2025-03-28T17:17:04Z</time>
      </trkpt>
      <trkpt lat="50.19845" lon="14.88825">
        <ele>385</ele>
        <time>2025-03-28T17:17:05Z</time>
      </trkpt>
      <trkpt lat="50.19833333333333" lon="14.888183333333334">
        <ele>385</ele>
        <time>2025-03-28T17:17:06Z</time>
      </trkpt>
      <trkpt lat="50.19821666666667" lon="14.888116666666667">
        <ele>385</ele>
        <time>2025-03-28T17:17:07Z</time>
      </trkpt>
      <trkpt lat="50.1981" lon="14.888033333333333">
        <ele>385</ele>
        <time>2025-03-28T17:17:08Z</time>
      </trkpt>
      <trkpt lat="50.19798333333333" lon="14.88795">
        <ele>385</ele>
        <time>2025-03-28T17:17:09Z</time>
      </trkpt>
      <trkpt lat="50.19788333333333" lon="14.887883333333333">
        <ele>384</ele>
        <time>2025-03-28T17:17:10Z</time>
      </trkpt>
      <trkpt lat="50.197783333333334" lon="14.8878">
        <ele>384</ele>
        <time>2025-03-28T17:17:11Z</time>
      </trkpt>
      <trkpt lat="50.19766666666666" lon="14.887733333333333">
        <ele>384</ele>
        <time>2025-03-28T17:17:12Z</time>
      </trkpt>
      <trkpt lat="50.19755" lon="14.88765">
        <ele>385</ele>
        <time>2025-03-28T17:17:13Z</time>
      </trkpt>
      <trkpt lat="50.19745" lon="14.887583333333334">
        <ele>385</ele>
        <time>2025-03-28T17:17:14Z</time>
      </trkpt>
      <trkpt lat="50.19733333333333" lon="14.887516666666667">
        <ele>385</ele>
        <time>2025-03-28T17:17:15Z</time>
      </trkpt>
      <trkpt lat="50.19723333333334" lon="14.887433333333334">
        <ele>385</ele>
        <time>2025-03-28T17:17:16Z</time>
      </trkpt>
      <trkpt lat="50.197116666666666" lon="14.88735">
        <ele>385</ele>
        <time>2025-03-28T17:17:17Z</time>
      </trkpt>
      <trkpt lat="50.19701666666667" lon="14.887266666666667">
        <ele>385</ele>
        <time>2025-03-28T17:17:18Z</time>
      </trkpt>
      <trkpt lat="50.19691666666667" lon="14.8872">
        <ele>385</ele>
        <time>2025-03-28T17:17:19Z</time>
      </trkpt>
      <trkpt lat="50.1968" lon="14.887133333333333">
        <ele>385</ele>
        <time>2025-03-28T17:17:20Z</time>
      </trkpt>
      <trkpt lat="50.1967" lon="14.887066666666666">
        <ele>385</ele>
        <time>2025-03-28T17:17:21Z</time>
      </trkpt>
      <trkpt lat="50.196583333333336" lon="14.887">
        <ele>386</ele>
        <time>2025-03-28T17:17:22Z</time>
      </trkpt>
      <trkpt lat="50.19648333333333" lon="14.886933333333333">
        <ele>386</ele>
        <time>2025-03-28T17:17:23Z</time>
      </trkpt>
      <trkpt lat="50.19638333333333" lon="14.886866666666666">
        <ele>386</ele>
        <time>2025-03-28T17:17:24Z</time>
      </trkpt>
      <trkpt lat="50.196283333333334" lon="14.886783333333334">
        <ele>386</ele>
        <time>2025-03-28T17:17:25Z</time>
      </trkpt>
      <trkpt lat="50.19616666666667" lon="14.886716666666667">
        <ele>387</ele>
        <time>2025-03-28T17:17:26Z</time>
      </trkpt>
      <trkpt lat="50.19606666666667" lon="14.88665">
        <ele>387</ele>
        <time>2025-03-28T17:17:27Z</time>
      </trkpt>
      <trkpt lat="50.19596666666666" lon="14.886566666666667">
        <ele>387</ele>
        <time>2025-03-28T17:17:28Z</time>
      </trkpt>
      <trkpt lat="50.19586666666667" lon="14.886483333333333">
        <ele>387</ele>
        <time>2025-03-28T17:17:29Z</time>
      </trkpt>
      <trkpt lat="50.19575" lon="14.8864">
        <ele>387</ele>
        <time>2025-03-28T17:17:30Z</time>
      </trkpt>
      <trkpt lat="50.19565" lon="14.886333333333333">
        <ele>387</ele>
        <time>2025-03-28T17:17:31Z</time>
      </trkpt>
      <trkpt lat="50.19553333333333" lon="14.88625">
        <ele>387</ele>
        <time>2025-03-28T17:17:32Z</time>
      </trkpt>
      <trkpt lat="50.19541666666667" lon="14.886166666666666">
        <ele>388</ele>
        <time>2025-03-28T17:17:33Z</time>
      </trkpt>
      <trkpt lat="50.19531666666666" lon="14.886083333333334">
        <ele>388</ele>
        <time>2025-03-28T17:17:34Z</time>
      </trkpt>
      <trkpt lat="50.19521666666667" lon="14.886016666666666">
        <ele>388</ele>
        <time>2025-03-28T17:17:35Z</time>
      </trkpt>
      <trkpt lat="50.1951" lon="14.885933333333334">
        <ele>388</ele>
        <time>2025-03-28T17:17:36Z</time>
      </trkpt>
      <trkpt lat="50.195" lon="14.885866666666667">
        <ele>388</ele>
        <time>2025-03-28T17:17:37Z</time>
      </trkpt>
      <trkpt lat="50.1949" lon="14.885766666666667">
        <ele>388</ele>
        <time>2025-03-28T17:17:38Z</time>
      </trkpt>
      <trkpt lat="50.19478333333333" lon="14.885683333333333">
        <ele>388</ele>
        <time>2025-03-28T17:17:39Z</time>
      </trkpt>
      <trkpt lat="50.19468333333333" lon="14.885616666666667">
        <ele>388</ele>
        <time>2025-03-28T17:17:40Z</time>
      </trkpt>
      <trkpt lat="50.19456666666667" lon="14.885533333333333">
        <ele>389</ele>
        <time>2025-03-28T17:17:41Z</time>
      </trkpt>
      <trkpt lat="50.19446666666666" lon="14.885466666666666">
        <ele>389</ele>
        <time>2025-03-28T17:17:42Z</time>
      </trkpt>
      <trkpt lat="50.19435" lon="14.885383333333333">
        <ele>389</ele>
        <time>2025-03-28T17:17:43Z</time>
      </trkpt>
      <trkpt lat="50.19425" lon="14.8853">
        <ele>389</ele>
        <time>2025-03-28T17:17:44Z</time>
      </trkpt>
      <trkpt lat="50.19413333333333" lon="14.885216666666667">
        <ele>389</ele>
        <time>2025-03-28T17:17:45Z</time>
      </trkpt>
      <trkpt lat="50.19403333333333" lon="14.88515">
        <ele>389</ele>
        <time>2025-03-28T17:17:46Z</time>
      </trkpt>
      <trkpt lat="50.193933333333334" lon="14.885066666666667">
        <ele>389</ele>
        <time>2025-03-28T17:17:47Z</time>
      </trkpt>
      <trkpt lat="50.19381666666666" lon="14.885">
        <ele>389</ele>
        <time>2025-03-28T17:17:48Z</time>
      </trkpt>
      <trkpt lat="50.19371666666667" lon="14.8849">
        <ele>389</ele>
        <time>2025-03-28T17:17:49Z</time>
      </trkpt>
      <trkpt lat="50.1936" lon="14.884833333333333">
        <ele>390</ele>
        <time>2025-03-28T17:17:50Z</time>
      </trkpt>
      <trkpt lat="50.19348333333333" lon="14.88475">
        <ele>390</ele>
        <time>2025-03-28T17:17:51Z</time>
      </trkpt>
      <trkpt lat="50.19336666666667" lon="14.884666666666666">
        <ele>390</ele>
        <time>2025-03-28T17:17:52Z</time>
      </trkpt>
      <trkpt lat="50.193266666666666" lon="14.884583333333333">
        <ele>390</ele>
        <time>2025-03-28T17:17:53Z</time>
      </trkpt>
      <trkpt lat="50.19316666666667" lon="14.8845">
        <ele>390</ele>
        <time>2025-03-28T17:17:54Z</time>
      </trkpt>
      <trkpt lat="50.19305" lon="14.8844">
        <ele>390</ele>
        <time>2025-03-28T17:17:55Z</time>
      </trkpt>
      <trkpt lat="50.19295" lon="14.8843">
        <ele>390</ele>
        <time>2025-03-28T17:17:56Z</time>
      </trkpt>
      <trkpt lat="50.19285" lon="14.8842">
        <ele>390</ele>
        <time>2025-03-28T17:17:57Z</time>
      </trkpt>
      <trkpt lat="50.19275" lon="14.884083333333333">
        <ele>390</ele>
        <time>2025-03-28T17:17:58Z</time>
      </trkpt>
      <trkpt lat="50.19265" lon="14.883983333333333">
        <ele>390</ele>
        <time>2025-03-28T17:17:59Z</time>
      </trkpt>
      <trkpt lat="50.19255" lon="14.883883333333333">
        <ele>390</ele>
        <time>2025-03-28T17:18:00Z</time>
      </trkpt>
      <trkpt lat="50.19245" lon="14.883766666666666">
        <ele>390</ele>
        <time>2025-03-28T17:18:01Z</time>
      </trkpt>
      <trkpt lat="50.19233333333333" lon="14.883666666666667">
        <ele>391</ele>
        <time>2025-03-28T17:18:02Z</time>
      </trkpt>
      <trkpt lat="50.192233333333334" lon="14.88355">
        <ele>390</ele>
        <time>2025-03-28T17:18:03Z</time>
      </trkpt>
      <trkpt lat="50.19213333333333" lon="14.883433333333333">
        <ele>390</ele>
        <time>2025-03-28T17:18:04Z</time>
      </trkpt>
      <trkpt lat="50.192033333333335" lon="14.883316666666667">
        <ele>390</ele>
        <time>2025-03-28T17:18:05Z</time>
      </trkpt>
      <trkpt lat="50.19195" lon="14.883216666666666">
        <ele>390</ele>
        <time>2025-03-28T17:18:06Z</time>
      </trkpt>
      <trkpt lat="50.19185" lon="14.883083333333333">
        <ele>390</ele>
        <time>2025-03-28T17:18:07Z</time>
      </trkpt>
      <trkpt lat="50.19173333333333" lon="14.882966666666666">
        <ele>390</ele>
        <time>2025-03-28T17:18:08Z</time>
      </trkpt>
      <trkpt lat="50.191633333333336" lon="14.88285">
        <ele>390</ele>
        <time>2025-03-28T17:18:09Z</time>
      </trkpt>
      <trkpt lat="50.19153333333333" lon="14.882733333333332">
        <ele>390</ele>
        <time>2025-03-28T17:18:10Z</time>
      </trkpt>
      <trkpt lat="50.191433333333336" lon="14.882616666666667">
        <ele>390</ele>
        <time>2025-03-28T17:18:11Z</time>
      </trkpt>
      <trkpt lat="50.19133333333333" lon="14.8825">
        <ele>390</ele>
        <time>2025-03-28T17:18:12Z</time>
      </trkpt>
      <trkpt lat="50.19123333333334" lon="14.882366666666666">
        <ele>390</ele>
        <time>2025-03-28T17:18:13Z</time>
      </trkpt>
      <trkpt lat="50.19113333333333" lon="14.882266666666666">
        <ele>391</ele>
        <time>2025-03-28T17:18:14Z</time>
      </trkpt>
      <trkpt lat="50.19103333333333" lon="14.882166666666667">
        <ele>391</ele>
        <time>2025-03-28T17:18:15Z</time>
      </trkpt>
      <trkpt lat="50.190916666666666" lon="14.882083333333334">
        <ele>391</ele>
        <time>2025-03-28T17:18:16Z</time>
      </trkpt>
      <trkpt lat="50.19081666666667" lon="14.881983333333332">
        <ele>391</ele>
        <time>2025-03-28T17:18:17Z</time>
      </trkpt>
      <trkpt lat="50.19071666666667" lon="14.881883333333333">
        <ele>391</ele>
        <time>2025-03-28T17:18:18Z</time>
      </trkpt>
      <trkpt lat="50.1906" lon="14.881783333333333">
        <ele>391</ele>
        <time>2025-03-28T17:18:19Z</time>
      </trkpt>
      <trkpt lat="50.1905" lon="14.881666666666666">
        <ele>391</ele>
        <time>2025-03-28T17:18:20Z</time>
      </trkpt>
      <trkpt lat="50.1904" lon="14.881566666666666">
        <ele>391</ele>
        <time>2025-03-28T17:18:21Z</time>
      </trkpt>
      <trkpt lat="50.19028333333333" lon="14.881483333333334">
        <ele>391</ele>
        <time>2025-03-28T17:18:22Z</time>
      </trkpt>
      <trkpt lat="50.19018333333333" lon="14.881383333333334">
        <ele>391</ele>
        <time>2025-03-28T17:18:23Z</time>
      </trkpt>
      <trkpt lat="50.190083333333334" lon="14.8813">
        <ele>391</ele>
        <time>2025-03-28T17:18:24Z</time>
      </trkpt>
      <trkpt lat="50.18996666666666" lon="14.881216666666667">
        <ele>391</ele>
        <time>2025-03-28T17:18:25Z</time>
      </trkpt>
      <trkpt lat="50.18985" lon="14.881116666666667">
        <ele>391</ele>
        <time>2025-03-28T17:18:26Z</time>
      </trkpt>
      <trkpt lat="50.18975" lon="14.881016666666667">
        <ele>391</ele>
        <time>2025-03-28T17:18:27Z</time>
      </trkpt>
      <trkpt lat="50.18965" lon="14.8809">
        <ele>391</ele>
        <time>2025-03-28T17:18:28Z</time>
      </trkpt>
      <trkpt lat="50.18953333333333" lon="14.8808">
        <ele>391</ele>
        <time>2025-03-28T17:18:29Z</time>
      </trkpt>
      <trkpt lat="50.189433333333334" lon="14.8807">
        <ele>391</ele>
        <time>2025-03-28T17:18:30Z</time>
      </trkpt>
      <trkpt lat="50.18933333333333" lon="14.880616666666667">
        <ele>391</ele>
        <time>2025-03-28T17:18:31Z</time>
      </trkpt>
      <trkpt lat="50.189233333333334" lon="14.880516666666667">
        <ele>391</ele>
        <time>2025-03-28T17:18:32Z</time>
      </trkpt>
      <trkpt lat="50.18913333333333" lon="14.880416666666667">
        <ele>391</ele>
        <time>2025-03-28T17:18:33Z</time>
      </trkpt>
      <trkpt lat="50.18901666666667" lon="14.880333333333333">
        <ele>391</ele>
        <time>2025-03-28T17:18:34Z</time>
      </trkpt>
      <trkpt lat="50.188916666666664" lon="14.880233333333333">
        <ele>392</ele>
        <time>2025-03-28T17:18:35Z</time>
      </trkpt>
      <trkpt lat="50.1888" lon="14.88015">
        <ele>392</ele>
        <time>2025-03-28T17:18:36Z</time>
      </trkpt>
      <trkpt lat="50.1887" lon="14.880066666666666">
        <ele>392</ele>
        <time>2025-03-28T17:18:37Z</time>
      </trkpt>
      <trkpt lat="50.188583333333334" lon="14.879983333333334">
        <ele>391</ele>
        <time>2025-03-28T17:18:38Z</time>
      </trkpt>
      <trkpt lat="50.18848333333333" lon="14.8799">
        <ele>392</ele>
        <time>2025-03-28T17:18:39Z</time>
      </trkpt>
      <trkpt lat="50.18836666666667" lon="14.8798">
        <ele>392</ele>
        <time>2025-03-28T17:18:40Z</time>
      </trkpt>
      <trkpt lat="50.188266666666664" lon="14.879716666666667">
        <ele>392</ele>
        <time>2025-03-28T17:18:41Z</time>
      </trkpt>
      <trkpt lat="50.18815" lon="14.879633333333333">
        <ele>392</ele>
        <time>2025-03-28T17:18:42Z</time>
      </trkpt>
      <trkpt lat="50.18805" lon="14.879566666666667">
        <ele>392</ele>
        <time>2025-03-28T17:18:43Z</time>
      </trkpt>
      <trkpt lat="50.18795" lon="14.879483333333333">
        <ele>392</ele>
        <time>2025-03-28T17:18:44Z</time>
      </trkpt>
      <trkpt lat="50.18783333333333" lon="14.8794">
        <ele>393</ele>
        <time>2025-03-28T17:18:45Z</time>
      </trkpt>
      <trkpt lat="50.18771666666667" lon="14.879333333333333">
        <ele>393</ele>
        <time>2025-03-28T17:18:46Z</time>
      </trkpt>
      <trkpt lat="50.18761666666666" lon="14.87925">
        <ele>393</ele>
        <time>2025-03-28T17:18:47Z</time>
      </trkpt>
      <trkpt lat="50.1875" lon="14.879166666666666">
        <ele>393</ele>
        <time>2025-03-28T17:18:48Z</time>
      </trkpt>
      <trkpt lat="50.18738333333334" lon="14.879083333333334">
        <ele>393</ele>
        <time>2025-03-28T17:18:49Z</time>
      </trkpt>
      <trkpt lat="50.18728333333333" lon="14.879">
        <ele>393</ele>
        <time>2025-03-28T17:18:50Z</time>
      </trkpt>
      <trkpt lat="50.18718333333333" lon="14.878916666666667">
        <ele>393</ele>
        <time>2025-03-28T17:18:51Z</time>
      </trkpt>
      <trkpt lat="50.18706666666667" lon="14.87885">
        <ele>393</ele>
        <time>2025-03-28T17:18:52Z</time>
      </trkpt>
      <trkpt lat="50.18696666666666" lon="14.87875">
        <ele>393</ele>
        <time>2025-03-28T17:18:53Z</time>
      </trkpt>
      <trkpt lat="50.18685" lon="14.878683333333333">
        <ele>393</ele>
        <time>2025-03-28T17:18:54Z</time>
      </trkpt>
      <trkpt lat="50.18675" lon="14.8786">
        <ele>393</ele>
        <time>2025-03-28T17:18:55Z</time>
      </trkpt>
      <trkpt lat="50.18663333333333" lon="14.8785">
        <ele>393</ele>
        <time>2025-03-28T17:18:56Z</time>
      </trkpt>
      <trkpt lat="50.18653333333334" lon="14.878433333333334">
        <ele>393</ele>
        <time>2025-03-28T17:18:57Z</time>
      </trkpt>
      <trkpt lat="50.186416666666666" lon="14.878333333333334">
        <ele>393</ele>
        <time>2025-03-28T17:18:58Z</time>
      </trkpt>
      <trkpt lat="50.1863" lon="14.87825">
        <ele>393</ele>
        <time>2025-03-28T17:18:59Z</time>
      </trkpt>
      <trkpt lat="50.1862" lon="14.878166666666667">
        <ele>394</ele>
        <time>2025-03-28T17:19:00Z</time>
      </trkpt>
      <trkpt lat="50.186083333333336" lon="14.878083333333333">
        <ele>394</ele>
        <time>2025-03-28T17:19:01Z</time>
      </trkpt>
      <trkpt lat="50.18598333333333" lon="14.877983333333333">
        <ele>394</ele>
        <time>2025-03-28T17:19:02Z</time>
      </trkpt>
      <trkpt lat="50.18588333333334" lon="14.877883333333333">
        <ele>394</ele>
        <time>2025-03-28T17:19:03Z</time>
      </trkpt>
      <trkpt lat="50.185766666666666" lon="14.877783333333333">
        <ele>394</ele>
        <time>2025-03-28T17:19:04Z</time>
      </trkpt>
      <trkpt lat="50.18566666666667" lon="14.8777">
        <ele>394</ele>
        <time>2025-03-28T17:19:05Z</time>
      </trkpt>
      <trkpt lat="50.18555" lon="14.8776">
        <ele>394</ele>
        <time>2025-03-28T17:19:06Z</time>
      </trkpt>
      <trkpt lat="50.18545" lon="14.877516666666667">
        <ele>394</ele>
        <time>2025-03-28T17:19:07Z</time>
      </trkpt>
      <trkpt lat="50.18535" lon="14.877416666666667">
        <ele>394</ele>
        <time>2025-03-28T17:19:08Z</time>
      </trkpt>
      <trkpt lat="50.185233333333336" lon="14.877333333333333">
        <ele>394</ele>
        <time>2025-03-28T17:19:09Z</time>
      </trkpt>
      <trkpt lat="50.18513333333333" lon="14.87725">
        <ele>395</ele>
        <time>2025-03-28T17:19:10Z</time>
      </trkpt>
      <trkpt lat="50.18501666666667" lon="14.87715">
        <ele>395</ele>
        <time>2025-03-28T17:19:11Z</time>
      </trkpt>
      <trkpt lat="50.184916666666666" lon="14.877066666666666">
        <ele>395</ele>
        <time>2025-03-28T17:19:12Z</time>
      </trkpt>
      <trkpt lat="50.1848" lon="14.876983333333333">
        <ele>395</ele>
        <time>2025-03-28T17:19:13Z</time>
      </trkpt>
      <trkpt lat="50.1847" lon="14.876883333333334">
        <ele>395</ele>
        <time>2025-03-28T17:19:14Z</time>
      </trkpt>
      <trkpt lat="50.1846" lon="14.8768">
        <ele>395</ele>
        <time>2025-03-28T17:19:15Z</time>
      </trkpt>
      <trkpt lat="50.1845" lon="14.876716666666667">
        <ele>395</ele>
        <time>2025-03-28T17:19:16Z</time>
      </trkpt>
      <trkpt lat="50.18438333333334" lon="14.876633333333332">
        <ele>396</ele>
        <time>2025-03-28T17:19:17Z</time>
      </trkpt>
      <trkpt lat="50.18428333333333" lon="14.87655">
        <ele>396</ele>
        <time>2025-03-28T17:19:18Z</time>
      </trkpt>
      <trkpt lat="50.18418333333333" lon="14.876466666666667">
        <ele>396</ele>
        <time>2025-03-28T17:19:19Z</time>
      </trkpt>
      <trkpt lat="50.184066666666666" lon="14.876383333333333">
        <ele>396</ele>
        <time>2025-03-28T17:19:20Z</time>
      </trkpt>
      <trkpt lat="50.18396666666667" lon="14.876283333333333">
        <ele>396</ele>
        <time>2025-03-28T17:19:21Z</time>
      </trkpt>
      <trkpt lat="50.18386666666667" lon="14.876216666666666">
        <ele>396</ele>
        <time>2025-03-28T17:19:22Z</time>
      </trkpt>
      <trkpt lat="50.18375" lon="14.876133333333334">
        <ele>397</ele>
        <time>2025-03-28T17:19:23Z</time>
      </trkpt>
      <trkpt lat="50.18365" lon="14.87605">
        <ele>397</ele>
        <time>2025-03-28T17:19:24Z</time>
      </trkpt>
      <trkpt lat="50.18353333333334" lon="14.87595">
        <ele>397</ele>
        <time>2025-03-28T17:19:25Z</time>
      </trkpt>
      <trkpt lat="50.18343333333333" lon="14.875866666666667">
        <ele>397</ele>
        <time>2025-03-28T17:19:26Z</time>
      </trkpt>
      <trkpt lat="50.18331666666667" lon="14.875766666666667">
        <ele>398</ele>
        <time>2025-03-28T17:19:27Z</time>
      </trkpt>
      <trkpt lat="50.18321666666667" lon="14.875666666666667">
        <ele>398</ele>
        <time>2025-03-28T17:19:28Z</time>
      </trkpt>
      <trkpt lat="50.18311666666666" lon="14.875583333333333">
        <ele>398</ele>
        <time>2025-03-28T17:19:29Z</time>
      </trkpt>
      <trkpt lat="50.183" lon="14.875483333333333">
        <ele>398</ele>
        <time>2025-03-28T17:19:30Z</time>
      </trkpt>
      <trkpt lat="50.1829" lon="14.875383333333334">
        <ele>398</ele>
        <time>2025-03-28T17:19:31Z</time>
      </trkpt>
      <trkpt lat="50.1828" lon="14.8753">
        <ele>398</ele>
        <time>2025-03-28T17:19:32Z</time>
      </trkpt>
      <trkpt lat="50.1827" lon="14.875216666666667">
        <ele>398</ele>
        <time>2025-03-28T17:19:33Z</time>
      </trkpt>
      <trkpt lat="50.1826" lon="14.875116666666667">
        <ele>398</ele>
        <time>2025-03-28T17:19:34Z</time>
      </trkpt>
      <trkpt lat="50.18248333333333" lon="14.875016666666667">
        <ele>398</ele>
        <time>2025-03-28T17:19:35Z</time>
      </trkpt>
      <trkpt lat="50.182383333333334" lon="14.874916666666667">
        <ele>398</ele>
        <time>2025-03-28T17:19:36Z</time>
      </trkpt>
      <trkpt lat="50.18228333333333" lon="14.874816666666666">
        <ele>399</ele>
        <time>2025-03-28T17:19:37Z</time>
      </trkpt>
      <trkpt lat="50.182183333333334" lon="14.874716666666666">
        <ele>399</ele>
        <time>2025-03-28T17:19:38Z</time>
      </trkpt>
      <trkpt lat="50.182066666666664" lon="14.874616666666666">
        <ele>399</ele>
        <time>2025-03-28T17:19:39Z</time>
      </trkpt>
      <trkpt lat="50.18196666666667" lon="14.874516666666667">
        <ele>399</ele>
        <time>2025-03-28T17:19:40Z</time>
      </trkpt>
      <trkpt lat="50.181866666666664" lon="14.874416666666667">
        <ele>400</ele>
        <time>2025-03-28T17:19:41Z</time>
      </trkpt>
      <trkpt lat="50.18175" lon="14.874316666666667">
        <ele>400</ele>
        <time>2025-03-28T17:19:42Z</time>
      </trkpt>
      <trkpt lat="50.18165" lon="14.874216666666667">
        <ele>401</ele>
        <time>2025-03-28T17:19:43Z</time>
      </trkpt>
      <trkpt lat="50.18155" lon="14.874133333333333">
        <ele>401</ele>
        <time>2025-03-28T17:19:44Z</time>
      </trkpt>
      <trkpt lat="50.18145" lon="14.874016666666666">
        <ele>401</ele>
        <time>2025-03-28T17:19:45Z</time>
      </trkpt>
      <trkpt lat="50.181333333333335" lon="14.873916666666666">
        <ele>402</ele>
        <time>2025-03-28T17:19:46Z</time>
      </trkpt>
      <trkpt lat="50.18123333333333" lon="14.873833333333334">
        <ele>402</ele>
        <time>2025-03-28T17:19:47Z</time>
      </trkpt>
      <trkpt lat="50.181133333333335" lon="14.873733333333334">
        <ele>402</ele>
        <time>2025-03-28T17:19:48Z</time>
      </trkpt>
      <trkpt lat="50.18103333333333" lon="14.873616666666667">
        <ele>403</ele>
        <time>2025-03-28T17:19:49Z</time>
      </trkpt>
      <trkpt lat="50.18091666666667" lon="14.873516666666667">
        <ele>403</ele>
        <time>2025-03-28T17:19:50Z</time>
      </trkpt>
      <trkpt lat="50.180816666666665" lon="14.873416666666667">
        <ele>403</ele>
        <time>2025-03-28T17:19:51Z</time>
      </trkpt>
      <trkpt lat="50.1807" lon="14.873316666666666">
        <ele>403</ele>
        <time>2025-03-28T17:19:52Z</time>
      </trkpt>
      <trkpt lat="50.1806" lon="14.873216666666666">
        <ele>403</ele>
        <time>2025-03-28T17:19:53Z</time>
      </trkpt>
      <trkpt lat="50.180483333333335" lon="14.873116666666666">
        <ele>403</ele>
        <time>2025-03-28T17:19:54Z</time>
      </trkpt>
      <trkpt lat="50.1804" lon="14.873016666666667">
        <ele>403</ele>
        <time>2025-03-28T17:19:55Z</time>
      </trkpt>
      <trkpt lat="50.1803" lon="14.872916666666667">
        <ele>404</ele>
        <time>2025-03-28T17:19:56Z</time>
      </trkpt>
      <trkpt lat="50.18018333333333" lon="14.872816666666667">
        <ele>404</ele>
        <time>2025-03-28T17:19:57Z</time>
      </trkpt>
      <trkpt lat="50.180083333333336" lon="14.872716666666667">
        <ele>405</ele>
        <time>2025-03-28T17:19:58Z</time>
      </trkpt>
      <trkpt lat="50.17998333333333" lon="14.872633333333333">
        <ele>405</ele>
        <time>2025-03-28T17:19:59Z</time>
      </trkpt>
      <trkpt lat="50.179883333333336" lon="14.872516666666666">
        <ele>406</ele>
        <time>2025-03-28T17:20:00Z</time>
      </trkpt>
      <trkpt lat="50.179766666666666" lon="14.872416666666666">
        <ele>406</ele>
        <time>2025-03-28T17:20:01Z</time>
      </trkpt>
      <trkpt lat="50.17966666666667" lon="14.872333333333334">
        <ele>406</ele>
        <time>2025-03-28T17:20:02Z</time>
      </trkpt>
      <trkpt lat="50.179566666666666" lon="14.872216666666667">
        <ele>406</ele>
        <time>2025-03-28T17:20:03Z</time>
      </trkpt>
      <trkpt lat="50.17946666666667" lon="14.872116666666667">
        <ele>406</ele>
        <time>2025-03-28T17:20:04Z</time>
      </trkpt>
      <trkpt lat="50.17935" lon="14.872016666666667">
        <ele>406</ele>
        <time>2025-03-28T17:20:05Z</time>
      </trkpt>
      <trkpt lat="50.17925" lon="14.8719">
        <ele>406</ele>
        <time>2025-03-28T17:20:06Z</time>
      </trkpt>
      <trkpt lat="50.17915" lon="14.8718">
        <ele>407</ele>
        <time>2025-03-28T17:20:07Z</time>
      </trkpt>
      <trkpt lat="50.17905" lon="14.871683333333333">
        <ele>407</ele>
        <time>2025-03-28T17:20:08Z</time>
      </trkpt>
      <trkpt lat="50.17893333333333" lon="14.871583333333334">
        <ele>407</ele>
        <time>2025-03-28T17:20:09Z</time>
      </trkpt>
      <trkpt lat="50.17883333333333" lon="14.871483333333334">
        <ele>407</ele>
        <time>2025-03-28T17:20:10Z</time>
      </trkpt>
      <trkpt lat="50.178716666666666" lon="14.8714">
        <ele>407</ele>
        <time>2025-03-28T17:20:11Z</time>
      </trkpt>
      <trkpt lat="50.17861666666667" lon="14.8713">
        <ele>408</ele>
        <time>2025-03-28T17:20:12Z</time>
      </trkpt>
      <trkpt lat="50.1785" lon="14.871183333333333">
        <ele>408</ele>
        <time>2025-03-28T17:20:13Z</time>
      </trkpt>
      <trkpt lat="50.1784" lon="14.871083333333333">
        <ele>408</ele>
        <time>2025-03-28T17:20:14Z</time>
      </trkpt>
      <trkpt lat="50.1783" lon="14.870983333333333">
        <ele>408</ele>
        <time>2025-03-28T17:20:15Z</time>
      </trkpt>
      <trkpt lat="50.1782" lon="14.8709">
        <ele>408</ele>
        <time>2025-03-28T17:20:16Z</time>
      </trkpt>
      <trkpt lat="50.17808333333333" lon="14.8708">
        <ele>408</ele>
        <time>2025-03-28T17:20:17Z</time>
      </trkpt>
      <trkpt lat="50.17798333333333" lon="14.8707">
        <ele>408</ele>
        <time>2025-03-28T17:20:18Z</time>
      </trkpt>
      <trkpt lat="50.17786666666667" lon="14.8706">
        <ele>408</ele>
        <time>2025-03-28T17:20:19Z</time>
      </trkpt>
      <trkpt lat="50.17776666666666" lon="14.870516666666667">
        <ele>408</ele>
        <time>2025-03-28T17:20:20Z</time>
      </trkpt>
      <trkpt lat="50.17766666666667" lon="14.870416666666667">
        <ele>408</ele>
        <time>2025-03-28T17:20:21Z</time>
      </trkpt>
      <trkpt lat="50.17755" lon="14.870316666666668">
        <ele>408</ele>
        <time>2025-03-28T17:20:22Z</time>
      </trkpt>
      <trkpt lat="50.17745" lon="14.870216666666666">
        <ele>408</ele>
        <time>2025-03-28T17:20:23Z</time>
      </trkpt>
      <trkpt lat="50.17735" lon="14.870116666666666">
        <ele>408</ele>
        <time>2025-03-28T17:20:24Z</time>
      </trkpt>
      <trkpt lat="50.17725" lon="14.870016666666666">
        <ele>409</ele>
        <time>2025-03-28T17:20:25Z</time>
      </trkpt>
      <trkpt lat="50.17715" lon="14.8699">
        <ele>409</ele>
        <time>2025-03-28T17:20:26Z</time>
      </trkpt>
      <trkpt lat="50.17705" lon="14.8698">
        <ele>410</ele>
        <time>2025-03-28T17:20:27Z</time>
      </trkpt>
      <trkpt lat="50.17695" lon="14.869683333333333">
        <ele>410</ele>
        <time>2025-03-28T17:20:28Z</time>
      </trkpt>
      <trkpt lat="50.17685" lon="14.869583333333333">
        <ele>411</ele>
        <time>2025-03-28T17:20:29Z</time>
      </trkpt>
      <trkpt lat="50.17673333333333" lon="14.869466666666666">
        <ele>411</ele>
        <time>2025-03-28T17:20:30Z</time>
      </trkpt>
      <trkpt lat="50.176633333333335" lon="14.869366666666666">
        <ele>411</ele>
        <time>2025-03-28T17:20:31Z</time>
      </trkpt>
      <trkpt lat="50.17653333333333" lon="14.86925">
        <ele>411</ele>
        <time>2025-03-28T17:20:32Z</time>
      </trkpt>
      <trkpt lat="50.176433333333335" lon="14.86915">
        <ele>411</ele>
        <time>2025-03-28T17:20:33Z</time>
      </trkpt>
      <trkpt lat="50.17633333333333" lon="14.869016666666667">
        <ele>411</ele>
        <time>2025-03-28T17:20:34Z</time>
      </trkpt>
      <trkpt lat="50.176233333333336" lon="14.868916666666667">
        <ele>412</ele>
        <time>2025-03-28T17:20:35Z</time>
      </trkpt>
      <trkpt lat="50.17613333333333" lon="14.868816666666667">
        <ele>412</ele>
        <time>2025-03-28T17:20:36Z</time>
      </trkpt>
      <trkpt lat="50.17601666666667" lon="14.8687">
        <ele>412</ele>
        <time>2025-03-28T17:20:37Z</time>
      </trkpt>
      <trkpt lat="50.175916666666666" lon="14.868583333333333">
        <ele>412</ele>
        <time>2025-03-28T17:20:38Z</time>
      </trkpt>
      <trkpt lat="50.17581666666667" lon="14.868483333333334">
        <ele>413</ele>
        <time>2025-03-28T17:20:39Z</time>
      </trkpt>
      <trkpt lat="50.175716666666666" lon="14.868366666666667">
        <ele>413</ele>
        <time>2025-03-28T17:20:40Z</time>
      </trkpt>
      <trkpt lat="50.17561666666667" lon="14.868266666666667">
        <ele>413</ele>
        <time>2025-03-28T17:20:41Z</time>
      </trkpt>
      <trkpt lat="50.17551666666667" lon="14.868166666666667">
        <ele>413</ele>
        <time>2025-03-28T17:20:42Z</time>
      </trkpt>
      <trkpt lat="50.17541666666666" lon="14.868066666666667">
        <ele>413</ele>
        <time>2025-03-28T17:20:43Z</time>
      </trkpt>
      <trkpt lat="50.17531666666667" lon="14.867966666666666">
        <ele>413</ele>
        <time>2025-03-28T17:20:44Z</time>
      </trkpt>
      <trkpt lat="50.1752" lon="14.86785">
        <ele>413</ele>
        <time>2025-03-28T17:20:45Z</time>
      </trkpt>
      <trkpt lat="50.1751" lon="14.867733333333334">
        <ele>413</ele>
        <time>2025-03-28T17:20:46Z</time>
      </trkpt>
      <trkpt lat="50.175016666666664" lon="14.867616666666667">
        <ele>413</ele>
        <time>2025-03-28T17:20:47Z</time>
      </trkpt>
      <trkpt lat="50.17491666666667" lon="14.8675">
        <ele>413</ele>
        <time>2025-03-28T17:20:48Z</time>
      </trkpt>
      <trkpt lat="50.1748" lon="14.8674">
        <ele>413</ele>
        <time>2025-03-28T17:20:49Z</time>
      </trkpt>
      <trkpt lat="50.1747" lon="14.8673">
        <ele>413</ele>
        <time>2025-03-28T17:20:50Z</time>
      </trkpt>
      <trkpt lat="50.1746" lon="14.867183333333333">
        <ele>413</ele>
        <time>2025-03-28T17:20:51Z</time>
      </trkpt>
      <trkpt lat="50.1745" lon="14.867083333333333">
        <ele>413</ele>
        <time>2025-03-28T17:20:52Z</time>
      </trkpt>
      <trkpt lat="50.17438333333333" lon="14.86695">
        <ele>413</ele>
        <time>2025-03-28T17:20:53Z</time>
      </trkpt>
      <trkpt lat="50.174283333333335" lon="14.86685">
        <ele>413</ele>
        <time>2025-03-28T17:20:54Z</time>
      </trkpt>
      <trkpt lat="50.1742" lon="14.866716666666667">
        <ele>414</ele>
        <time>2025-03-28T17:20:55Z</time>
      </trkpt>
      <trkpt lat="50.17411666666667" lon="14.866616666666667">
        <ele>414</ele>
        <time>2025-03-28T17:20:56Z</time>
      </trkpt>
      <trkpt lat="50.17401666666667" lon="14.866516666666667">
        <ele>415</ele>
        <time>2025-03-28T17:20:57Z</time>
      </trkpt>
      <trkpt lat="50.17393333333333" lon="14.8664">
        <ele>415</ele>
        <time>2025-03-28T17:20:58Z</time>
      </trkpt>
      <trkpt lat="50.17386666666667" lon="14.866266666666666">
        <ele>416</ele>
        <time>2025-03-28T17:20:59Z</time>
      </trkpt>
      <trkpt lat="50.17378333333333" lon="14.86615">
        <ele>416</ele>
        <time>2025-03-28T17:21:00Z</time>
      </trkpt>
      <trkpt lat="50.1737" lon="14.866016666666667">
        <ele>416</ele>
        <time>2025-03-28T17:21:01Z</time>
      </trkpt>
      <trkpt lat="50.1736" lon="14.8659">
        <ele>416</ele>
        <time>2025-03-28T17:21:02Z</time>
      </trkpt>
      <trkpt lat="50.173516666666664" lon="14.865783333333333">
        <ele>416</ele>
        <time>2025-03-28T17:21:03Z</time>
      </trkpt>
      <trkpt lat="50.173433333333335" lon="14.865666666666666">
        <ele>416</ele>
        <time>2025-03-28T17:21:04Z</time>
      </trkpt>
      <trkpt lat="50.17333333333333" lon="14.86555">
        <ele>416</ele>
        <time>2025-03-28T17:21:05Z</time>
      </trkpt>
      <trkpt lat="50.17325" lon="14.86545">
        <ele>416</ele>
        <time>2025-03-28T17:21:06Z</time>
      </trkpt>
      <trkpt lat="50.17316666666667" lon="14.86535">
        <ele>416</ele>
        <time>2025-03-28T17:21:07Z</time>
      </trkpt>
      <trkpt lat="50.17308333333333" lon="14.86525">
        <ele>416</ele>
        <time>2025-03-28T17:21:08Z</time>
      </trkpt>
      <trkpt lat="50.172983333333335" lon="14.865133333333333">
        <ele>416</ele>
        <time>2025-03-28T17:21:09Z</time>
      </trkpt>
      <trkpt lat="50.172916666666666" lon="14.865033333333333">
        <ele>416</ele>
        <time>2025-03-28T17:21:10Z</time>
      </trkpt>
      <trkpt lat="50.17283333333334" lon="14.864916666666666">
        <ele>416</ele>
        <time>2025-03-28T17:21:11Z</time>
      </trkpt>
      <trkpt lat="50.17275" lon="14.864816666666666">
        <ele>417</ele>
        <time>2025-03-28T17:21:12Z</time>
      </trkpt>
      <trkpt lat="50.172666666666665" lon="14.8647">
        <ele>417</ele>
        <time>2025-03-28T17:21:13Z</time>
      </trkpt>
      <trkpt lat="50.172583333333336" lon="14.8646">
        <ele>418</ele>
        <time>2025-03-28T17:21:14Z</time>
      </trkpt>
      <trkpt lat="50.1725" lon="14.864483333333334">
        <ele>418</ele>
        <time>2025-03-28T17:21:15Z</time>
      </trkpt>
      <trkpt lat="50.17241666666666" lon="14.864366666666667">
        <ele>418</ele>
        <time>2025-03-28T17:21:16Z</time>
      </trkpt>
      <trkpt lat="50.172333333333334" lon="14.86425">
        <ele>418</ele>
        <time>2025-03-28T17:21:17Z</time>
      </trkpt>
      <trkpt lat="50.17225" lon="14.86415">
        <ele>419</ele>
        <time>2025-03-28T17:21:18Z</time>
      </trkpt>
      <trkpt lat="50.17216666666667" lon="14.864033333333333">
        <ele>419</ele>
        <time>2025-03-28T17:21:19Z</time>
      </trkpt>
      <trkpt lat="50.17208333333333" lon="14.863933333333334">
        <ele>419</ele>
        <time>2025-03-28T17:21:20Z</time>
      </trkpt>
      <trkpt lat="50.172" lon="14.863833333333334">
        <ele>419</ele>
        <time>2025-03-28T17:21:21Z</time>
      </trkpt>
      <trkpt lat="50.17191666666667" lon="14.863733333333334">
        <ele>420</ele>
        <time>2025-03-28T17:21:22Z</time>
      </trkpt>
      <trkpt lat="50.17183333333333" lon="14.863633333333333">
        <ele>420</ele>
        <time>2025-03-28T17:21:23Z</time>
      </trkpt>
      <trkpt lat="50.171733333333336" lon="14.86355">
        <ele>420</ele>
        <time>2025-03-28T17:21:24Z</time>
      </trkpt>
      <trkpt lat="50.17163333333333" lon="14.86345">
        <ele>421</ele>
        <time>2025-03-28T17:21:25Z</time>
      </trkpt>
      <trkpt lat="50.17155" lon="14.863366666666666">
        <ele>421</ele>
        <time>2025-03-28T17:21:26Z</time>
      </trkpt>
      <trkpt lat="50.17146666666667" lon="14.863266666666666">
        <ele>421</ele>
        <time>2025-03-28T17:21:27Z</time>
      </trkpt>
      <trkpt lat="50.171366666666664" lon="14.863183333333334">
        <ele>422</ele>
        <time>2025-03-28T17:21:28Z</time>
      </trkpt>
      <trkpt lat="50.171283333333335" lon="14.8631">
        <ele>422</ele>
        <time>2025-03-28T17:21:29Z</time>
      </trkpt>
      <trkpt lat="50.1712" lon="14.863016666666667">
        <ele>422</ele>
        <time>2025-03-28T17:21:30Z</time>
      </trkpt>
      <trkpt lat="50.17111666666667" lon="14.862933333333334">
        <ele>422</ele>
        <time>2025-03-28T17:21:31Z</time>
      </trkpt>
      <trkpt lat="50.171033333333334" lon="14.862833333333333">
        <ele>422</ele>
        <time>2025-03-28T17:21:32Z</time>
      </trkpt>
      <trkpt lat="50.17093333333333" lon="14.86275">
        <ele>422</ele>
        <time>2025-03-28T17:21:33Z</time>
      </trkpt>
      <trkpt lat="50.17085" lon="14.862666666666666">
        <ele>422</ele>
        <time>2025-03-28T17:21:34Z</time>
      </trkpt>
      <trkpt lat="50.170766666666665" lon="14.862583333333333">
        <ele>423</ele>
        <time>2025-03-28T17:21:35Z</time>
      </trkpt>
      <trkpt lat="50.17066666666667" lon="14.8625">
        <ele>423</ele>
        <time>2025-03-28T17:21:36Z</time>
      </trkpt>
      <trkpt lat="50.17058333333333" lon="14.862416666666666">
        <ele>424</ele>
        <time>2025-03-28T17:21:37Z</time>
      </trkpt>
      <trkpt lat="50.1705" lon="14.862333333333334">
        <ele>425</ele>
        <time>2025-03-28T17:21:38Z</time>
      </trkpt>
      <trkpt lat="50.17041666666667" lon="14.86225">
        <ele>425</ele>
        <time>2025-03-28T17:21:39Z</time>
      </trkpt>
      <trkpt lat="50.170316666666665" lon="14.862166666666667">
        <ele>426</ele>
        <time>2025-03-28T17:21:40Z</time>
      </trkpt>
      <trkpt lat="50.170233333333336" lon="14.862083333333333">
        <ele>427</ele>
        <time>2025-03-28T17:21:41Z</time>
      </trkpt>
      <trkpt lat="50.17015" lon="14.862">
        <ele>427</ele>
        <time>2025-03-28T17:21:42Z</time>
      </trkpt>
      <trkpt lat="50.17006666666666" lon="14.861916666666668">
        <ele>428</ele>
        <time>2025-03-28T17:21:43Z</time>
      </trkpt>
      <trkpt lat="50.169983333333334" lon="14.861833333333333">
        <ele>428</ele>
        <time>2025-03-28T17:21:44Z</time>
      </trkpt>
      <trkpt lat="50.16988333333333" lon="14.86175">
        <ele>429</ele>
        <time>2025-03-28T17:21:45Z</time>
      </trkpt>
      <trkpt lat="50.1698" lon="14.86165">
        <ele>429</ele>
        <time>2025-03-28T17:21:46Z</time>
      </trkpt>
      <trkpt lat="50.169716666666666" lon="14.861566666666667">
        <ele>430</ele>
        <time>2025-03-28T17:21:47Z</time>
      </trkpt>
      <trkpt lat="50.16961666666667" lon="14.861483333333334">
        <ele>430</ele>
        <time>2025-03-28T17:21:48Z</time>
      </trkpt>
      <trkpt lat="50.169533333333334" lon="14.8614">
        <ele>430</ele>
        <time>2025-03-28T17:21:49Z</time>
      </trkpt>
      <trkpt lat="50.16945" lon="14.861316666666667">
        <ele>431</ele>
        <time>2025-03-28T17:21:50Z</time>
      </trkpt>
      <trkpt lat="50.16935" lon="14.86125">
        <ele>432</ele>
        <time>2025-03-28T17:21:51Z</time>
      </trkpt>
      <trkpt lat="50.169266666666665" lon="14.861166666666668">
        <ele>432</ele>
        <time>2025-03-28T17:21:52Z</time>
      </trkpt>
      <trkpt lat="50.169183333333336" lon="14.861083333333333">
        <ele>433</ele>
        <time>2025-03-28T17:21:53Z</time>
      </trkpt>
      <trkpt lat="50.16908333333333" lon="14.861016666666666">
        <ele>433</ele>
        <time>2025-03-28T17:21:54Z</time>
      </trkpt>
      <trkpt lat="50.169" lon="14.860933333333334">
        <ele>434</ele>
        <time>2025-03-28T17:21:55Z</time>
      </trkpt>
      <trkpt lat="50.16891666666667" lon="14.86085">
        <ele>434</ele>
        <time>2025-03-28T17:21:56Z</time>
      </trkpt>
      <trkpt lat="50.168816666666665" lon="14.860783333333334">
        <ele>435</ele>
        <time>2025-03-28T17:21:57Z</time>
      </trkpt>
      <trkpt lat="50.168733333333336" lon="14.8607">
        <ele>436</ele>
        <time>2025-03-28T17:21:58Z</time>
      </trkpt>
      <trkpt lat="50.16863333333333" lon="14.860633333333332">
        <ele>436</ele>
        <time>2025-03-28T17:21:59Z</time>
      </trkpt>
      <trkpt lat="50.16855" lon="14.86055">
        <ele>437</ele>
        <time>2025-03-28T17:22:00Z</time>
      </trkpt>
      <trkpt lat="50.16845" lon="14.860466666666667">
        <ele>438</ele>
        <time>2025-03-28T17:22:01Z</time>
      </trkpt>
      <trkpt lat="50.168366666666664" lon="14.8604">
        <ele>438</ele>
        <time>2025-03-28T17:22:02Z</time>
      </trkpt>
      <trkpt lat="50.168283333333335" lon="14.860333333333333">
        <ele>438</ele>
        <time>2025-03-28T17:22:03Z</time>
      </trkpt>
      <trkpt lat="50.16818333333333" lon="14.86025">
        <ele>437</ele>
        <time>2025-03-28T17:22:04Z</time>
      </trkpt>
      <trkpt lat="50.168083333333335" lon="14.860183333333334">
        <ele>437</ele>
        <time>2025-03-28T17:22:05Z</time>
      </trkpt>
      <trkpt lat="50.167966666666665" lon="14.8601">
        <ele>436</ele>
        <time>2025-03-28T17:22:06Z</time>
      </trkpt>
      <trkpt lat="50.16785" lon="14.860016666666667">
        <ele>435</ele>
        <time>2025-03-28T17:22:07Z</time>
      </trkpt>
      <trkpt lat="50.16773333333333" lon="14.859933333333334">
        <ele>434</ele>
        <time>2025-03-28T17:22:08Z</time>
      </trkpt>
      <trkpt lat="50.167633333333335" lon="14.859866666666667">
        <ele>434</ele>
        <time>2025-03-28T17:22:09Z</time>
      </trkpt>
      <trkpt lat="50.167516666666664" lon="14.859783333333333">
        <ele>434</ele>
        <time>2025-03-28T17:22:10Z</time>
      </trkpt>
      <trkpt lat="50.16741666666667" lon="14.8597">
        <ele>434</ele>
        <time>2025-03-28T17:22:11Z</time>
      </trkpt>
      <trkpt lat="50.1673" lon="14.859616666666666">
        <ele>435</ele>
        <time>2025-03-28T17:22:12Z</time>
      </trkpt>
      <trkpt lat="50.1672" lon="14.859533333333333">
        <ele>435</ele>
        <time>2025-03-28T17:22:13Z</time>
      </trkpt>
      <trkpt lat="50.16708333333333" lon="14.859466666666666">
        <ele>435</ele>
        <time>2025-03-28T17:22:14Z</time>
      </trkpt>
      <trkpt lat="50.16696666666667" lon="14.859383333333334">
        <ele>435</ele>
        <time>2025-03-28T17:22:15Z</time>
      </trkpt>
      <trkpt lat="50.166866666666664" lon="14.859316666666667">
        <ele>435</ele>
        <time>2025-03-28T17:22:16Z</time>
      </trkpt>
      <trkpt lat="50.16675" lon="14.859233333333334">
        <ele>434</ele>
        <time>2025-03-28T17:22:17Z</time>
      </trkpt>
      <trkpt lat="50.16665" lon="14.85915">
        <ele>435</ele>
        <time>2025-03-28T17:22:18Z</time>
      </trkpt>
      <trkpt lat="50.166533333333334" lon="14.859083333333333">
        <ele>435</ele>
        <time>2025-03-28T17:22:19Z</time>
      </trkpt>
      <trkpt lat="50.16641666666666" lon="14.859">
        <ele>435</ele>
        <time>2025-03-28T17:22:20Z</time>
      </trkpt>
      <trkpt lat="50.16631666666667" lon="14.858916666666667">
        <ele>435</ele>
        <time>2025-03-28T17:22:21Z</time>
      </trkpt>
      <trkpt lat="50.166216666666664" lon="14.858833333333333">
        <ele>435</ele>
        <time>2025-03-28T17:22:22Z</time>
      </trkpt>
      <trkpt lat="50.166133333333335" lon="14.858733333333333">
        <ele>435</ele>
        <time>2025-03-28T17:22:23Z</time>
      </trkpt>
      <trkpt lat="50.16603333333333" lon="14.85865">
        <ele>434</ele>
        <time>2025-03-28T17:22:24Z</time>
      </trkpt>
      <trkpt lat="50.165933333333335" lon="14.85855">
        <ele>432</ele>
        <time>2025-03-28T17:22:25Z</time>
      </trkpt>
      <trkpt lat="50.165816666666665" lon="14.858433333333334">
        <ele>430</ele>
        <time>2025-03-28T17:22:26Z</time>
      </trkpt>
      <trkpt lat="50.1657" lon="14.858333333333333">
        <ele>428</ele>
        <time>2025-03-28T17:22:27Z</time>
      </trkpt>
      <trkpt lat="50.16558333333333" lon="14.858233333333333">
        <ele>427</ele>
        <time>2025-03-28T17:22:28Z</time>
      </trkpt>
      <trkpt lat="50.165483333333334" lon="14.858116666666668">
        <ele>426</ele>
        <time>2025-03-28T17:22:29Z</time>
      </trkpt>
      <trkpt lat="50.16538333333333" lon="14.858016666666666">
        <ele>426</ele>
        <time>2025-03-28T17:22:30Z</time>
      </trkpt>
      <trkpt lat="50.1653" lon="14.8579">
        <ele>427</ele>
        <time>2025-03-28T17:22:31Z</time>
      </trkpt>
      <trkpt lat="50.1652" lon="14.8578">
        <ele>428</ele>
        <time>2025-03-28T17:22:32Z</time>
      </trkpt>
      <trkpt lat="50.16511666666667" lon="14.857683333333334">
        <ele>429</ele>
        <time>2025-03-28T17:22:33Z</time>
      </trkpt>
      <trkpt lat="50.165016666666666" lon="14.857566666666667">
        <ele>429</ele>
        <time>2025-03-28T17:22:34Z</time>
      </trkpt>
      <trkpt lat="50.16491666666667" lon="14.857433333333333">
        <ele>428</ele>
        <time>2025-03-28T17:22:35Z</time>
      </trkpt>
      <trkpt lat="50.16481666666667" lon="14.857283333333333">
        <ele>428</ele>
        <time>2025-03-28T17:22:36Z</time>
      </trkpt>
      <trkpt lat="50.16473333333333" lon="14.85715">
        <ele>427</ele>
        <time>2025-03-28T17:22:37Z</time>
      </trkpt>
      <trkpt lat="50.164633333333335" lon="14.857016666666667">
        <ele>427</ele>
        <time>2025-03-28T17:22:38Z</time>
      </trkpt>
      <trkpt lat="50.16455" lon="14.856866666666667">
        <ele>428</ele>
        <time>2025-03-28T17:22:39Z</time>
      </trkpt>
      <trkpt lat="50.16446666666667" lon="14.85675">
        <ele>428</ele>
        <time>2025-03-28T17:22:40Z</time>
      </trkpt>
      <trkpt lat="50.164366666666666" lon="14.8566">
        <ele>428</ele>
        <time>2025-03-28T17:22:41Z</time>
      </trkpt>
      <trkpt lat="50.16428333333333" lon="14.856466666666666">
        <ele>428</ele>
        <time>2025-03-28T17:22:42Z</time>
      </trkpt>
      <trkpt lat="50.1642" lon="14.856316666666666">
        <ele>428</ele>
        <time>2025-03-28T17:22:43Z</time>
      </trkpt>
      <trkpt lat="50.164116666666665" lon="14.856166666666667">
        <ele>428</ele>
        <time>2025-03-28T17:22:44Z</time>
      </trkpt>
      <trkpt lat="50.164033333333336" lon="14.856016666666667">
        <ele>428</ele>
        <time>2025-03-28T17:22:45Z</time>
      </trkpt>
      <trkpt lat="50.16396666666667" lon="14.855866666666667">
        <ele>429</ele>
        <time>2025-03-28T17:22:46Z</time>
      </trkpt>
      <trkpt lat="50.163916666666665" lon="14.855683333333333">
        <ele>429</ele>
        <time>2025-03-28T17:22:47Z</time>
      </trkpt>
      <trkpt lat="50.163866666666664" lon="14.855516666666666">
        <ele>430</ele>
        <time>2025-03-28T17:22:48Z</time>
      </trkpt>
      <trkpt lat="50.16381666666667" lon="14.855366666666667">
        <ele>431</ele>
        <time>2025-03-28T17:22:49Z</time>
      </trkpt>
      <trkpt lat="50.163783333333335" lon="14.855216666666667">
        <ele>433</ele>
        <time>2025-03-28T17:22:50Z</time>
      </trkpt>
      <trkpt lat="50.16375" lon="14.855083333333333">
        <ele>434</ele>
        <time>2025-03-28T17:22:51Z</time>
      </trkpt>
      <trkpt lat="50.1637" lon="14.854916666666666">
        <ele>435</ele>
        <time>2025-03-28T17:22:52Z</time>
      </trkpt>
      <trkpt lat="50.16365" lon="14.85475">
        <ele>435</ele>
        <time>2025-03-28T17:22:53Z</time>
      </trkpt>
      <trkpt lat="50.16361666666667" lon="14.854583333333334">
        <ele>435</ele>
        <time>2025-03-28T17:22:54Z</time>
      </trkpt>
      <trkpt lat="50.163583333333335" lon="14.854416666666667">
        <ele>435</ele>
        <time>2025-03-28T17:22:55Z</time>
      </trkpt>
      <trkpt lat="50.16355" lon="14.85425">
        <ele>436</ele>
        <time>2025-03-28T17:22:56Z</time>
      </trkpt>
      <trkpt lat="50.1635" lon="14.8541">
        <ele>437</ele>
        <time>2025-03-28T17:22:57Z</time>
      </trkpt>
      <trkpt lat="50.163466666666665" lon="14.853933333333334">
        <ele>438</ele>
        <time>2025-03-28T17:22:58Z</time>
      </trkpt>
      <trkpt lat="50.16343333333333" lon="14.853783333333332">
        <ele>438</ele>
        <time>2025-03-28T17:22:59Z</time>
      </trkpt>
      <trkpt lat="50.1634" lon="14.8536">
        <ele>439</ele>
        <time>2025-03-28T17:23:00Z</time>
      </trkpt>
      <trkpt lat="50.16336666666667" lon="14.853416666666666">
        <ele>439</ele>
        <time>2025-03-28T17:23:01Z</time>
      </trkpt>
      <trkpt lat="50.16335" lon="14.853233333333334">
        <ele>440</ele>
        <time>2025-03-28T17:23:02Z</time>
      </trkpt>
      <trkpt lat="50.16331666666667" lon="14.85305">
        <ele>440</ele>
        <time>2025-03-28T17:23:03Z</time>
      </trkpt>
      <trkpt lat="50.1633" lon="14.852883333333333">
        <ele>441</ele>
        <time>2025-03-28T17:23:04Z</time>
      </trkpt>
      <trkpt lat="50.16325" lon="14.852716666666666">
        <ele>441</ele>
        <time>2025-03-28T17:23:05Z</time>
      </trkpt>
      <trkpt lat="50.16321666666666" lon="14.852533333333334">
        <ele>441</ele>
        <time>2025-03-28T17:23:06Z</time>
      </trkpt>
      <trkpt lat="50.1632" lon="14.852366666666667">
        <ele>441</ele>
        <time>2025-03-28T17:23:07Z</time>
      </trkpt>
      <trkpt lat="50.16316666666667" lon="14.852166666666667">
        <ele>442</ele>
        <time>2025-03-28T17:23:08Z</time>
      </trkpt>
      <trkpt lat="50.16315" lon="14.851983333333333">
        <ele>442</ele>
        <time>2025-03-28T17:23:09Z</time>
      </trkpt>
      <trkpt lat="50.16311666666667" lon="14.851816666666666">
        <ele>443</ele>
        <time>2025-03-28T17:23:10Z</time>
      </trkpt>
      <trkpt lat="50.16308333333333" lon="14.85165">
        <ele>444</ele>
        <time>2025-03-28T17:23:11Z</time>
      </trkpt>
      <trkpt lat="50.163066666666666" lon="14.851483333333332">
        <ele>445</ele>
        <time>2025-03-28T17:23:12Z</time>
      </trkpt>
      <trkpt lat="50.16305" lon="14.851316666666667">
        <ele>447</ele>
        <time>2025-03-28T17:23:13Z</time>
      </trkpt>
      <trkpt lat="50.16303333333333" lon="14.851133333333333">
        <ele>447</ele>
        <time>2025-03-28T17:23:14Z</time>
      </trkpt>
      <trkpt lat="50.16303333333333" lon="14.85095">
        <ele>448</ele>
        <time>2025-03-28T17:23:15Z</time>
      </trkpt>
      <trkpt lat="50.163016666666664" lon="14.85075">
        <ele>448</ele>
        <time>2025-03-28T17:23:16Z</time>
      </trkpt>
      <trkpt lat="50.163016666666664" lon="14.850566666666667">
        <ele>449</ele>
        <time>2025-03-28T17:23:17Z</time>
      </trkpt>
      <trkpt lat="50.163016666666664" lon="14.850366666666666">
        <ele>448</ele>
        <time>2025-03-28T17:23:18Z</time>
      </trkpt>
      <trkpt lat="50.16303333333333" lon="14.850166666666667">
        <ele>449</ele>
        <time>2025-03-28T17:23:19Z</time>
      </trkpt>
      <trkpt lat="50.16305" lon="14.849983333333334">
        <ele>450</ele>
        <time>2025-03-28T17:23:20Z</time>
      </trkpt>
      <trkpt lat="50.16308333333333" lon="14.8498">
        <ele>450</ele>
        <time>2025-03-28T17:23:21Z</time>
      </trkpt>
      <trkpt lat="50.1631" lon="14.849616666666666">
        <ele>451</ele>
        <time>2025-03-28T17:23:22Z</time>
      </trkpt>
      <trkpt lat="50.16311666666667" lon="14.849416666666666">
        <ele>452</ele>
        <time>2025-03-28T17:23:23Z</time>
      </trkpt>
      <trkpt lat="50.163133333333334" lon="14.849233333333334">
        <ele>453</ele>
        <time>2025-03-28T17:23:24Z</time>
      </trkpt>
      <trkpt lat="50.16316666666667" lon="14.849033333333333">
        <ele>453</ele>
        <time>2025-03-28T17:23:25Z</time>
      </trkpt>
      <trkpt lat="50.163183333333336" lon="14.848833333333333">
        <ele>454</ele>
        <time>2025-03-28T17:23:26Z</time>
      </trkpt>
      <trkpt lat="50.1632" lon="14.848633333333334">
        <ele>454</ele>
        <time>2025-03-28T17:23:27Z</time>
      </trkpt>
      <trkpt lat="50.16321666666666" lon="14.84845">
        <ele>455</ele>
        <time>2025-03-28T17:23:28Z</time>
      </trkpt>
      <trkpt lat="50.16323333333333" lon="14.84825">
        <ele>455</ele>
        <time>2025-03-28T17:23:29Z</time>
      </trkpt>
      <trkpt lat="50.16325" lon="14.84805">
        <ele>456</ele>
        <time>2025-03-28T17:23:30Z</time>
      </trkpt>
      <trkpt lat="50.163266666666665" lon="14.847866666666667">
        <ele>456</ele>
        <time>2025-03-28T17:23:31Z</time>
      </trkpt>
      <trkpt lat="50.16328333333333" lon="14.847683333333332">
        <ele>457</ele>
        <time>2025-03-28T17:23:32Z</time>
      </trkpt>
      <trkpt lat="50.16331666666667" lon="14.847483333333333">
        <ele>457</ele>
        <time>2025-03-28T17:23:33Z</time>
      </trkpt>
      <trkpt lat="50.163333333333334" lon="14.847283333333333">
        <ele>458</ele>
        <time>2025-03-28T17:23:34Z</time>
      </trkpt>
      <trkpt lat="50.16335" lon="14.8471">
        <ele>458</ele>
        <time>2025-03-28T17:23:35Z</time>
      </trkpt>
      <trkpt lat="50.163383333333336" lon="14.8469">
        <ele>459</ele>
        <time>2025-03-28T17:23:36Z</time>
      </trkpt>
      <trkpt lat="50.1634" lon="14.846716666666667">
        <ele>460</ele>
        <time>2025-03-28T17:23:37Z</time>
      </trkpt>
      <trkpt lat="50.16341666666667" lon="14.846533333333333">
        <ele>460</ele>
        <time>2025-03-28T17:23:38Z</time>
      </trkpt>
      <trkpt lat="50.16345" lon="14.846333333333334">
        <ele>461</ele>
        <time>2025-03-28T17:23:39Z</time>
      </trkpt>
      <trkpt lat="50.16348333333333" lon="14.84615">
        <ele>461</ele>
        <time>2025-03-28T17:23:40Z</time>
      </trkpt>
      <trkpt lat="50.1635" lon="14.84595">
        <ele>461</ele>
        <time>2025-03-28T17:23:41Z</time>
      </trkpt>
      <trkpt lat="50.163516666666666" lon="14.845766666666666">
        <ele>462</ele>
        <time>2025-03-28T17:23:42Z</time>
      </trkpt>
      <trkpt lat="50.16353333333333" lon="14.845566666666667">
        <ele>462</ele>
        <time>2025-03-28T17:23:43Z</time>
      </trkpt>
      <trkpt lat="50.16356666666667" lon="14.845366666666667">
        <ele>463</ele>
        <time>2025-03-28T17:23:44Z</time>
      </trkpt>
      <trkpt lat="50.1636" lon="14.845166666666668">
        <ele>464</ele>
        <time>2025-03-28T17:23:45Z</time>
      </trkpt>
      <trkpt lat="50.16363333333334" lon="14.844983333333333">
        <ele>464</ele>
        <time>2025-03-28T17:23:46Z</time>
      </trkpt>
      <trkpt lat="50.16368333333333" lon="14.8448">
        <ele>465</ele>
        <time>2025-03-28T17:23:47Z</time>
      </trkpt>
      <trkpt lat="50.163716666666666" lon="14.8446">
        <ele>465</ele>
        <time>2025-03-28T17:23:48Z</time>
      </trkpt>
      <trkpt lat="50.16375" lon="14.844416666666667">
        <ele>466</ele>
        <time>2025-03-28T17:23:49Z</time>
      </trkpt>
      <trkpt lat="50.163783333333335" lon="14.844233333333333">
        <ele>466</ele>
        <time>2025-03-28T17:23:50Z</time>
      </trkpt>
      <trkpt lat="50.163833333333336" lon="14.844033333333334">
        <ele>467</ele>
        <time>2025-03-28T17:23:51Z</time>
      </trkpt>
      <trkpt lat="50.16388333333333" lon="14.84385">
        <ele>468</ele>
        <time>2025-03-28T17:23:52Z</time>
      </trkpt>
      <trkpt lat="50.16393333333333" lon="14.843666666666667">
        <ele>468</ele>
        <time>2025-03-28T17:23:53Z</time>
      </trkpt>
      <trkpt lat="50.16396666666667" lon="14.843483333333333">
        <ele>469</ele>
        <time>2025-03-28T17:23:54Z</time>
      </trkpt>
      <trkpt lat="50.164" lon="14.843316666666666">
        <ele>470</ele>
        <time>2025-03-28T17:23:55Z</time>
      </trkpt>
      <trkpt lat="50.164033333333336" lon="14.843116666666667">
        <ele>470</ele>
        <time>2025-03-28T17:23:56Z</time>
      </trkpt>
      <trkpt lat="50.16405" lon="14.842916666666667">
        <ele>470</ele>
        <time>2025-03-28T17:23:57Z</time>
      </trkpt>
      <trkpt lat="50.16406666666666" lon="14.842716666666666">
        <ele>470</ele>
        <time>2025-03-28T17:23:58Z</time>
      </trkpt>
      <trkpt lat="50.1641" lon="14.842516666666667">
        <ele>470</ele>
        <time>2025-03-28T17:23:59Z</time>
      </trkpt>
      <trkpt lat="50.164116666666665" lon="14.842333333333332">
        <ele>470</ele>
        <time>2025-03-28T17:24:00Z</time>
      </trkpt>
      <trkpt lat="50.164116666666665" lon="14.84215">
        <ele>471</ele>
        <time>2025-03-28T17:24:01Z</time>
      </trkpt>
      <trkpt lat="50.16413333333333" lon="14.841966666666666">
        <ele>472</ele>
        <time>2025-03-28T17:24:02Z</time>
      </trkpt>
      <trkpt lat="50.16413333333333" lon="14.841783333333334">
        <ele>472</ele>
        <time>2025-03-28T17:24:03Z</time>
      </trkpt>
      <trkpt lat="50.16413333333333" lon="14.8416">
        <ele>473</ele>
        <time>2025-03-28T17:24:04Z</time>
      </trkpt>
      <trkpt lat="50.16415" lon="14.8414">
        <ele>473</ele>
        <time>2025-03-28T17:24:05Z</time>
      </trkpt>
      <trkpt lat="50.16415" lon="14.8412">
        <ele>474</ele>
        <time>2025-03-28T17:24:06Z</time>
      </trkpt>
      <trkpt lat="50.16415" lon="14.841016666666667">
        <ele>474</ele>
        <time>2025-03-28T17:24:07Z</time>
      </trkpt>
      <trkpt lat="50.16415" lon="14.840833333333334">
        <ele>475</ele>
        <time>2025-03-28T17:24:08Z</time>
      </trkpt>
      <trkpt lat="50.16413333333333" lon="14.84065">
        <ele>475</ele>
        <time>2025-03-28T17:24:09Z</time>
      </trkpt>
      <trkpt lat="50.16413333333333" lon="14.840466666666666">
        <ele>476</ele>
        <time>2025-03-28T17:24:10Z</time>
      </trkpt>
      <trkpt lat="50.164116666666665" lon="14.8403">
        <ele>476</ele>
        <time>2025-03-28T17:24:11Z</time>
      </trkpt>
      <trkpt lat="50.16408333333333" lon="14.8401">
        <ele>476</ele>
        <time>2025-03-28T17:24:12Z</time>
      </trkpt>
      <trkpt lat="50.16406666666666" lon="14.839916666666667">
        <ele>476</ele>
        <time>2025-03-28T17:24:13Z</time>
      </trkpt>
      <trkpt lat="50.164033333333336" lon="14.83975">
        <ele>476</ele>
        <time>2025-03-28T17:24:14Z</time>
      </trkpt>
      <trkpt lat="50.164" lon="14.839583333333334">
        <ele>476</ele>
        <time>2025-03-28T17:24:15Z</time>
      </trkpt>
      <trkpt lat="50.16396666666667" lon="14.839433333333334">
        <ele>476</ele>
        <time>2025-03-28T17:24:16Z</time>
      </trkpt>
      <trkpt lat="50.1639" lon="14.839266666666667">
        <ele>475</ele>
        <time>2025-03-28T17:24:17Z</time>
      </trkpt>
      <trkpt lat="50.163833333333336" lon="14.839133333333333">
        <ele>475</ele>
        <time>2025-03-28T17:24:18Z</time>
      </trkpt>
      <trkpt lat="50.16375" lon="14.839016666666666">
        <ele>474</ele>
        <time>2025-03-28T17:24:19Z</time>
      </trkpt>
      <trkpt lat="50.163666666666664" lon="14.838916666666666">
        <ele>473</ele>
        <time>2025-03-28T17:24:20Z</time>
      </trkpt>
      <trkpt lat="50.16356666666667" lon="14.83885">
        <ele>472</ele>
        <time>2025-03-28T17:24:21Z</time>
      </trkpt>
      <trkpt lat="50.16348333333333" lon="14.838783333333334">
        <ele>471</ele>
        <time>2025-03-28T17:24:22Z</time>
      </trkpt>
      <trkpt lat="50.163383333333336" lon="14.83875">
        <ele>469</ele>
        <time>2025-03-28T17:24:23Z</time>
      </trkpt>
      <trkpt lat="50.16328333333333" lon="14.838716666666667">
        <ele>467</ele>
        <time>2025-03-28T17:24:24Z</time>
      </trkpt>
      <trkpt lat="50.163183333333336" lon="14.838683333333334">
        <ele>465</ele>
        <time>2025-03-28T17:24:25Z</time>
      </trkpt>
      <trkpt lat="50.163066666666666" lon="14.83865">
        <ele>463</ele>
        <time>2025-03-28T17:24:26Z</time>
      </trkpt>
      <trkpt lat="50.16296666666667" lon="14.838633333333334">
        <ele>461</ele>
        <time>2025-03-28T17:24:27Z</time>
      </trkpt>
      <trkpt lat="50.162866666666666" lon="14.838633333333334">
        <ele>459</ele>
        <time>2025-03-28T17:24:28Z</time>
      </trkpt>
      <trkpt lat="50.16276666666667" lon="14.838666666666667">
        <ele>458</ele>
        <time>2025-03-28T17:24:29Z</time>
      </trkpt>
      <trkpt lat="50.162683333333334" lon="14.838733333333334">
        <ele>456</ele>
        <time>2025-03-28T17:24:30Z</time>
      </trkpt>
      <trkpt lat="50.1626" lon="14.8388">
        <ele>454</ele>
        <time>2025-03-28T17:24:31Z</time>
      </trkpt>
      <trkpt lat="50.16251666666667" lon="14.8389">
        <ele>453</ele>
        <time>2025-03-28T17:24:32Z</time>
      </trkpt>
      <trkpt lat="50.162416666666665" lon="14.838966666666666">
        <ele>451</ele>
        <time>2025-03-28T17:24:33Z</time>
      </trkpt>
      <trkpt lat="50.16235" lon="14.83905">
        <ele>450</ele>
        <time>2025-03-28T17:24:34Z</time>
      </trkpt>
      <trkpt lat="50.16226666666667" lon="14.83915">
        <ele>450</ele>
        <time>2025-03-28T17:24:35Z</time>
      </trkpt>
      <trkpt lat="50.1622" lon="14.839266666666667">
        <ele>449</ele>
        <time>2025-03-28T17:24:36Z</time>
      </trkpt>
      <trkpt lat="50.16213333333334" lon="14.839366666666667">
        <ele>449</ele>
        <time>2025-03-28T17:24:37Z</time>
      </trkpt>
      <trkpt lat="50.16205" lon="14.839483333333334">
        <ele>448</ele>
        <time>2025-03-28T17:24:38Z</time>
      </trkpt>
      <trkpt lat="50.16198333333333" lon="14.8396">
        <ele>447</ele>
        <time>2025-03-28T17:24:39Z</time>
      </trkpt>
      <trkpt lat="50.16191666666667" lon="14.839716666666666">
        <ele>447</ele>
        <time>2025-03-28T17:24:40Z</time>
      </trkpt>
      <trkpt lat="50.16185" lon="14.839833333333333">
        <ele>447</ele>
        <time>2025-03-28T17:24:41Z</time>
      </trkpt>
      <trkpt lat="50.1618" lon="14.83995">
        <ele>447</ele>
        <time>2025-03-28T17:24:42Z</time>
      </trkpt>
      <trkpt lat="50.161766666666665" lon="14.840083333333334">
        <ele>448</ele>
        <time>2025-03-28T17:24:43Z</time>
      </trkpt>
      <trkpt lat="50.16171666666666" lon="14.840216666666667">
        <ele>448</ele>
        <time>2025-03-28T17:24:44Z</time>
      </trkpt>
      <trkpt lat="50.161683333333336" lon="14.840333333333334">
        <ele>448</ele>
        <time>2025-03-28T17:24:45Z</time>
      </trkpt>
      <trkpt lat="50.161633333333334" lon="14.840466666666666">
        <ele>448</ele>
        <time>2025-03-28T17:24:46Z</time>
      </trkpt>
      <trkpt lat="50.16158333333333" lon="14.8406">
        <ele>448</ele>
        <time>2025-03-28T17:24:47Z</time>
      </trkpt>
      <trkpt lat="50.16155" lon="14.840733333333333">
        <ele>448</ele>
        <time>2025-03-28T17:24:48Z</time>
      </trkpt>
      <trkpt lat="50.161516666666664" lon="14.840883333333334">
        <ele>448</ele>
        <time>2025-03-28T17:24:49Z</time>
      </trkpt>
      <trkpt lat="50.16146666666667" lon="14.841016666666667">
        <ele>449</ele>
        <time>2025-03-28T17:24:50Z</time>
      </trkpt>
      <trkpt lat="50.161433333333335" lon="14.84115">
        <ele>449</ele>
        <time>2025-03-28T17:24:51Z</time>
      </trkpt>
      <trkpt lat="50.1614" lon="14.841283333333333">
        <ele>450</ele>
        <time>2025-03-28T17:24:52Z</time>
      </trkpt>
      <trkpt lat="50.16138333333333" lon="14.841416666666667">
        <ele>450</ele>
        <time>2025-03-28T17:24:53Z</time>
      </trkpt>
      <trkpt lat="50.16135" lon="14.841533333333333">
        <ele>451</ele>
        <time>2025-03-28T17:24:54Z</time>
      </trkpt>
      <trkpt lat="50.16133333333333" lon="14.84165">
        <ele>452</ele>
        <time>2025-03-28T17:24:55Z</time>
      </trkpt>
      <trkpt lat="50.1613" lon="14.841766666666667">
        <ele>452</ele>
        <time>2025-03-28T17:24:56Z</time>
      </trkpt>
      <trkpt lat="50.16128333333333" lon="14.841883333333334">
        <ele>452</ele>
        <time>2025-03-28T17:24:57Z</time>
      </trkpt>
      <trkpt lat="50.161233333333335" lon="14.842016666666666">
        <ele>452</ele>
        <time>2025-03-28T17:24:58Z</time>
      </trkpt>
      <trkpt lat="50.1612" lon="14.84215">
        <ele>452</ele>
        <time>2025-03-28T17:24:59Z</time>
      </trkpt>
      <trkpt lat="50.16115" lon="14.842266666666667">
        <ele>453</ele>
        <time>2025-03-28T17:25:00Z</time>
      </trkpt>
      <trkpt lat="50.161116666666665" lon="14.842383333333334">
        <ele>453</ele>
        <time>2025-03-28T17:25:01Z</time>
      </trkpt>
      <trkpt lat="50.16108333333333" lon="14.8425">
        <ele>454</ele>
        <time>2025-03-28T17:25:02Z</time>
      </trkpt>
      <trkpt lat="50.161033333333336" lon="14.8426">
        <ele>455</ele>
        <time>2025-03-28T17:25:03Z</time>
      </trkpt>
      <trkpt lat="50.160983333333334" lon="14.8427">
        <ele>455</ele>
        <time>2025-03-28T17:25:04Z</time>
      </trkpt>
      <trkpt lat="50.16095" lon="14.842816666666666">
        <ele>456</ele>
        <time>2025-03-28T17:25:05Z</time>
      </trkpt>
      <trkpt lat="50.1609" lon="14.842933333333333">
        <ele>456</ele>
        <time>2025-03-28T17:25:06Z</time>
      </trkpt>
      <trkpt lat="50.160866666666664" lon="14.843066666666667">
        <ele>457</ele>
        <time>2025-03-28T17:25:07Z</time>
      </trkpt>
      <trkpt lat="50.16081666666667" lon="14.843183333333334">
        <ele>457</ele>
        <time>2025-03-28T17:25:08Z</time>
      </trkpt>
      <trkpt lat="50.160783333333335" lon="14.8433">
        <ele>458</ele>
        <time>2025-03-28T17:25:09Z</time>
      </trkpt>
      <trkpt lat="50.16073333333333" lon="14.843416666666666">
        <ele>459</ele>
        <time>2025-03-28T17:25:10Z</time>
      </trkpt>
      <trkpt lat="50.1607" lon="14.843533333333333">
        <ele>459</ele>
        <time>2025-03-28T17:25:11Z</time>
      </trkpt>
      <trkpt lat="50.160666666666664" lon="14.84365">
        <ele>460</ele>
        <time>2025-03-28T17:25:12Z</time>
      </trkpt>
      <trkpt lat="50.16063333333334" lon="14.843766666666667">
        <ele>460</ele>
        <time>2025-03-28T17:25:13Z</time>
      </trkpt>
      <trkpt lat="50.1606" lon="14.8439">
        <ele>461</ele>
        <time>2025-03-28T17:25:14Z</time>
      </trkpt>
      <trkpt lat="50.16056666666667" lon="14.844016666666667">
        <ele>461</ele>
        <time>2025-03-28T17:25:15Z</time>
      </trkpt>
      <trkpt lat="50.16053333333333" lon="14.844133333333334">
        <ele>462</ele>
        <time>2025-03-28T17:25:16Z</time>
      </trkpt>
      <trkpt lat="50.1605" lon="14.844266666666666">
        <ele>462</ele>
        <time>2025-03-28T17:25:17Z</time>
      </trkpt>
      <trkpt lat="50.160466666666665" lon="14.844383333333333">
        <ele>463</ele>
        <time>2025-03-28T17:25:18Z</time>
      </trkpt>
      <trkpt lat="50.16043333333333" lon="14.844516666666667">
        <ele>463</ele>
        <time>2025-03-28T17:25:19Z</time>
      </trkpt>
      <trkpt lat="50.16041666666667" lon="14.844633333333332">
        <ele>463</ele>
        <time>2025-03-28T17:25:20Z</time>
      </trkpt>
      <trkpt lat="50.160383333333336" lon="14.844766666666667">
        <ele>463</ele>
        <time>2025-03-28T17:25:21Z</time>
      </trkpt>
      <trkpt lat="50.16036666666667" lon="14.844883333333334">
        <ele>463</ele>
        <time>2025-03-28T17:25:22Z</time>
      </trkpt>
      <trkpt lat="50.16035" lon="14.845016666666666">
        <ele>463</ele>
        <time>2025-03-28T17:25:23Z</time>
      </trkpt>
      <trkpt lat="50.160333333333334" lon="14.845133333333333">
        <ele>463</ele>
        <time>2025-03-28T17:25:24Z</time>
      </trkpt>
      <trkpt lat="50.16031666666667" lon="14.845266666666667">
        <ele>463</ele>
        <time>2025-03-28T17:25:25Z</time>
      </trkpt>
      <trkpt lat="50.1603" lon="14.8454">
        <ele>463</ele>
        <time>2025-03-28T17:25:26Z</time>
      </trkpt>
      <trkpt lat="50.16028333333333" lon="14.84555">
        <ele>462</ele>
        <time>2025-03-28T17:25:27Z</time>
      </trkpt>
      <trkpt lat="50.160266666666665" lon="14.845683333333334">
        <ele>462</ele>
        <time>2025-03-28T17:25:28Z</time>
      </trkpt>
      <trkpt lat="50.16025" lon="14.845816666666666">
        <ele>461</ele>
        <time>2025-03-28T17:25:29Z</time>
      </trkpt>
      <trkpt lat="50.16021666666666" lon="14.84595">
        <ele>461</ele>
        <time>2025-03-28T17:25:30Z</time>
      </trkpt>
      <trkpt lat="50.1602" lon="14.846083333333333">
        <ele>461</ele>
        <time>2025-03-28T17:25:31Z</time>
      </trkpt>
      <trkpt lat="50.16016666666667" lon="14.846216666666667">
        <ele>461</ele>
        <time>2025-03-28T17:25:32Z</time>
      </trkpt>
      <trkpt lat="50.16015" lon="14.846333333333334">
        <ele>461</ele>
        <time>2025-03-28T17:25:33Z</time>
      </trkpt>
      <trkpt lat="50.160133333333334" lon="14.846466666666666">
        <ele>462</ele>
        <time>2025-03-28T17:25:34Z</time>
      </trkpt>
      <trkpt lat="50.1601" lon="14.8466">
        <ele>462</ele>
        <time>2025-03-28T17:25:35Z</time>
      </trkpt>
      <trkpt lat="50.16008333333333" lon="14.846733333333333">
        <ele>463</ele>
        <time>2025-03-28T17:25:36Z</time>
      </trkpt>
      <trkpt lat="50.16005" lon="14.84685">
        <ele>464</ele>
        <time>2025-03-28T17:25:37Z</time>
      </trkpt>
      <trkpt lat="50.160016666666664" lon="14.846966666666667">
        <ele>464</ele>
        <time>2025-03-28T17:25:38Z</time>
      </trkpt>
      <trkpt lat="50.15998333333334" lon="14.847083333333334">
        <ele>465</ele>
        <time>2025-03-28T17:25:39Z</time>
      </trkpt>
      <trkpt lat="50.159933333333335" lon="14.8472">
        <ele>466</ele>
        <time>2025-03-28T17:25:40Z</time>
      </trkpt>
      <trkpt lat="50.1599" lon="14.8473">
        <ele>466</ele>
        <time>2025-03-28T17:25:41Z</time>
      </trkpt>
      <trkpt lat="50.15985" lon="14.847416666666666">
        <ele>466</ele>
        <time>2025-03-28T17:25:42Z</time>
      </trkpt>
      <trkpt lat="50.159816666666664" lon="14.847533333333333">
        <ele>467</ele>
        <time>2025-03-28T17:25:43Z</time>
      </trkpt>
      <trkpt lat="50.15976666666667" lon="14.84765">
        <ele>467</ele>
        <time>2025-03-28T17:25:44Z</time>
      </trkpt>
      <trkpt lat="50.15971666666667" lon="14.847766666666667">
        <ele>468</ele>
        <time>2025-03-28T17:25:45Z</time>
      </trkpt>
      <trkpt lat="50.159666666666666" lon="14.847866666666667">
        <ele>468</ele>
        <time>2025-03-28T17:25:46Z</time>
      </trkpt>
      <trkpt lat="50.15963333333333" lon="14.847966666666666">
        <ele>469</ele>
        <time>2025-03-28T17:25:47Z</time>
      </trkpt>
      <trkpt lat="50.15958333333333" lon="14.848083333333333">
        <ele>469</ele>
        <time>2025-03-28T17:25:48Z</time>
      </trkpt>
      <trkpt lat="50.159533333333336" lon="14.848183333333333">
        <ele>470</ele>
        <time>2025-03-28T17:25:49Z</time>
      </trkpt>
      <trkpt lat="50.159483333333334" lon="14.848283333333333">
        <ele>470</ele>
        <time>2025-03-28T17:25:50Z</time>
      </trkpt>
      <trkpt lat="50.15943333333333" lon="14.848383333333333">
        <ele>471</ele>
        <time>2025-03-28T17:25:51Z</time>
      </trkpt>
      <trkpt lat="50.15936666666666" lon="14.8485">
        <ele>472</ele>
        <time>2025-03-28T17:25:52Z</time>
      </trkpt>
      <trkpt lat="50.159333333333336" lon="14.8486">
        <ele>472</ele>
        <time>2025-03-28T17:25:53Z</time>
      </trkpt>
      <trkpt lat="50.159283333333335" lon="14.8487">
        <ele>473</ele>
        <time>2025-03-28T17:25:54Z</time>
      </trkpt>
      <trkpt lat="50.15923333333333" lon="14.8488">
        <ele>474</ele>
        <time>2025-03-28T17:25:55Z</time>
      </trkpt>
      <trkpt lat="50.15918333333333" lon="14.8489">
        <ele>474</ele>
        <time>2025-03-28T17:25:56Z</time>
      </trkpt>
      <trkpt lat="50.15913333333334" lon="14.849">
        <ele>475</ele>
        <time>2025-03-28T17:25:57Z</time>
      </trkpt>
      <trkpt lat="50.159083333333335" lon="14.8491">
        <ele>476</ele>
        <time>2025-03-28T17:25:58Z</time>
      </trkpt>
      <trkpt lat="50.15903333333333" lon="14.8492">
        <ele>476</ele>
        <time>2025-03-28T17:25:59Z</time>
      </trkpt>
      <trkpt lat="50.15898333333333" lon="14.8493">
        <ele>477</ele>
        <time>2025-03-28T17:26:00Z</time>
      </trkpt>
      <trkpt lat="50.15891666666667" lon="14.8494">
        <ele>478</ele>
        <time>2025-03-28T17:26:01Z</time>
      </trkpt>
      <trkpt lat="50.15886666666667" lon="14.8495">
        <ele>479</ele>
        <time>2025-03-28T17:26:02Z</time>
      </trkpt>
      <trkpt lat="50.15881666666667" lon="14.8496">
        <ele>479</ele>
        <time>2025-03-28T17:26:03Z</time>
      </trkpt>
      <trkpt lat="50.15875" lon="14.8497">
        <ele>480</ele>
        <time>2025-03-28T17:26:04Z</time>
      </trkpt>
      <trkpt lat="50.1587" lon="14.8498">
        <ele>481</ele>
        <time>2025-03-28T17:26:05Z</time>
      </trkpt>
      <trkpt lat="50.15865" lon="14.849883333333333">
        <ele>482</ele>
        <time>2025-03-28T17:26:06Z</time>
      </trkpt>
      <trkpt lat="50.15858333333333" lon="14.849966666666667">
        <ele>483</ele>
        <time>2025-03-28T17:26:07Z</time>
      </trkpt>
      <trkpt lat="50.158516666666664" lon="14.85005">
        <ele>483</ele>
        <time>2025-03-28T17:26:08Z</time>
      </trkpt>
      <trkpt lat="50.15846666666667" lon="14.850133333333334">
        <ele>483</ele>
        <time>2025-03-28T17:26:09Z</time>
      </trkpt>
      <trkpt lat="50.15841666666667" lon="14.850233333333334">
        <ele>483</ele>
        <time>2025-03-28T17:26:10Z</time>
      </trkpt>
      <trkpt lat="50.158366666666666" lon="14.850333333333333">
        <ele>483</ele>
        <time>2025-03-28T17:26:11Z</time>
      </trkpt>
      <trkpt lat="50.158316666666664" lon="14.850433333333333">
        <ele>483</ele>
        <time>2025-03-28T17:26:12Z</time>
      </trkpt>
      <trkpt lat="50.15826666666667" lon="14.850533333333333">
        <ele>483</ele>
        <time>2025-03-28T17:26:13Z</time>
      </trkpt>
      <trkpt lat="50.15821666666667" lon="14.850633333333333">
        <ele>483</ele>
        <time>2025-03-28T17:26:14Z</time>
      </trkpt>
      <trkpt lat="50.15815" lon="14.850716666666667">
        <ele>483</ele>
        <time>2025-03-28T17:26:15Z</time>
      </trkpt>
      <trkpt lat="50.15808333333333" lon="14.850816666666667">
        <ele>483</ele>
        <time>2025-03-28T17:26:16Z</time>
      </trkpt>
      <trkpt lat="50.158033333333336" lon="14.8509">
        <ele>484</ele>
        <time>2025-03-28T17:26:17Z</time>
      </trkpt>
      <trkpt lat="50.158" lon="14.851">
        <ele>485</ele>
        <time>2025-03-28T17:26:18Z</time>
      </trkpt>
      <trkpt lat="50.15795" lon="14.8511">
        <ele>485</ele>
        <time>2025-03-28T17:26:19Z</time>
      </trkpt>
      <trkpt lat="50.15788333333333" lon="14.8512">
        <ele>485</ele>
        <time>2025-03-28T17:26:20Z</time>
      </trkpt>
      <trkpt lat="50.157833333333336" lon="14.8513">
        <ele>486</ele>
        <time>2025-03-28T17:26:21Z</time>
      </trkpt>
      <trkpt lat="50.157783333333334" lon="14.851383333333333">
        <ele>487</ele>
        <time>2025-03-28T17:26:22Z</time>
      </trkpt>
      <trkpt lat="50.15773333333333" lon="14.851483333333332">
        <ele>487</ele>
        <time>2025-03-28T17:26:23Z</time>
      </trkpt>
      <trkpt lat="50.157666666666664" lon="14.851566666666667">
        <ele>487</ele>
        <time>2025-03-28T17:26:24Z</time>
      </trkpt>
      <trkpt lat="50.15761666666667" lon="14.851666666666667">
        <ele>487</ele>
        <time>2025-03-28T17:26:25Z</time>
      </trkpt>
      <trkpt lat="50.15755" lon="14.85175">
        <ele>487</ele>
        <time>2025-03-28T17:26:26Z</time>
      </trkpt>
      <trkpt lat="50.1575" lon="14.85185">
        <ele>487</ele>
        <time>2025-03-28T17:26:27Z</time>
      </trkpt>
      <trkpt lat="50.15743333333333" lon="14.851933333333333">
        <ele>487</ele>
        <time>2025-03-28T17:26:28Z</time>
      </trkpt>
      <trkpt lat="50.15736666666667" lon="14.852033333333333">
        <ele>487</ele>
        <time>2025-03-28T17:26:29Z</time>
      </trkpt>
      <trkpt lat="50.15731666666667" lon="14.852116666666667">
        <ele>488</ele>
        <time>2025-03-28T17:26:30Z</time>
      </trkpt>
      <trkpt lat="50.15725" lon="14.8522">
        <ele>488</ele>
        <time>2025-03-28T17:26:31Z</time>
      </trkpt>
      <trkpt lat="50.157183333333336" lon="14.8523">
        <ele>488</ele>
        <time>2025-03-28T17:26:32Z</time>
      </trkpt>
      <trkpt lat="50.157133333333334" lon="14.852383333333334">
        <ele>488</ele>
        <time>2025-03-28T17:26:33Z</time>
      </trkpt>
      <trkpt lat="50.15708333333333" lon="14.852483333333334">
        <ele>488</ele>
        <time>2025-03-28T17:26:34Z</time>
      </trkpt>
      <trkpt lat="50.157016666666664" lon="14.852566666666666">
        <ele>489</ele>
        <time>2025-03-28T17:26:35Z</time>
      </trkpt>
      <trkpt lat="50.15696666666667" lon="14.852666666666666">
        <ele>489</ele>
        <time>2025-03-28T17:26:36Z</time>
      </trkpt>
      <trkpt lat="50.1569" lon="14.85275">
        <ele>490</ele>
        <time>2025-03-28T17:26:37Z</time>
      </trkpt>
      <trkpt lat="50.15685" lon="14.852833333333333">
        <ele>491</ele>
        <time>2025-03-28T17:26:38Z</time>
      </trkpt>
      <trkpt lat="50.1568" lon="14.852916666666667">
        <ele>492</ele>
        <time>2025-03-28T17:26:39Z</time>
      </trkpt>
      <trkpt lat="50.156733333333335" lon="14.853016666666667">
        <ele>493</ele>
        <time>2025-03-28T17:26:40Z</time>
      </trkpt>
      <trkpt lat="50.15668333333333" lon="14.8531">
        <ele>493</ele>
        <time>2025-03-28T17:26:41Z</time>
      </trkpt>
      <trkpt lat="50.15663333333333" lon="14.8532">
        <ele>494</ele>
        <time>2025-03-28T17:26:42Z</time>
      </trkpt>
      <trkpt lat="50.15658333333333" lon="14.8533">
        <ele>495</ele>
        <time>2025-03-28T17:26:43Z</time>
      </trkpt>
      <trkpt lat="50.156533333333336" lon="14.853383333333333">
        <ele>496</ele>
        <time>2025-03-28T17:26:44Z</time>
      </trkpt>
      <trkpt lat="50.156483333333334" lon="14.853483333333333">
        <ele>496</ele>
        <time>2025-03-28T17:26:45Z</time>
      </trkpt>
      <trkpt lat="50.156416666666665" lon="14.853566666666667">
        <ele>497</ele>
        <time>2025-03-28T17:26:46Z</time>
      </trkpt>
      <trkpt lat="50.15636666666666" lon="14.853666666666667">
        <ele>498</ele>
        <time>2025-03-28T17:26:47Z</time>
      </trkpt>
      <trkpt lat="50.15631666666667" lon="14.85375">
        <ele>499</ele>
        <time>2025-03-28T17:26:48Z</time>
      </trkpt>
      <trkpt lat="50.15626666666667" lon="14.853833333333334">
        <ele>500</ele>
        <time>2025-03-28T17:26:49Z</time>
      </trkpt>
      <trkpt lat="50.1562" lon="14.853916666666667">
        <ele>500</ele>
        <time>2025-03-28T17:26:50Z</time>
      </trkpt>
      <trkpt lat="50.15615" lon="14.854016666666666">
        <ele>501</ele>
        <time>2025-03-28T17:26:51Z</time>
      </trkpt>
      <trkpt lat="50.1561" lon="14.8541">
        <ele>501</ele>
        <time>2025-03-28T17:26:52Z</time>
      </trkpt>
      <trkpt lat="50.15605" lon="14.8542">
        <ele>502</ele>
        <time>2025-03-28T17:26:53Z</time>
      </trkpt>
      <trkpt lat="50.15598333333333" lon="14.854283333333333">
        <ele>503</ele>
        <time>2025-03-28T17:26:54Z</time>
      </trkpt>
      <trkpt lat="50.15593333333333" lon="14.854366666666667">
        <ele>503</ele>
        <time>2025-03-28T17:26:55Z</time>
      </trkpt>
      <trkpt lat="50.155883333333335" lon="14.854466666666667">
        <ele>504</ele>
        <time>2025-03-28T17:26:56Z</time>
      </trkpt>
      <trkpt lat="50.155833333333334" lon="14.85455">
        <ele>505</ele>
        <time>2025-03-28T17:26:57Z</time>
      </trkpt>
      <trkpt lat="50.15578333333333" lon="14.85465">
        <ele>505</ele>
        <time>2025-03-28T17:26:58Z</time>
      </trkpt>
      <trkpt lat="50.15573333333333" lon="14.854733333333334">
        <ele>506</ele>
        <time>2025-03-28T17:26:59Z</time>
      </trkpt>
      <trkpt lat="50.15566666666667" lon="14.854816666666666">
        <ele>507</ele>
        <time>2025-03-28T17:27:00Z</time>
      </trkpt>
      <trkpt lat="50.15561666666667" lon="14.854916666666666">
        <ele>508</ele>
        <time>2025-03-28T17:27:01Z</time>
      </trkpt>
      <trkpt lat="50.155566666666665" lon="14.854983333333333">
        <ele>508</ele>
        <time>2025-03-28T17:27:02Z</time>
      </trkpt>
      <trkpt lat="50.155516666666664" lon="14.855083333333333">
        <ele>508</ele>
        <time>2025-03-28T17:27:03Z</time>
      </trkpt>
      <trkpt lat="50.15546666666667" lon="14.855166666666667">
        <ele>508</ele>
        <time>2025-03-28T17:27:04Z</time>
      </trkpt>
      <trkpt lat="50.15541666666667" lon="14.855266666666667">
        <ele>508</ele>
        <time>2025-03-28T17:27:05Z</time>
      </trkpt>
      <trkpt lat="50.155366666666666" lon="14.855366666666667">
        <ele>508</ele>
        <time>2025-03-28T17:27:06Z</time>
      </trkpt>
      <trkpt lat="50.155316666666664" lon="14.85545">
        <ele>508</ele>
        <time>2025-03-28T17:27:07Z</time>
      </trkpt>
      <trkpt lat="50.15526666666667" lon="14.85555">
        <ele>508</ele>
        <time>2025-03-28T17:27:08Z</time>
      </trkpt>
      <trkpt lat="50.155233333333335" lon="14.855633333333333">
        <ele>508</ele>
        <time>2025-03-28T17:27:09Z</time>
      </trkpt>
      <trkpt lat="50.15518333333333" lon="14.855733333333333">
        <ele>508</ele>
        <time>2025-03-28T17:27:10Z</time>
      </trkpt>
      <trkpt lat="50.15515" lon="14.855833333333333">
        <ele>508</ele>
        <time>2025-03-28T17:27:11Z</time>
      </trkpt>
      <trkpt lat="50.1551" lon="14.855933333333333">
        <ele>507</ele>
        <time>2025-03-28T17:27:12Z</time>
      </trkpt>
      <trkpt lat="50.15506666666667" lon="14.85605">
        <ele>506</ele>
        <time>2025-03-28T17:27:13Z</time>
      </trkpt>
      <trkpt lat="50.155033333333336" lon="14.85615">
        <ele>505</ele>
        <time>2025-03-28T17:27:14Z</time>
      </trkpt>
      <trkpt lat="50.15501666666667" lon="14.856266666666667">
        <ele>504</ele>
        <time>2025-03-28T17:27:15Z</time>
      </trkpt>
      <trkpt lat="50.154983333333334" lon="14.856383333333333">
        <ele>503</ele>
        <time>2025-03-28T17:27:16Z</time>
      </trkpt>
      <trkpt lat="50.15496666666667" lon="14.8565">
        <ele>502</ele>
        <time>2025-03-28T17:27:17Z</time>
      </trkpt>
      <trkpt lat="50.15495" lon="14.856616666666667">
        <ele>501</ele>
        <time>2025-03-28T17:27:18Z</time>
      </trkpt>
      <trkpt lat="50.15493333333333" lon="14.856733333333333">
        <ele>500</ele>
        <time>2025-03-28T17:27:19Z</time>
      </trkpt>
      <trkpt lat="50.154916666666665" lon="14.856833333333332">
        <ele>498</ele>
        <time>2025-03-28T17:27:20Z</time>
      </trkpt>
      <trkpt lat="50.1549" lon="14.85695">
        <ele>497</ele>
        <time>2025-03-28T17:27:21Z</time>
      </trkpt>
      <trkpt lat="50.15488333333333" lon="14.857066666666666">
        <ele>495</ele>
        <time>2025-03-28T17:27:22Z</time>
      </trkpt>
      <trkpt lat="50.15488333333333" lon="14.8572">
        <ele>492</ele>
        <time>2025-03-28T17:27:23Z</time>
      </trkpt>
      <trkpt lat="50.15488333333333" lon="14.85735">
        <ele>490</ele>
        <time>2025-03-28T17:27:24Z</time>
      </trkpt>
      <trkpt lat="50.1549" lon="14.857483333333333">
        <ele>487</ele>
        <time>2025-03-28T17:27:25Z</time>
      </trkpt>
      <trkpt lat="50.154916666666665" lon="14.857616666666667">
        <ele>484</ele>
        <time>2025-03-28T17:27:26Z</time>
      </trkpt>
      <trkpt lat="50.15493333333333" lon="14.85775">
        <ele>482</ele>
        <time>2025-03-28T17:27:27Z</time>
      </trkpt>
      <trkpt lat="50.15493333333333" lon="14.857866666666666">
        <ele>480</ele>
        <time>2025-03-28T17:27:28Z</time>
      </trkpt>
      <trkpt lat="50.15495" lon="14.858">
        <ele>477</ele>
        <time>2025-03-28T17:27:29Z</time>
      </trkpt>
      <trkpt lat="50.15495" lon="14.858133333333333">
        <ele>475</ele>
        <time>2025-03-28T17:27:30Z</time>
      </trkpt>
      <trkpt lat="50.15495" lon="14.858266666666667">
        <ele>473</ele>
        <time>2025-03-28T17:27:31Z</time>
      </trkpt>
      <trkpt lat="50.15493333333333" lon="14.858383333333334">
        <ele>470</ele>
        <time>2025-03-28T17:27:32Z</time>
      </trkpt>
      <trkpt lat="50.1549" lon="14.858483333333334">
        <ele>468</ele>
        <time>2025-03-28T17:27:33Z</time>
      </trkpt>
      <trkpt lat="50.15485" lon="14.8586">
        <ele>466</ele>
        <time>2025-03-28T17:27:34Z</time>
      </trkpt>
      <trkpt lat="50.1548" lon="14.8587">
        <ele>464</ele>
        <time>2025-03-28T17:27:35Z</time>
      </trkpt>
      <trkpt lat="50.15475" lon="14.8588">
        <ele>463</ele>
        <time>2025-03-28T17:27:36Z</time>
      </trkpt>
      <trkpt lat="50.154716666666666" lon="14.8589">
        <ele>461</ele>
        <time>2025-03-28T17:27:37Z</time>
      </trkpt>
      <trkpt lat="50.154666666666664" lon="14.859">
        <ele>460</ele>
        <time>2025-03-28T17:27:38Z</time>
      </trkpt>
      <trkpt lat="50.15461666666667" lon="14.8591">
        <ele>457</ele>
        <time>2025-03-28T17:27:39Z</time>
      </trkpt>
      <trkpt lat="50.154583333333335" lon="14.859216666666667">
        <ele>455</ele>
        <time>2025-03-28T17:27:40Z</time>
      </trkpt>
      <trkpt lat="50.15455" lon="14.859333333333334">
        <ele>453</ele>
        <time>2025-03-28T17:27:41Z</time>
      </trkpt>
      <trkpt lat="50.154516666666666" lon="14.85945">
        <ele>451</ele>
        <time>2025-03-28T17:27:42Z</time>
      </trkpt>
      <trkpt lat="50.15448333333333" lon="14.859583333333333">
        <ele>449</ele>
        <time>2025-03-28T17:27:43Z</time>
      </trkpt>
      <trkpt lat="50.15445" lon="14.859716666666667">
        <ele>447</ele>
        <time>2025-03-28T17:27:44Z</time>
      </trkpt>
      <trkpt lat="50.15441666666667" lon="14.859816666666667">
        <ele>444</ele>
        <time>2025-03-28T17:27:45Z</time>
      </trkpt>
      <trkpt lat="50.15436666666667" lon="14.859916666666667">
        <ele>443</ele>
        <time>2025-03-28T17:27:46Z</time>
      </trkpt>
      <trkpt lat="50.1543" lon="14.859983333333334">
        <ele>441</ele>
        <time>2025-03-28T17:27:47Z</time>
      </trkpt>
      <trkpt lat="50.15421666666667" lon="14.86005">
        <ele>439</ele>
        <time>2025-03-28T17:27:48Z</time>
      </trkpt>
      <trkpt lat="50.15415" lon="14.860116666666666">
        <ele>437</ele>
        <time>2025-03-28T17:27:49Z</time>
      </trkpt>
      <trkpt lat="50.154066666666665" lon="14.860166666666666">
        <ele>434</ele>
        <time>2025-03-28T17:27:50Z</time>
      </trkpt>
      <trkpt lat="50.154" lon="14.860216666666666">
        <ele>433</ele>
        <time>2025-03-28T17:27:51Z</time>
      </trkpt>
      <trkpt lat="50.15391666666667" lon="14.86025">
        <ele>430</ele>
        <time>2025-03-28T17:27:52Z</time>
      </trkpt>
      <trkpt lat="50.15383333333333" lon="14.860283333333333">
        <ele>428</ele>
        <time>2025-03-28T17:27:53Z</time>
      </trkpt>
      <trkpt lat="50.15375" lon="14.860333333333333">
        <ele>426</ele>
        <time>2025-03-28T17:27:54Z</time>
      </trkpt>
      <trkpt lat="50.153666666666666" lon="14.86035">
        <ele>425</ele>
        <time>2025-03-28T17:27:55Z</time>
      </trkpt>
      <trkpt lat="50.15358333333333" lon="14.860383333333333">
        <ele>423</ele>
        <time>2025-03-28T17:27:56Z</time>
      </trkpt>
      <trkpt lat="50.1535" lon="14.8604">
        <ele>421</ele>
        <time>2025-03-28T17:27:57Z</time>
      </trkpt>
      <trkpt lat="50.153416666666665" lon="14.860416666666667">
        <ele>419</ele>
        <time>2025-03-28T17:27:58Z</time>
      </trkpt>
      <trkpt lat="50.15331666666667" lon="14.860433333333333">
        <ele>417</ele>
        <time>2025-03-28T17:27:59Z</time>
      </trkpt>
      <trkpt lat="50.15323333333333" lon="14.860433333333333">
        <ele>415</ele>
        <time>2025-03-28T17:28:00Z</time>
      </trkpt>
      <trkpt lat="50.15315" lon="14.86045">
        <ele>413</ele>
        <time>2025-03-28T17:28:01Z</time>
      </trkpt>
      <trkpt lat="50.15305" lon="14.860433333333333">
        <ele>411</ele>
        <time>2025-03-28T17:28:02Z</time>
      </trkpt>
      <trkpt lat="50.152966666666664" lon="14.860433333333333">
        <ele>409</ele>
        <time>2025-03-28T17:28:03Z</time>
      </trkpt>
      <trkpt lat="50.152883333333335" lon="14.860433333333333">
        <ele>407</ele>
        <time>2025-03-28T17:28:04Z</time>
      </trkpt>
      <trkpt lat="50.15278333333333" lon="14.860433333333333">
        <ele>405</ele>
        <time>2025-03-28T17:28:05Z</time>
      </trkpt>
      <trkpt lat="50.1527" lon="14.860416666666667">
        <ele>404</ele>
        <time>2025-03-28T17:28:06Z</time>
      </trkpt>
      <trkpt lat="50.15261666666667" lon="14.8604">
        <ele>402</ele>
        <time>2025-03-28T17:28:07Z</time>
      </trkpt>
      <trkpt lat="50.15253333333333" lon="14.860366666666666">
        <ele>400</ele>
        <time>2025-03-28T17:28:08Z</time>
      </trkpt>
      <trkpt lat="50.152433333333335" lon="14.860316666666666">
        <ele>398</ele>
        <time>2025-03-28T17:28:09Z</time>
      </trkpt>
      <trkpt lat="50.152366666666666" lon="14.860266666666666">
        <ele>396</ele>
        <time>2025-03-28T17:28:10Z</time>
      </trkpt>
      <trkpt lat="50.15228333333334" lon="14.8602">
        <ele>394</ele>
        <time>2025-03-28T17:28:11Z</time>
      </trkpt>
      <trkpt lat="50.1522" lon="14.860116666666666">
        <ele>392</ele>
        <time>2025-03-28T17:28:12Z</time>
      </trkpt>
      <trkpt lat="50.15213333333333" lon="14.86">
        <ele>390</ele>
        <time>2025-03-28T17:28:13Z</time>
      </trkpt>
      <trkpt lat="50.15205" lon="14.8599">
        <ele>388</ele>
        <time>2025-03-28T17:28:14Z</time>
      </trkpt>
      <trkpt lat="50.151983333333334" lon="14.859783333333333">
        <ele>386</ele>
        <time>2025-03-28T17:28:15Z</time>
      </trkpt>
      <trkpt lat="50.151916666666665" lon="14.859666666666667">
        <ele>384</ele>
        <time>2025-03-28T17:28:16Z</time>
      </trkpt>
      <trkpt lat="50.15186666666666" lon="14.859516666666666">
        <ele>382</ele>
        <time>2025-03-28T17:28:17Z</time>
      </trkpt>
      <trkpt lat="50.151833333333336" lon="14.85935">
        <ele>380</ele>
        <time>2025-03-28T17:28:18Z</time>
      </trkpt>
      <trkpt lat="50.15181666666667" lon="14.859166666666667">
        <ele>378</ele>
        <time>2025-03-28T17:28:19Z</time>
      </trkpt>
      <trkpt lat="50.151833333333336" lon="14.858966666666667">
        <ele>375</ele>
        <time>2025-03-28T17:28:20Z</time>
      </trkpt>
      <trkpt lat="50.15185" lon="14.858783333333333">
        <ele>373</ele>
        <time>2025-03-28T17:28:21Z</time>
      </trkpt>
      <trkpt lat="50.15185" lon="14.8586">
        <ele>371</ele>
        <time>2025-03-28T17:28:22Z</time>
      </trkpt>
      <trkpt lat="50.151833333333336" lon="14.858416666666667">
        <ele>368</ele>
        <time>2025-03-28T17:28:23Z</time>
      </trkpt>
      <trkpt lat="50.15181666666667" lon="14.85825">
        <ele>366</ele>
        <time>2025-03-28T17:28:24Z</time>
      </trkpt>
      <trkpt lat="50.1518" lon="14.858066666666666">
        <ele>364</ele>
        <time>2025-03-28T17:28:25Z</time>
      </trkpt>
      <trkpt lat="50.1518" lon="14.857883333333334">
        <ele>362</ele>
        <time>2025-03-28T17:28:26Z</time>
      </trkpt>
      <trkpt lat="50.151783333333334" lon="14.857716666666667">
        <ele>361</ele>
        <time>2025-03-28T17:28:27Z</time>
      </trkpt>
      <trkpt lat="50.151783333333334" lon="14.857533333333333">
        <ele>359</ele>
        <time>2025-03-28T17:28:28Z</time>
      </trkpt>
      <trkpt lat="50.15176666666667" lon="14.857366666666667">
        <ele>357</ele>
        <time>2025-03-28T17:28:29Z</time>
      </trkpt>
      <trkpt lat="50.15175" lon="14.857183333333333">
        <ele>355</ele>
        <time>2025-03-28T17:28:30Z</time>
      </trkpt>
      <trkpt lat="50.15173333333333" lon="14.857016666666667">
        <ele>353</ele>
        <time>2025-03-28T17:28:31Z</time>
      </trkpt>
      <trkpt lat="50.151716666666665" lon="14.85685">
        <ele>351</ele>
        <time>2025-03-28T17:28:32Z</time>
      </trkpt>
      <trkpt lat="50.15173333333333" lon="14.856666666666667">
        <ele>349</ele>
        <time>2025-03-28T17:28:33Z</time>
      </trkpt>
      <trkpt lat="50.15176666666667" lon="14.856483333333333">
        <ele>347</ele>
        <time>2025-03-28T17:28:34Z</time>
      </trkpt>
      <trkpt lat="50.15181666666667" lon="14.8563">
        <ele>344</ele>
        <time>2025-03-28T17:28:35Z</time>
      </trkpt>
      <trkpt lat="50.15185" lon="14.856116666666667">
        <ele>342</ele>
        <time>2025-03-28T17:28:36Z</time>
      </trkpt>
      <trkpt lat="50.15188333333333" lon="14.85595">
        <ele>340</ele>
        <time>2025-03-28T17:28:37Z</time>
      </trkpt>
      <trkpt lat="50.15193333333333" lon="14.855766666666666">
        <ele>338</ele>
        <time>2025-03-28T17:28:38Z</time>
      </trkpt>
      <trkpt lat="50.151983333333334" lon="14.8556">
        <ele>335</ele>
        <time>2025-03-28T17:28:39Z</time>
      </trkpt>
      <trkpt lat="50.15205" lon="14.855433333333334">
        <ele>333</ele>
        <time>2025-03-28T17:28:40Z</time>
      </trkpt>
      <trkpt lat="50.152116666666664" lon="14.855266666666667">
        <ele>331</ele>
        <time>2025-03-28T17:28:41Z</time>
      </trkpt>
      <trkpt lat="50.1522" lon="14.855133333333333">
        <ele>329</ele>
        <time>2025-03-28T17:28:42Z</time>
      </trkpt>
      <trkpt lat="50.1523" lon="14.855033333333333">
        <ele>327</ele>
        <time>2025-03-28T17:28:43Z</time>
      </trkpt>
      <trkpt lat="50.152433333333335" lon="14.854966666666666">
        <ele>325</ele>
        <time>2025-03-28T17:28:44Z</time>
      </trkpt>
      <trkpt lat="50.152566666666665" lon="14.85495">
        <ele>322</ele>
        <time>2025-03-28T17:28:45Z</time>
      </trkpt>
      <trkpt lat="50.152683333333336" lon="14.854966666666666">
        <ele>320</ele>
        <time>2025-03-28T17:28:46Z</time>
      </trkpt>
      <trkpt lat="50.1528" lon="14.855033333333333">
        <ele>318</ele>
        <time>2025-03-28T17:28:47Z</time>
      </trkpt>
      <trkpt lat="50.1529" lon="14.855116666666667">
        <ele>316</ele>
        <time>2025-03-28T17:28:48Z</time>
      </trkpt>
      <trkpt lat="50.153" lon="14.855216666666667">
        <ele>315</ele>
        <time>2025-03-28T17:28:49Z</time>
      </trkpt>
      <trkpt lat="50.1531" lon="14.8553">
        <ele>313</ele>
        <time>2025-03-28T17:28:50Z</time>
      </trkpt>
      <trkpt lat="50.1532" lon="14.8554">
        <ele>311</ele>
        <time>2025-03-28T17:28:51Z</time>
      </trkpt>
      <trkpt lat="50.1533" lon="14.855483333333334">
        <ele>309</ele>
        <time>2025-03-28T17:28:52Z</time>
      </trkpt>
      <trkpt lat="50.1534" lon="14.855583333333334">
        <ele>307</ele>
        <time>2025-03-28T17:28:53Z</time>
      </trkpt>
      <trkpt lat="50.1535" lon="14.855683333333333">
        <ele>304</ele>
        <time>2025-03-28T17:28:54Z</time>
      </trkpt>
      <trkpt lat="50.1536" lon="14.855783333333333">
        <ele>302</ele>
        <time>2025-03-28T17:28:55Z</time>
      </trkpt>
      <trkpt lat="50.1537" lon="14.855883333333333">
        <ele>300</ele>
        <time>2025-03-28T17:28:56Z</time>
      </trkpt>
      <trkpt lat="50.15378333333334" lon="14.855983333333333">
        <ele>298</ele>
        <time>2025-03-28T17:28:57Z</time>
      </trkpt>
      <trkpt lat="50.15385" lon="14.856116666666667">
        <ele>296</ele>
        <time>2025-03-28T17:28:58Z</time>
      </trkpt>
      <trkpt lat="50.1539" lon="14.85625">
        <ele>293</ele>
        <time>2025-03-28T17:28:59Z</time>
      </trkpt>
      <trkpt lat="50.15396666666667" lon="14.8564">
        <ele>291</ele>
        <time>2025-03-28T17:29:00Z</time>
      </trkpt>
      <trkpt lat="50.154016666666664" lon="14.856533333333333">
        <ele>289</ele>
        <time>2025-03-28T17:29:01Z</time>
      </trkpt>
      <trkpt lat="50.15408333333333" lon="14.856666666666667">
        <ele>287</ele>
        <time>2025-03-28T17:29:02Z</time>
      </trkpt>
      <trkpt lat="50.15415" lon="14.8568">
        <ele>284</ele>
        <time>2025-03-28T17:29:03Z</time>
      </trkpt>
      <trkpt lat="50.1542" lon="14.85695">
        <ele>282</ele>
        <time>2025-03-28T17:29:04Z</time>
      </trkpt>
      <trkpt lat="50.15425" lon="14.857083333333334">
        <ele>280</ele>
        <time>2025-03-28T17:29:05Z</time>
      </trkpt>
      <trkpt lat="50.154266666666665" lon="14.857233333333333">
        <ele>279</ele>
        <time>2025-03-28T17:29:06Z</time>
      </trkpt>
      <trkpt lat="50.15428333333333" lon="14.857383333333333">
        <ele>277</ele>
        <time>2025-03-28T17:29:07Z</time>
      </trkpt>
      <trkpt lat="50.1543" lon="14.857533333333333">
        <ele>275</ele>
        <time>2025-03-28T17:29:08Z</time>
      </trkpt>
      <trkpt lat="50.154316666666666" lon="14.857666666666667">
        <ele>273</ele>
        <time>2025-03-28T17:29:09Z</time>
      </trkpt>
      <trkpt lat="50.1543" lon="14.857816666666666">
        <ele>271</ele>
        <time>2025-03-28T17:29:10Z</time>
      </trkpt>
      <trkpt lat="50.1543" lon="14.857966666666666">
        <ele>269</ele>
        <time>2025-03-28T17:29:11Z</time>
      </trkpt>
      <trkpt lat="50.1543" lon="14.8581">
        <ele>267</ele>
        <time>2025-03-28T17:29:12Z</time>
      </trkpt>
      <trkpt lat="50.154266666666665" lon="14.85825">
        <ele>265</ele>
        <time>2025-03-28T17:29:13Z</time>
      </trkpt>
      <trkpt lat="50.15423333333333" lon="14.858366666666667">
        <ele>262</ele>
        <time>2025-03-28T17:29:14Z</time>
      </trkpt>
      <trkpt lat="50.15416666666667" lon="14.85845">
        <ele>260</ele>
        <time>2025-03-28T17:29:15Z</time>
      </trkpt>
      <trkpt lat="50.15408333333333" lon="14.858466666666667">
        <ele>257</ele>
        <time>2025-03-28T17:29:16Z</time>
      </trkpt>
      <trkpt lat="50.153983333333336" lon="14.858466666666667">
        <ele>255</ele>
        <time>2025-03-28T17:29:17Z</time>
      </trkpt>
      <trkpt lat="50.1539" lon="14.85845">
        <ele>252</ele>
        <time>2025-03-28T17:29:18Z</time>
      </trkpt>
      <trkpt lat="50.1538" lon="14.858466666666667">
        <ele>250</ele>
        <time>2025-03-28T17:29:19Z</time>
      </trkpt>
      <trkpt lat="50.15371666666667" lon="14.8585">
        <ele>248</ele>
        <time>2025-03-28T17:29:20Z</time>
      </trkpt>
      <trkpt lat="50.15363333333333" lon="14.858533333333334">
        <ele>245</ele>
        <time>2025-03-28T17:29:21Z</time>
      </trkpt>
      <trkpt lat="50.15355" lon="14.858583333333334">
        <ele>243</ele>
        <time>2025-03-28T17:29:22Z</time>
      </trkpt>
      <trkpt lat="50.15346666666667" lon="14.858633333333334">
        <ele>241</ele>
        <time>2025-03-28T17:29:23Z</time>
      </trkpt>
      <trkpt lat="50.15338333333333" lon="14.8587">
        <ele>238</ele>
        <time>2025-03-28T17:29:24Z</time>
      </trkpt>
      <trkpt lat="50.1533" lon="14.858766666666666">
        <ele>236</ele>
        <time>2025-03-28T17:29:25Z</time>
      </trkpt>
      <trkpt lat="50.15323333333333" lon="14.85885">
        <ele>234</ele>
        <time>2025-03-28T17:29:26Z</time>
      </trkpt>
      <trkpt lat="50.153166666666664" lon="14.858933333333333">
        <ele>233</ele>
        <time>2025-03-28T17:29:27Z</time>
      </trkpt>
      <trkpt lat="50.1531" lon="14.859016666666667">
        <ele>231</ele>
        <time>2025-03-28T17:29:28Z</time>
      </trkpt>
      <trkpt lat="50.153016666666666" lon="14.8591">
        <ele>229</ele>
        <time>2025-03-28T17:29:29Z</time>
      </trkpt>
      <trkpt lat="50.15293333333333" lon="14.85915">
        <ele>228</ele>
        <time>2025-03-28T17:29:30Z</time>
      </trkpt>
      <trkpt lat="50.15285" lon="14.8592">
        <ele>226</ele>
        <time>2025-03-28T17:29:31Z</time>
      </trkpt>
      <trkpt lat="50.152766666666665" lon="14.85925">
        <ele>223</ele>
        <time>2025-03-28T17:29:32Z</time>
      </trkpt>
      <trkpt lat="50.152683333333336" lon="14.8593">
        <ele>221</ele>
        <time>2025-03-28T17:29:33Z</time>
      </trkpt>
      <trkpt lat="50.1526" lon="14.85935">
        <ele>220</ele>
        <time>2025-03-28T17:29:34Z</time>
      </trkpt>
      <trkpt lat="50.15253333333333" lon="14.859366666666666">
        <ele>219</ele>
        <time>2025-03-28T17:29:35Z</time>
      </trkpt>
      <trkpt lat="50.1525" lon="14.8594">
        <ele>219</ele>
        <time>2025-03-28T17:29:36Z</time>
      </trkpt>
      <trkpt lat="50.15246666666667" lon="14.859433333333333">
        <ele>220</ele>
        <time>2025-03-28T17:29:37Z</time>
      </trkpt>
      <trkpt lat="50.15245" lon="14.85945">
        <ele>220</ele>
        <time>2025-03-28T17:29:38Z</time>
      </trkpt>
      <trkpt lat="50.15241666666667" lon="14.859466666666666">
        <ele>220</ele>
        <time>2025-03-28T17:29:39Z</time>
      </trkpt>
      <trkpt lat="50.1524" lon="14.859483333333333">
        <ele>221</ele>
        <time>2025-03-28T17:29:40Z</time>
      </trkpt>
      <trkpt lat="50.15238333333333" lon="14.8595">
        <ele>221</ele>
        <time>2025-03-28T17:29:41Z</time>
      </trkpt>
      <trkpt lat="50.152366666666666" lon="14.8595">
        <ele>221</ele>
        <time>2025-03-28T17:29:42Z</time>
      </trkpt>
      <trkpt lat="50.152366666666666" lon="14.8595">
        <ele>221</ele>
        <time>2025-03-28T17:29:43Z</time>
      </trkpt>
      <trkpt lat="50.15235" lon="14.859483333333333">
        <ele>221</ele>
        <time>2025-03-28T17:29:44Z</time>
      </trkpt>
      <trkpt lat="50.15233333333333" lon="14.859483333333333">
        <ele>221</ele>
        <time>2025-03-28T17:29:45Z</time>
      </trkpt>
      <trkpt lat="50.152316666666664" lon="14.859483333333333">
        <ele>221</ele>
        <time>2025-03-28T17:29:46Z</time>
      </trkpt>
      <trkpt lat="50.152316666666664" lon="14.859483333333333">
        <ele>221</ele>
        <time>2025-03-28T17:29:47Z</time>
      </trkpt>
      <trkpt lat="50.152316666666664" lon="14.859483333333333">
        <ele>221</ele>
        <time>2025-03-28T17:29:48Z</time>
      </trkpt>
      <trkpt lat="50.152316666666664" lon="14.859483333333333">
        <ele>221</ele>
        <time>2025-03-28T17:29:49Z</time>
      </trkpt>
      <trkpt lat="50.152316666666664" lon="14.859466666666666">
        <ele>221</ele>
        <time>2025-03-28T17:29:50Z</time>
      </trkpt>
      <trkpt lat="50.152316666666664" lon="14.859466666666666">
        <ele>221</ele>
        <time>2025-03-28T17:29:51Z</time>
      </trkpt>
      <trkpt lat="50.152316666666664" lon="14.859466666666666">
        <ele>221</ele>
        <time>2025-03-28T17:29:52Z</time>
      </trkpt>
      <trkpt lat="50.152316666666664" lon="14.859466666666666">
        <ele>221</ele>
        <time>2025-03-28T17:29:53Z</time>
      </trkpt>
      <trkpt lat="50.152316666666664" lon="14.859466666666666">
        <ele>221</ele>
        <time>2025-03-28T17:29:54Z</time>
      </trkpt>
      <trkpt lat="50.152316666666664" lon="14.85945">
        <ele>221</ele>
        <time>2025-03-28T17:29:55Z</time>
      </trkpt>
      <trkpt lat="50.152316666666664" lon="14.85945">
        <ele>221</ele>
        <time>2025-03-28T17:29:56Z</time>
      </trkpt>
      <trkpt lat="50.152316666666664" lon="14.859466666666666">
        <ele>221</ele>
        <time>2025-03-28T17:29:57Z</time>
      </trkpt>
      <trkpt lat="50.152316666666664" lon="14.859466666666666">
        <ele>221</ele>
        <time>2025-03-28T17:29:58Z</time>
      </trkpt>
      <trkpt lat="50.152316666666664" lon="14.859466666666666">
        <ele>221</ele>
        <time>2025-03-28T17:29:59Z</time>
      </trkpt>
      <trkpt lat="50.152316666666664" lon="14.859466666666666">
        <ele>221</ele>
        <time>2025-03-28T17:30:00Z</time>
      </trkpt>
      <trkpt lat="50.152316666666664" lon="14.859466666666666">
        <ele>221</ele>
        <time>2025-03-28T17:30:01Z</time>
      </trkpt>
      <trkpt lat="50.152316666666664" lon="14.859466666666666">
        <ele>221</ele>
        <time>2025-03-28T17:30:02Z</time>
      </trkpt>
    </trkseg>
  </trk>
</gpx>