AXFH000
HFDTE140125
HFPLTPILOT:Duluon.org
HFGTYGLIDERTYPE:Davinci DUET PRO TANDEM
HFDTM100GPSDATUM:WGS84
HFRFWFIRMWAREVERSION:8.0.2
HFRHWHARDWAREVERSION:iPhone 8
HFFTYFRTYPE:Flyskyhy,8.0.2
HFGPS:Internal
HFPRSVARIO:Internal Vario
HFCCLCOMPETITIONCLASS:Paraglider
HFTZNTIMEZONE:7
I053638FXA3941VXA4244GSP4547CCO4850HDT
B0611152127401N10538360EA0090000899064085002359118
B0611162127401N10538359EA0090000894064073000359136
B0611172127401N10538359EA0089900892064088001359116
B0611182127401N10538359EA0089700890096111001359116
B0611192127402N10538360EA0089600889096104001359112
B0611202127402N10538361EA0089500887096121001359116
B0611212127403N10538361EA0089300888096092002359116
B0611222127402N10538361EA0089200887064083002359124
B0611232127402N10538360EA0089100884064069001359088
B0611242127402N10538360EA0089000884032020000359063
B0611252127402N10538360EA0088900885032078005359045
B0611262127402N10538360EA0088800885048081003359053
B0611272127402N10538360EA0088800886064086003359062
B0611282127403N10538360EA0088700888048066003359058
B0611292127404N10538360EA0088700889048106003359197
B0611302127404N10538361EA0088700902032033001359002
B0611312127406N10538362EA0088700924048101001359011
B0611322127405N10538362EA0088700928048096002359004
B0611332127403N10538362EA0088700927032066011186273
B0611342127397N10538363EA0092700925032086017177242
B0611352127394N10538364EA0092600927032060015179238
B0611362127392N10538366EA0092500928032051015207217
B0611372127389N10538365EA0092500929032048015213243
B0611382127387N10538363EA0092500928032046019216218
B0611392127385N10538361EA0092500925024046020212222
B0611402127382N10538360EA0092500924024044020209226
B0611412127379N10538358EA0092500924024043020210232
B0611422127376N10538355EA0092400923024042022220242
B0611432127374N10538352EA0092400921016041024225227
B0611442127372N10538349EA0092400920016040026216226
B0611452127369N10538346EA0092300919016039026210228
B0611462127365N10538343EA0092200915016038028200225
B0611472127360N10538342EA0092100916016037028211225
B0611482127356N10538340EA0092000917016037024218217
B0611492127353N10538337EA0091900916016040024218226
B0611502127349N10538334EA0091800916016036024209206
B0611512127346N10538333EA0091800918016042025203204
B0611522127342N10538331EA0091700919016048026202212
B0611532127339N10538329EA0091700918016038027207206
B0611542127335N10538326EA0091600917016049030218223
B0611552127332N10538322EA0091600915016040028223217
B0611562127328N10538318EA0091600916016039028216231
B0611572127325N10538315EA0091600916016042026220228
B0611582127323N10538312EA0091600916016036029226232
B0611592127320N10538308EA0091600916016035030226240
B0612002127316N10538304EA0091500916016031030230241
B0612012127314N10538300EA0091500918016027030230248
B0612022127311N10538296EA0091700919016024028230251
B0612032127309N10538293EA0091800920016021017224255
B0612042127308N10538290EA0091900920016020018226249
B0612052127306N10538287EA0092100920016018018241254
B0612062127305N10538283EA0092200919016017021253259
B0612072127304N10538278EA0092300917016017027262266
B0612082127304N10538273EA0092300915016017028265270
B0612092127304N10538269EA0092300912016018028268268
B0612102127304N10538265EA0092300910016017026267257
B0612112127304N10538261EA0092200907016016024264249
B0612122127304N10538257EA0092000905016016023259241
B0612132127303N10538252EA0091900903016016028249233
B0612142127301N10538247EA0091700901016017028237231
B0612152127298N10538244EA0091500899016016028222234
B0612162127295N10538241EA0091300897016016027220236
B0612172127293N10538239EA0091300896016015023224237
B0612182127290N10538236EA0091200894016015025224231
B0612192127288N10538234EA0091200893016016028225229
B0612202127285N10538231EA0091100892016019028225234
B0612212127282N10538229EA0091000891016020028225234
B0612222127279N10538226EA0090900890016019028227231
B0612232127277N10538223EA0090900889016017023228230
B0612242127274N10538221EA0090900889016016026223231
B0612252127270N10538218EA0091000889016017026220218
B0612262127266N10538214EA0091000888016020031221228
B0612272127262N10538211EA0091000888016023034224226
B0612282127259N10538207EA0091000888016030032225218
B0612292127255N10538204EA0091100889016029032225215
B0612302127252N10538201EA0091100889016027028222220
B0612312127249N10538199EA0091300889016024028214230
B0612322127246N10538197EA0091400889016023027210229
B0612332127242N10538195EA0091500889016021024219236
B0612342127239N10538193EA0091500889016032026226215
B0612352127236N10538189EA0091500890016037025223214
B0612362127233N10538187EA0091500890016034025214202
B0612372127230N10538185EA0091500890016035025198199
B0612382127226N10538185EA0091500891016037027191188
B0612392127223N10538185EA0091600891016034027185175
B0612402127218N10538185EA0091600891016035026178161
B0612412127215N10538185EA0091700891016035026166147
B0612422127211N10538187EA0091900890032043025162153
B0612432127206N10538189EA0092000889032042027147158
B0612442127203N10538191EA0092100888032041027142146
B0612452127200N10538195EA0092300887024039026127142
B0612462127198N10538200EA0092400886024033026119133
B0612472127195N10538205EA0092600885024029026113123
B0612482127194N10538211EA0092700885024027027107113
B0612492127194N10538217EA0092800885016024028093119
B0612502127194N10538223EA0092900885016022028078114
B0612512127195N10538230EA0093000885016020032076102
B0612522127197N10538236EA0093200886016019032074083
B0612532127199N10538243EA0093300887016018033069078
B0612542127201N10538250EA0093400889024020033063058
B0612552127204N10538256EA0093400891024020033047057
B0612562127209N10538261EA0093400893024021036042038
B0612572127214N10538266EA0093500896024020036038027
B0612582127218N10538269EA0093500898016020035028021
B0612592127223N10538273EA0093600899016021035025006
B0613002127228N10538275EA0093700901016020035017347
B0613012127235N10538277EA0093700903016020040359338
B0613022127241N10538277EA0093600905016023043344339
B0613032127248N10538276EA0093600907016025039347326
B0613042127252N10538274EA0093600909032042039338330
B0613052127257N10538272EA0093700910032042033339324
B0613062127261N10538270EA0093900912016038031333320
B0613072127265N10538267EA0094100913016035031314306
B0613082127269N10538263EA0094300915032042034307289
B0613092127272N10538257EA0094500918032044036298286
B0613102127275N10538250EA0094600921032047036294291
B0613112127278N10538244EA0094700924016040036300296
B0613122127281N10538239EA0094800927016034032303301
B0613132127283N10538235EA0095100930016029026307293
B0613142127285N10538231EA0095300931016028026305286
B0613152127287N10538227EA0095500933016025026304283
B0613162127289N10538223EA0095700935016023026290275
B0613172127290N10538219EA0095800936016020027284271
B0613182127291N10538214EA0095800936016019027263265
B0613192127291N10538210EA0095800938016017029259267
B0613202127289N10538205EA0095800939016015029258262
B0613212127288N10538200EA0095900940016014029260252
B0613222127288N10538194EA0096000941016015029261258
B0613232127287N10538189EA0096000943016016028259248
B0613242127286N10538184EA0096100944016016028256252
B0613252127284N10538180EA0096200946016016028252239
B0613262127283N10538176EA0096300947016016026245239
B0613272127281N10538173EA0096400949016016025244238
B0613282127279N10538169EA0096400950016015026243230
B0613292127276N10538165EA0096400950016014028238233
B0613302127273N10538161EA0096300951016013028230223
B0613312127270N10538157EA0096300951016013030221224
B0613322127266N10538155EA0096200951016017030218224
B0613332127263N10538152EA0096100951016016028214218
B0613342127259N10538150EA0096000951016015029216215
B0613352127257N10538148EA0096000951016019028212209
B0613362127253N10538146EA0095900950016018028198197
B0613372127248N10538145EA0095800950016019028177187
B0613382127242N10538145EA0095800949016019032170183
B0613392127237N10538146EA0095700948016020032168162
B0613402127232N10538147EA0095600948016022032169162
B0613412127227N10538148EA0095600948016021032169148
B0613422127223N10538149EA0095500948016021031168145
B0613432127219N10538151EA0095600947016019026167130
B0613442127215N10538152EA0095700947016019026159144
B0613452127212N10538154EA0095900946016030026137144
B0613462127210N10538158EA0096100946016028024135134
B0613472127208N10538161EA0096300947016030024140120
B0613482127204N10538164EA0096400947016029028134123
B0613492127200N10538168EA0096600945016026030117120
B0613502127198N10538173EA0096700944016024030105111
B0613512127197N10538179EA0096800943016022030093100
B0613522127197N10538185EA0097000943016026031095104
B0613532127197N10538191EA0097200944016023028103100
B0613542127195N10538196EA0097500945016021028105095
B0613552127194N10538200EA0097800946016019026096091
B0613562127194N10538205EA0098100946016017026085088
B0613572127195N10538209EA0098400947016016027082083
B0613582127196N10538215EA0098500949016015032079087
B0613592127197N10538220EA0098600951016015033082087
B0614002127198N10538227EA0098600952016014033082085
B0614012127199N10538233EA0098700953016014033077092
B0614022127201N10538238EA0098800954016014033070089
B0614032127202N10538243EA0098800955016013031069087
B0614042127204N10538248EA0098900955016013031071065
B0614052127205N10538253EA0098900955016013031068054
B0614062127207N10538258EA0098900954016013030059036
B0614072127209N10538262EA0098900954016013030053037
B0614082127212N10538266EA0098900955016013031042035
B0614092127216N10538270EA0098800955016017031031031
B0614102127220N10538273EA0098800956016016031015020
B0614112127225N10538274EA0098700957016017032008008
B0614122127230N10538275EA0098600958016017033003001
B0614132127235N10538276EA0098600959016016034358349
B0614142127241N10538275EA0098600960016017035354338
B0614152127247N10538274EA0098600961016016034347328
B0614162127253N10538273EA0098600962016017034339324
B0614172127258N10538271EA0098600963016021033332313
B0614182127263N10538267EA0098600965016022033326317
B0614192127267N10538264EA0098700966016028036329306
B0614202127272N10538260EA0098800968016026036322301
B0614212127276N10538256EA0098900970016024038314290
B0614222127280N10538251EA0099200971016025038310278
B0614232127284N10538246EA0099300973016023038300282
B0614242127286N10538241EA0099500975016025038288283
B0614252127288N10538235EA0099700975016024035286285
B0614262127290N10538229EA0099900975016025033281271
B0614272127290N10538224EA0100100976016025029274255
B0614282127290N10538219EA0100200976016022023263251
B0614292127290N10538215EA0100300977016023025260280
B0614302127289N10538210EA0100400978016021025260258
B0614312127287N10538204EA0100400979016019026261269
B0614322127287N10538199EA0100500979016019027266259
B0614332127287N10538194EA0100600980016017031266276
B0614342127286N10538189EA0100700980016015033262245
B0614352127285N10538184EA0100700980016014033260273
B0614362127284N10538178EA0100700981016014033253292
B0614372127283N10538173EA0100800981016013031245280
B0614382127282N10538169EA0100900981016013027245276
B0614392127281N10538165EA0101000981016013027249266
B0614402127280N10538161EA0101000980016013026262260
B0614412127280N10538157EA0101100981016012025258259
B0614422127279N10538153EA0101100981016012025237251
B0614432127276N10538150EA0101000981016013022205233
B0614442127274N10538149EA0100900982016014023200209
B0614452127271N10538148EA0100700983016022023200201
B0614462127269N10538146EA0100600983016033023199193
B0614472127265N10538145EA0100400984016031024190180
B0614482127262N10538145EA0100300984016027024178166
B0614492127258N10538145EA0100200983016026024173159
B0614502127254N10538145EA0100000983016024024161147
B0614512127250N10538147EA0099800982016023026150142
B0614522127246N10538150EA0099700982016024026140139
B0614532127242N10538154EA0099600982016021031130123
B0614542127238N10538158EA0099400981016026032121118
B0614552127235N10538164EA0099300980016027032110107
B0614562127233N10538169EA0099200979016028035101101
B0614572127232N10538176EA0099200979016024036092101
B0614582127232N10538183EA0099100979016023038088104
B0614592127232N10538190EA0099000979016020040089094
B0615002127232N10538197EA0098900979016018040088086
B0615012127232N10538204EA0098900979016017040086085
B0615022127232N10538211EA0098900979016015041079078
B0615032127233N10538217EA0098900980016015037078088
B0615042127234N10538223EA0099000981016014037081087
B0615052127234N10538227EA0099300981016014030085087
B0615062127234N10538232EA0099500981016014029084081
B0615072127234N10538236EA0099800981016014028075074
B0615082127235N10538241EA0100000980016013030068075
B0615092127236N10538245EA0100100981016013031069071
B0615102127237N10538250EA0100100981016013030061071
B0615112127240N10538254EA0100100982016013030056066
B0615122127241N10538258EA0100100982016012030054067
B0615132127244N10538262EA0100200982016013030052061
B0615142127247N10538265EA0100200982016013030049056
B0615152127250N10538268EA0100200982016013026043055
B0615162127252N10538271EA0100200982016013026042051
B0615172127255N10538273EA0100200983016013026041058
B0615182127258N10538276EA0100200983016014032041048
B0615192127262N10538280EA0100200983024017033041059
B0615202127266N10538285EA0100100984024018032046062
B0615212127270N10538289EA0100000984024019031050083
B0615222127273N10538292EA0100000984024017027047087
B0615232127276N10538296EA0099900984016016028043084
B0615242127280N10538299EA0099900983016014030051079
B0615252127282N10538303EA0099800982016014030062082
B0615262127285N10538308EA0099600982016013034067086
B0615272127287N10538313EA0099400981016013036062084
B0615282127290N10538319EA0099200981016014039060081
B0615292127293N10538325EA0099100980016013039060079
B0615302127296N10538331EA0099000980016013038063075
B0615312127298N10538336EA0099000980016013036066081
B0615322127300N10538341EA0099100980016015035062075
B0615332127302N10538345EA0099100980016015036056079
B0615342127305N10538350EA0099200980016017037051079
B0615352127308N10538355EA0099300980016016037047076
B0615362127312N10538359EA0099400981016016037044073
B0615372127315N10538362EA0099500982016015034041064
B0615382127319N10538366EA0099700982016014032038063
B0615392127323N10538369EA0099900982016014032037060
B0615402127326N10538372EA0100100982016014032038056
B0615412127330N10538374EA0100400982016013031040056
B0615422127333N10538378EA0100500983016013031041053
B0615432127337N10538382EA0100600983016012038040055
B0615442127341N10538386EA0100600983016012038037056
B0615452127347N10538390EA0100600984016012038029045
B0615462127352N10538393EA0100700984016012038020044
B0615472127357N10538395EA0100800984016013036014039
B0615482127363N10538397EA0100900984016015032012036
B0615492127368N10538397EA0101000984016015033012029
B0615502127373N10538398EA0101100984016015033011024
B0615512127379N10538399EA0101200985016015034006020
B0615522127385N10538399EA0101300986016015034354015
B0615532127390N10538399EA0101300987016014035338008
B0615542127396N10538396EA0101400989016014036337355
B0615552127400N10538394EA0101400990016014036333346
B0615562127404N10538392EA0101500991016017036329345
B0615572127408N10538388EA0101600992016017034322337
B0615582127412N10538385EA0101600994016017033318331
B0615592127416N10538381EA0101700995016017033316312
B0616002127420N10538377EA0101800996016015031312292
B0616012127423N10538373EA0101900997016014029310273
B0616022127425N10538371EA0101900998016014025304272
B0616032127426N10538368EA0101900998016014019262274
B0616042127425N10538364EA0101900998016014029248260
B0616052127423N10538360EA0102000999016013026245253
B0616062127420N10538356EA0102000999016013026234251
B0616072127418N10538352EA0102101000016013025226235
B0616082127414N10538349EA0102301001016012024231239
B0616092127412N10538345EA0102401001016012024237234
B0616102127409N10538341EA0102501002016013024231223
B0616112127406N10538337EA0102601003016020025227215
B0616122127403N10538333EA0102701003016023026224201
B0616132127400N10538331EA0102701004016023024209197
B0616142127396N10538329EA0102801005016022024211201
B0616152127393N10538326EA0103001006016030024206190
B0616162127389N10538325EA0103101006016027024196178
B0616172127386N10538324EA0103201006016032024192173
B0616182127382N10538323EA0103301006016029024178178
B0616192127379N10538324EA0103301007016028024158181
B0616202127376N10538326EA0103301008016026021158183
B0616212127374N10538327EA0103601009016024020159176
B0616222127371N10538329EA0103701010016023020149154
B0616232127368N10538331EA0103801010016021025146133
B0616242127364N10538333EA0103901010016022030147133
B0616252127360N10538335EA0103901010016025030149119
B0616262127354N10538339EA0103901009016025030137121
B0616272127351N10538342EA0104001009016024024122126
B0616282127349N10538346EA0104201010016022026118125
B0616292127347N10538351EA0104401010016020026117123
B0616302127344N10538355EA0104701011016018029122104
B0616312127341N10538360EA0105001011016018033117109
B0616322127339N10538365EA0105201012016017034111108
B0616332127337N10538371EA0105301014016016035102101
B0616342127336N10538379EA0105501016016015035102094
B0616352127335N10538385EA0105601019016017035104095
B0616362127334N10538390EA0105801022016016033101088
B0616372127333N10538395EA0106001024016016029093094
B0616382127333N10538400EA0106101025016015030086088
B0616392127333N10538405EA0106201026016014030083083
B0616402127334N10538411EA0106301027016014033082076
B0616412127335N10538416EA0106301027016013033077071
B0616422127336N10538422EA0106401028016013031072069
B0616432127338N10538428EA0106401029016013033064060
B0616442127341N10538434EA0106501030016013033062059
B0616452127344N10538440EA0106501031016013040058048
B0616462127348N10538447EA0106501033016017044055035
B0616472127352N10538453EA0106501034016016043049040
B0616482127356N10538459EA0106601035016017043046045
B0616492127361N10538464EA0106701037016016041045039
B0616502127366N10538469EA0106901038016016039045034
B0616512127370N10538474EA0107101039016016036038025
B0616522127374N10538478EA0107301039016016034027018
B0616532127378N10538480EA0107401040016015036018014
B0616542127384N10538481EA0107501042016014036014005
B0616552127389N10538482EA0107601042016013036010003
B0616562127394N10538483EA0107701043016014034006008
B0616572127399N10538483EA0107801044016013035000003
B0616582127405N10538483EA0107801045016012041001018
B0616592127412N10538483EA0107801046016012041002005
B0617002127419N10538483EA0107901048016012042002358
B0617012127425N10538483EA0107901049016012042358005
B0617022127431N10538482EA0108001050016012038355351
B0617032127436N10538482EA0108101051024016038355350
B0617042127441N10538482EA0108301051024016035354351
B0617052127445N10538481EA0108401052024016032344330
B0617062127449N10538479EA0108401052024016029338323
B0617072127453N10538478EA0108401052016023028337320
B0617082127458N10538475EA0108401052016023031326299
B0617092127462N10538471EA0108301053016022031312287
B0617102127466N10538467EA0108301053016020031303285
B0617112127469N10538461EA0108201054016018030299279
B0617122127471N10538456EA0108201055016016021288297
B0617132127473N10538452EA0108301057016014021285287
B0617142127473N10538449EA0108401058016013020283274
B0617152127474N10538445EA0108601058016013020261273
B0617162127474N10538440EA0108801059016012026262259
B0617172127473N10538435EA0108901059016013029260261
B0617182127471N10538429EA0109001060016013029249256
B0617192127470N10538424EA0109101061016013028241252
B0617202127468N10538420EA0109201062016013025231249
B0617212127465N10538417EA0109301063016013021226250
B0617222127461N10538414EA0109601064016021022225244
B0617232127458N10538410EA0109701066016025025220236
B0617242127455N10538408EA0109801067016028025207227
B0617252127451N10538405EA0109901067016027028196224
B0617262127446N10538403EA0110001068016027029195223
B0617272127441N10538401EA0110001069016024028197216
B0617282127436N10538400EA0110101070016023028196210
B0617292127432N10538398EA0110201069016022028191199
B0617302127428N10538397EA0110301069016020027187197
B0617312127423N10538396EA0110401068016019028182197
B0617322127418N10538396EA0110501067016019026180190
B0617332127414N10538397EA0110601067016020026173185
B0617342127411N10538398EA0110701067016020025165175
B0617352127407N10538399EA0110801067016019025162167
B0617362127403N10538400EA0110901067016020028164159
B0617372127399N10538402EA0111001068016022028161159
B0617382127395N10538404EA0111101068016029028153164
B0617392127392N10538406EA0111301069016029024142165
B0617402127391N10538410EA0111501072024032023136161
B0617412127388N10538414EA0111701074024029023136153
B0617422127386N10538417EA0112001077024027027135145
B0617432127383N10538420EA0112401078024025030130144
B0617442127380N10538424EA0112501080016024030128131
B0617452127377N10538428EA0112601082016023031125122
B0617462127375N10538434EA0112701084016021032121124
B0617472127372N10538439EA0112801086016021030119104
B0617482127370N10538444EA0113001088016019031113108
B0617492127369N10538450EA0113001090016020031107102
B0617502127368N10538455EA0113001091016019033096094
B0617512127367N10538461EA0113001092016017034088086
B0617522127368N10538466EA0113001092016016036083073
B0617532127368N10538472EA0112801093016015036078062
B0617542127370N10538478EA0112601093016016036074057
B0617552127371N10538484EA0112301094016015035064053
B0617562127373N10538489EA0112101095016015035055048
B0617572127377N10538494EA0111801096016015040045048
B0617582127381N10538499EA0111601097016015040038040
B0617592127386N10538503EA0111401098016015040037036
B0618002127391N10538507EA0111301099016014038032031
B0618012127396N10538510EA0111301099016015038027023
B0618022127401N10538513EA0111301100016016038025012
B0618032127407N10538516EA0111201100016016038017003
B0618042127412N10538518EA0111201101016015036016000
B0618052127419N10538520EA0111101102016014036007359
B0618062127425N10538520EA0111101103016018037358356
B0618072127432N10538519EA0111101104016018041356346
B0618082127438N10538519EA0111101105016019041355003
B0618092127445N10538518EA0111201106016019041355359
B0618102127451N10538517EA0111301106016018038356348
B0618122127456N10538516EA0111501106016019034358354
B0618132127461N10538516EA0111701106016020034003000
B0618142127466N10538516EA0111801105016019034005003
B0618152127472N10538516EA0111901105016017036001348
B0618162127478N10538516EA0111901106016017036358356
B0618172127483N10538515EA0111901106016020036355002
B0618182127488N10538514EA0112001106016021031353358
B0618192127492N10538513EA0112101106024023028351349
B0618202127496N10538512EA0112201106024022028346347
B0618212127500N10538510EA0112401106024021030342335
B0618222127505N10538508EA0112501107024020030341330
B0618232127510N10538506EA0112501107016021033342347
B0618242127515N10538504EA0112601108016020036341329
B0618252127520N10538502EA0112601109016020036338330
B0618262127524N10538500EA0112701110016019034333326
B0618272127528N10538498EA0112801111016018033329330
B0618282127532N10538495EA0112901112016021032327321
B0618292127535N10538492EA0113101113016024032324303
B0618302127538N10538489EA0113101113016020032318295
B0618312127541N10538485EA0113201113016018028292280
B0618322127543N10538481EA0113301114016017024274265
B0618332127543N10538476EA0113301115016016024269276
B0618342127543N10538472EA0113401115016015024264263
B0618352127542N10538468EA0113501116016014023254254
B0618362127541N10538465EA0113601117016013017237245
B0618372127540N10538463EA0113701117016013018228238
B0618382127538N10538461EA0113701118016013018222239
B0618392127535N10538459EA0113801119016012019217229
B0618402127532N10538456EA0113901119016014021220216
B0618412127530N10538454EA0113901119016035021211207
B0618422127527N10538452EA0114001119016034021202194
B0618432127524N10538451EA0114001119016033019192192
B0618442127521N10538450EA0114101118016031020173190
B0618452127517N10538450EA0114301119016028021169182
B0618462127514N10538451EA0114401119016024021165171
B0618472127510N10538452EA0114401120016021021153164
B0618482127507N10538454EA0114501120016020026136150
B0618492127504N10538457EA0114501120016019030121142
B0618502127502N10538460EA0114501120016018030112134
B0618512127499N10538465EA0114401120016021033109124
B0618522127498N10538470EA0114301120016018029102107
B0618532127497N10538476EA0114201120016017031082093
B0618542127498N10538482EA0114201120016015031073085
B0618552127499N10538489EA0114101120016015036071065
B0618562127501N10538496EA0114101120016016042066055
B0618572127504N10538503EA0114001120016018046059052
B0618582127507N10538509EA0113901120016018045053045
B0618592127511N10538515EA0113801120016018045046041
B0619002127515N10538520EA0113701120016017042045037
B0619012127519N10538524EA0113701120016015043043023
B0619022127523N10538529EA0113701120016014042038022
B0619032127528N10538533EA0113801120016013042036009
B0619042127532N10538537EA0113801120016013038026016
B0619052127536N10538539EA0113901121016013039021019
B0619062127542N10538541EA0113901121016014039022014
B0619072127547N10538544EA0113901121016014039024011
B0619082127553N10538546EA0113901121016013036018014
B0619092127558N10538548EA0113901121016013036012010
B0619102127563N10538549EA0114001121016013036016019
B0619112127569N10538551EA0114001122016014036020016
B0619122127574N10538553EA0114101123016013039020004
B0619132127580N10538556EA0114201124016012039014006
B0619142127584N10538557EA0114401125016014035005008
B0619152127589N10538557EA0114601125016012035007013
B0619162127593N10538558EA0114701125016014033010019
B0619172127598N10538559EA0114901125016014035019017
B0619182127603N10538561EA0115001126016013033020008
B0619192127607N10538563EA0115201127016013031010000
B0619202127611N10538564EA0115301128016015031004359
B0619212127615N10538565EA0115501129016015034008005
B0619222127620N10538565EA0115601130016014034013013
B0619232127625N10538567EA0115701131016013035015013
B0619242127630N10538568EA0115801132016014035010012
B0619252127636N10538569EA0116001133016014035005002
B0619262127641N10538569EA0116101134016014034002005
B0619272127646N10538569EA0116201135016013034005005
B0619282127651N10538570EA0116301136016012032008001
B0619292127656N10538570EA0116301137016011032008359
B0619302127660N10538571EA0116401138016011032006001
B0619312127665N10538572EA0116501139016010030002359
B0619322127669N10538572EA0116501140016010030001002
B0619332127674N10538572EA0116601140016010030000359
B0619342127678N10538572EA0116601141016010029359004
B0619352127682N10538572EA0116701141016011027359357
B0619362127685N10538571EA0116701142016011025000002
B0619372127688N10538572EA0116801142016012028001359
B0619382127692N10538572EA0116801143016014028000353
B0619392127697N10538572EA0116801143016016029358348
B0619402127701N10538572EA0116801144016017030356341
B0619412127705N10538572EA0116801144016015030348338
B0619422127709N10538570EA0116801145016016027341333
B0619432127714N10538568EA0116801146016021027336327
B0619442127717N10538566EA0116901146016020026330318
B0619452127721N10538563EA0116901147016018026325312
B0619462127724N10538561EA0117001147016016025319300
B0619472127728N10538557EA0117001148016017025306293
B0619482127730N10538553EA0117001148016016022288283
B0619492127731N10538549EA0116901148016015022262268
B0619502127730N10538545EA0116901148016016022248254
B0619512127728N10538540EA0116901148016017024242247
B0619522127726N10538537EA0116901148016016020225233
B0619532127723N10538534EA0116801149016017020225222
B0619542127720N10538532EA0116801149016019019206208
B0619552127718N10538531EA0116801150016018019192199
B0619562127714N10538531EA0116801150016018021172186
B0619572127711N10538532EA0116701150016020024155179
B0619582127708N10538535EA0116701150016019024142177
B0619592127704N10538538EA0116801150016017026134165
B0620002127701N10538542EA0116801151016016030128159
B0620012127697N10538546EA0116801151016015035126155
B0620022127694N10538551EA0116901151016014035125149
B0620032127690N10538556EA0116901151016014035124144
B0620042127687N10538561EA0116901151016013036114140
B0620052127685N10538567EA0116901152016013036110138
B0620062127683N10538572EA0117001152016013034113142
B0620072127681N10538576EA0117001152016013033117141
B0620082127679N10538580EA0117101152016013033121150
B0620092127676N10538585EA0117101152016013035123153
B0620102127673N10538589EA0117101153016013035130163
B0620112127669N10538594EA0117201153016017035136169
B0620122127665N10538598EA0117201154016018034141180
B0620132127661N10538601EA0117201155016019034146184
B0620142127657N10538604EA0117301155016019033161184
B0620152127653N10538606EA0117401155016020031174195
B0620162127649N10538606EA0117401154016022028180204
B0620172127645N10538606EA0117401153016021028189211
B0620182127641N10538605EA0117501152016020026193218
B0620192127638N10538604EA0117501151016027021206221
B0620202127635N10538602EA0117601153016023021213228
B0620212127632N10538600EA0117601154016023023226235
B0620222127631N10538597EA0117601155016020023242242
B0620232127630N10538592EA0117701155016019023259248
B0620242127629N10538588EA0117701155016017021268262
B0620252127629N10538585EA0117701156016016022283265
B0620262127630N10538581EA0117701156016015022294276
B0620272127632N10538578EA0117701156016015026309284
B0620282127635N10538574EA0117701157016017024327298
B0620292127638N10538572EA0117701157016017026334311
B0620302127642N10538571EA0117701158016016026356318
B0620312127647N10538570EA0117701158016015031356344
B0620322127652N10538570EA0117601159016016030356350
B0620332127657N10538570EA0117601159016015030004352
B0620342127660N10538570EA0117601158016014028012001
B0620352127664N10538571EA0117701158016014028015005
B0620362127670N10538573EA0117701158016014033013008
B0620372127675N10538575EA0117801158016013033015007
B0620382127679N10538576EA0117801158016013030016005
B0620392127685N10538578EA0117901159016013030015006
B0620402127690N10538579EA0118001159016012035010001
B0620412127695N10538581EA0118101159016012036007341
B0620422127700N10538582EA0118301159016011035358350
B0620432127705N10538582EA0118501160016012031342341
B0620442127708N10538581EA0118601160016013021338325
B0620452127711N10538579EA0118801161016013022339300
B0620462127715N10538578EA0119001163024024022338270
B0620472127718N10538576EA0119201164024025027326269
B0620482127722N10538574EA0119301164024022029325264
B0620492127726N10538571EA0119301165024020029317267
B0620502127728N10538568EA0119301165016018024295265
B0620512127729N10538565EA0119301165016016020280252
B0620522127729N10538561EA0119301165016016016266243
B0620532127729N10538558EA0119401166016018016250234
B0620542127728N10538556EA0119401166016021013229226
B0620552127728N10538554EA0119401166016026013217215
B0620562127725N10538553EA0119401165016053014186210
B0620572127722N10538553EA0119401166016046017166193
B0620582127719N10538553EA0119401166016042017153180
B0620592127717N10538554EA0119401166016037018137171
B0621002127714N10538556EA0119301167016034023120158
B0621012127712N10538560EA0119301167016031027118140
B0621022127709N10538563EA0119301168016030027110135
B0621032127707N10538568EA0119301167016028030109128
B0621042127704N10538573EA0119201167016027032114125
B0621052127702N10538578EA0119201167016027032120128
B0621062127699N10538583EA0119201166016026032126135
B0621072127695N10538587EA0119201166016024031128141
B0621082127692N10538591EA0119201167016022029132144
B0621092127689N10538595EA0119301167016021029132148
B0621102127687N10538598EA0119401167016020023134149
B0621112127684N10538601EA0119501168016019023137153
B0621122127681N10538603EA0119601168016021022140152
B0621132127678N10538605EA0119701168016020023148151
B0621142127675N10538607EA0119801169016018022171156
B0621152127670N10538608EA0119801170016018023175170
B0621162127666N10538608EA0119801170016017024172175
B0621172127662N10538609EA0119801171016018025168175
B0621182127658N10538610EA0119801171016020025169175
B0621192127654N10538610EA0119901172016018026175177
B0621202127649N10538611EA0119901173016017026182182
B0621212127645N10538610EA0119901174016016026193189
B0621222127642N10538609EA0119901174016015022195198
B0621232127639N10538609EA0119901175016015019194201
B0621242127635N10538608EA0119901176016015018190202
B0621252127632N10538608EA0119901176016017021192200
B0621262127628N10538607EA0119801176016016021197201
B0621272127624N10538605EA0119701176016016027196204
B0621282127619N10538604EA0119701176016021026195202
B0621292127615N10538603EA0119701176016027026195202
B0621302127612N10538602EA0119701176016025023195202
B0621312127609N10538601EA0119801177016024020191203
B0621322127605N10538600EA0119901177016022024186200
B0621332127601N10538599EA0119901177016021029188199
B0621342127597N10538598EA0120001178016023029200205
B0621352127592N10538596EA0120001178016033030209215
B0621362127588N10538593EA0120001179016031026211218
B0621372127585N10538591EA0120101180016026026207221
B0621382127581N10538589EA0120301180016024025189215
B0621392127577N10538589EA0120401181016022025190208
B0621402127574N10538588EA0120601182016020026196219
B0621412127570N10538588EA0120701183016021026197212
B0621422127567N10538587EA0120701185016023025199228
B0621432127563N10538586EA0120701186016025025195227
B0621442127558N10538585EA0120601187016025032193223
B0621452127553N10538583EA0120601187016023036202228
B0621462127547N10538582EA0120601188016021032211227
B0621472127543N10538579EA0120601189016019031219227
B0621482127540N10538576EA0120601190016019026214224
B0621492127536N10538574EA0120701190016020026205214
B0621502127532N10538572EA0120801191016023026199217
B0621512127529N10538570EA0120901191016023026206225
B0621522127526N10538569EA0120901191016021025209225
B0621532127523N10538566EA0120901191016019026210220
B0621542127519N10538564EA0120901191016018026209222
B0621552127516N10538562EA0120801191016017026201223
B0621562127512N10538561EA0120801191016018029199218
B0621572127508N10538559EA0120801190016018029206224
B0621582127504N10538557EA0120801190016019028210221
B0621592127500N10538556EA0120801190016019028208213
B0622002127496N10538553EA0120801191016018027204215
B0622012127491N10538552EA0120801191016017027202211
B0622022127488N10538551EA0120801191016018024199214
B0622032127484N10538550EA0120801192016019024187204
B0622042127480N10538550EA0120901192016022027188198
B0622052127476N10538550EA0120901192016020027185201
B0622062127472N10538550EA0121001192016018025171209
B0622072127469N10538551EA0121201192016018023164198
B0622082127465N10538553EA0121301192016017024168194
B0622092127462N10538554EA0121401192016016025174195
B0622102127458N10538554EA0121501193016016025175185
B0622112127453N10538555EA0121701194016016027174187
B0622122127449N10538555EA0121801195016016026176189
B0622132127446N10538555EA0121901196016016026179190
B0622142127442N10538555EA0122001197016017025183182
B0622152127439N10538556EA0122201198016018023183192
B0622162127437N10538556EA0122301199016017021181207
B0622172127434N10538556EA0122401200016016021181214
B0622182127431N10538556EA0122401200016018021172213
B0622192127429N10538556EA0122401200016017020182221
B0622202127428N10538556EA0122301201016016013198221
B0622212127426N10538555EA0122201201016015013210222
B0622222127425N10538554EA0122001201016014013213230
B0622232127422N10538552EA0121701201016014017210244
B0622242127419N10538550EA0121401201016014022223236
B0622252127417N10538548EA0121201201016014022235231
B0622262127416N10538545EA0120901201016014019244243
B0622272127415N10538542EA0120701201016016019240252
B0622282127414N10538538EA0120401200016016022241243
B0622292127413N10538535EA0120201200016015022245257
B0622302127411N10538531EA0120101199016014020254269
B0622312127411N10538528EA0120001199016014020272271
B0622322127411N10538524EA0119901198016013027273276
B0622332127412N10538519EA0119801198016013028273276
B0622342127412N10538515EA0119701197016014027274291
B0622352127412N10538512EA0119701197016014025284288
B0622362127413N10538508EA0119601196016014028294299
B0622372127415N10538503EA0119501196016015034300298
B0622382127418N10538497EA0119501196016017034302303
B0622392127422N10538491EA0119501197016019037302303
B0622402127425N10538486EA0119501198016018030298297
B0622412127427N10538481EA0119601198016017030294301
B0622422127429N10538477EA0119901199016018030297304
B0622432127431N10538473EA0120201200016018028298304
B0622442127434N10538469EA0120501200016016029298303
B0622452127435N10538465EA0120801201016016032297306
B0622462127438N10538461EA0121001202016016032299311
B0622472127441N10538456EA0121201202016015032318311
B0622482127444N10538453EA0121301203016014032327325
B0622492127449N10538451EA0121301203016013032333323
B0622502127454N10538448EA0121301204016012030333327
B0622512127458N10538446EA0121301204016013030332328
B0622522127462N10538444EA0121301205016013030332326
B0622532127466N10538441EA0121401206016012030323326
B0622542127469N10538439EA0121401206016012028326332
B0622552127473N10538436EA0121401206016012028340336
B0622562127477N10538435EA0121401206016012031350343
B0622572127481N10538435EA0121401206016012033356351
B0622582127487N10538435EA0121401206016013033003355
B0622592127493N10538436EA0121401205016013034008002
B0623002127498N10538437EA0121401205016014034014013
B0623012127504N10538439EA0121301204016014037017023
B0623022127510N10538441EA0121301203016014037022030
B0623032127515N10538444EA0121201203016013037024035
B0623042127521N10538447EA0121201202016014037027049
B0623052127526N10538450EA0121201201016014038032051
B0623062127530N10538454EA0121101200016013037037065
B0623072127535N10538458EA0121101199016016037042062
B0623082127538N10538463EA0121001199016020037053062
B0623092127540N10538468EA0121001199016021037060071
B0623102127542N10538473EA0120901199016021035061080
B0623112127544N10538479EA0120901198016021035073085
B0623122127545N10538485EA0120801197016021037077078
B0623132127546N10538492EA0120701196016022038081079
B0623142127546N10538499EA0120601195016022037082077
B0623152127546N10538505EA0120501195016022035082085
B0623162127546N10538512EA0120501194016021033086091
B0623172127546N10538518EA0120401192016021033093095
B0623182127545N10538524EA0120401190016020033097101
B0623192127543N10538531EA0120301189016019037095091
B0623202127543N10538537EA0120201189016018043090085
B0623212127543N10538544EA0120101189016017043086078
B0623222127543N10538550EA0120001189016016040084080
B0623232127543N10538556EA0120001189016016037083072
B0623242127544N10538561EA0120001189016015030082071
B0623252127545N10538566EA0120101188016015031079062
B0623262127545N10538570EA0120301188016014031076069
B0623272127546N10538575EA0120401188016014031069065
B0623282127548N10538579EA0120801188016014032060061
B0623292127550N10538584EA0120901188016014033055049
B0623302127553N10538589EA0121001188016013033050050
B0623312127557N10538594EA0121101188012013034048043
B0623322127560N10538598EA0121201188012012035045040
B0623332127564N10538603EA0121301189012012035042041
B0623342127568N10538606EA0121501190016014034040034
B0623352127572N10538610EA0121701191016014032038044
B0623362127575N10538613EA0121901193012013030034040
B0623372127579N10538616EA0122201194012013030034035
B0623382127583N10538618EA0122501196012014030035028
B0623392127587N10538621EA0122701197012014031031023
B0623402127591N10538623EA0122901198012015037023020
B0623412127597N10538625EA0123101200016016039021027
B0623422127602N10538627EA0123201202016016037020029
B0623432127607N10538629EA0123301203016016037022030
B0623442127611N10538630EA0123501205016015028025028
B0623452127614N10538632EA0123701206012015029024024
B0623462127618N10538634EA0123901207012016029020015
B0623472127623N10538636EA0124201208012016030018011
B0623482127628N10538637EA0124301209012015035018000
B0623492127633N10538639EA0124401210016016035015340
B0623502127637N10538641EA0124401212016016031010342
B0623512127640N10538642EA0124501213016016028005339
B0623522127644N10538642EA0124501215016017021359339
B0623532127646N10538641EA0124601216016018021339330
B0623542127649N10538640EA0124701217016018019330319
B0623552127651N10538639EA0124801218016023019326311
B0623562127653N10538636EA0124801219016021019314300
B0623572127655N10538634EA0124901219016019019303283
B0623582127657N10538630EA0124901219016019019299277
B0623592127658N10538628EA0124901219016018019285270
B0624002127659N10538624EA0124901220016020019255260
B0624012127659N10538621EA0124801220016019019245250
B0624022127658N10538617EA0124801220012017019230238
B0624032127656N10538615EA0124801220012016021224231
B0624042127653N10538612EA0124801220012015024218234
B0624052127651N10538610EA0124801221012013024215223
B0624062127648N10538608EA0124801221012013023210215
B0624072127645N10538606EA0124801221012012023204206
B0624082127641N10538605EA0124801221012014027194198
B0624092127637N10538604EA0124701221012016028183190
B0624102127632N10538604EA0124701221016018028167187
B0624112127628N10538605EA0124701221016018028164183
B0624122127623N10538606EA0124601222016019031153176
B0624132127619N10538609EA0124601222012017035147168
B0624142127614N10538612EA0124601223012017035143154
B0624152127609N10538615EA0124501224012016036133140
B0624162127605N10538620EA0124501224012016039112136
B0624172127603N10538626EA0124501224012015039105128
B0624182127601N10538632EA0124401225012016039105119
B0624192127599N10538638EA0124401225012015040109108
B0624202127597N10538644EA0124501225012014039108111
B0624212127595N10538650EA0124601225012013039099098
B0624222127595N10538655EA0124701225012012037092096
B0624232127595N10538661EA0124801226012014035091095
B0624242127594N10538667EA0125001226016016037090101
B0624252127595N10538673EA0125101227012014040089093
B0624262127595N10538679EA0125201227012013037080081
B0624272127596N10538685EA0125401227012013037073083
B0624282127598N10538690EA0125701227012013034072079
B0624292127599N10538696EA0125901227012016035067072
B0624302127601N10538701EA0126001228008014035064059
B0624312127604N10538707EA0126101228012015038056047
B0624322127608N10538713EA0126201229012015043049024
B0624332127612N10538719EA0126201229012015043045016
B0624342127616N10538724EA0126101229012014042038003
B0624352127621N10538728EA0126101229012015040031359
B0624362127626N10538731EA0126001229012014035019352
B0624372127631N10538732EA0126001229012014035350339
B0624382127636N10538731EA0125901230016021035340331
B0624392127641N10538730EA0125801231016022034332324
B0624402127646N10538727EA0125801232016023030333322
B0624412127650N10538726EA0125801233024024030334319
B0624422127653N10538724EA0126001234024030028329317
B0624432127656N10538723EA0126301234024029022338321
B0624442127659N10538722EA0126701233024027019338320
B0624452127662N10538720EA0127001234016024022327321
B0624462127664N10538718EA0127201234016022022329310
B0624472127667N10538717EA0127201235016021022328305
B0624482127670N10538715EA0127101235016020022322301
B0624492127672N10538713EA0127101236016021022324304
B0624502127675N10538711EA0127101236016024021326305
B0624512127677N10538708EA0127201237016022021325305
B0624522127680N10538705EA0127201238016022022321296
B0624532127682N10538703EA0127201239024022022322294
B0624542127684N10538700EA0127201241012021022317313
B0624552127687N10538697EA0127101242016021022315302
B0624562127689N10538695EA0127101242016021015319304
B0624572127691N10538694EA0127201242016020015317308
B0624582127693N10538692EA0127301243016019014322314
B0624592127695N10538691EA0127401243012018014326300
B0625002127698N10538689EA0127501244012017020314307
B0625012127700N10538687EA0127501245012017022300308
B0625022127702N10538684EA0127501246012016022301305
B0625032127704N10538679EA0127401246012015024297315
B0625042127706N10538674EA0127301247012014028295296
B0625052127709N10538671EA0127301248012015028290303
B0625062127710N10538668EA0127301249012015023288305
B0625072127711N10538665EA0127401249012016021293301
B0625082127713N10538661EA0127801250016018031298302
B0625092127715N10538656EA0127901250016017031298302
B0625102127717N10538653EA0128101252016017029290290
B0625112127718N10538650EA0128301252016020020282287
B0625122127719N10538648EA0128401253016019014271284
B0625132127720N10538645EA0128601254016018018285289
B0625142127721N10538642EA0128701254008016018285284
B0625152127722N10538639EA0128801254008014021277274
B0625162127723N10538634EA0128801255012014024265263
B0625172127723N10538631EA0128701255008013024251256
B0625182127721N10538628EA0128701255008012021248251
B0625192127721N10538625EA0128701256008011018249267
B0625202127720N10538622EA0128701256008011019264262
B0625212127719N10538619EA0128701257012012020268261
B0625222127719N10538616EA0128701257012012019262254
B0625232127718N10538613EA0128701257012014020246246
B0625242127716N10538610EA0128601258012014021227231
B0625252127714N10538607EA0128501258012015025228226
B0625262127711N10538604EA0128401258012015027233229
B0625272127709N10538600EA0128401258012017025226222
B0625282127706N10538598EA0128301258016018022214218
B0625292127704N10538596EA0128301258012017022204210
B0625302127701N10538595EA0128301258012017018189200
B0625312127698N10538595EA0128301258012016022187200
B0625322127695N10538594EA0128301258016020022180194
B0625332127691N10538594EA0128201258016019022178192
B0625342127687N10538594EA0128201258016019022174186
B0625352127684N10538594EA0128101258008018022173185
B0625362127680N10538595EA0128001258012017026174192
B0625372127676N10538595EA0128001259012020026177187
B0625382127672N10538596EA0127901260012018026181189
B0625392127668N10538596EA0127901260012016027176194
B0625402127664N10538597EA0127901260008014026174196
B0625412127660N10538598EA0127901261008013027172196
B0625422127655N10538598EA0127901261012014027174201
B0625432127651N10538598EA0127901262012014027184197
B0625442127647N10538598EA0127901262012014028182196
B0625452127642N10538598EA0127901262012018027176197
B0625462127638N10538598EA0127901262016020027177199
B0625472127634N10538598EA0127901263012018027184203
B0625482127630N10538598EA0127801263012016027184208
B0625492127625N10538598EA0127801263012016027184209
B0625502127620N10538598EA0127801263012016032184211
B0625512127615N10538597EA0127801263016017033191210
B0625522127610N10538596EA0127801263008015033198210
B0625532127605N10538595EA0127801264008014033198220
B0625542127601N10538594EA0127801264008016029198222
B0625552127597N10538593EA0127901265012017021200222
B0625562127594N10538591EA0128101265012015021192217
B0625572127592N10538591EA0128201266012014021192216
B0625582127588N10538589EA0128301266012014022197214
B0625592127584N10538588EA0128301266008013029199213
B0626002127580N10538586EA0128201266008012029203213
B0626012127576N10538584EA0128001266008012029218211
B0626022127572N10538581EA0127901266008013029220217
B0626032127569N10538578EA0127901266008013026216213
B0626042127566N10538577EA0127901266016017024203209
B0626052127563N10538575EA0128001266012016026205210
B0626062127559N10538574EA0128001266012015027206208
B0626072127555N10538572EA0127901266012015026207206
B0626082127551N10538570EA0127701266012014026208210
B0626092127548N10538568EA0127601266008013026207219
B0626102127544N10538566EA0127501267008013027208228
B0626112127541N10538564EA0127401267008014029211223
B0626122127537N10538562EA0127301267008013029210227
B0626132127533N10538559EA0127301267008012029210227
B0626142127529N10538557EA0127201267012013029210222
B0626152127522N10538553EA0127201267012014028210220
B0626162127518N10538550EA0127201267012015028218221
B0626172127515N10538547EA0127301266012015029216211
B0626182127512N10538544EA0127301266008014029211205
B0626192127508N10538541EA0127401266008013032215209
B0626202127504N10538539EA0127401265008014032211210
B0626212127500N10538537EA0127401265008014030211204
B0626222127497N10538535EA0127501265008014026211201
B0626232127493N10538533EA0127601265008014025207203
B0626242127490N10538531EA0127601265008014029208197
B0626252127486N10538529EA0127701264012015030204201
B0626262127482N10538527EA0127801264012015030208210
B0626272127478N10538525EA0127901264012014030209214
B0626282127474N10538523EA0128001264012013026222223
B0626292127472N10538521EA0128101264008013022230223
B0626302127470N10538518EA0128201264008012024227219
B0626312127468N10538514EA0128301264008012024226214
B0626322127465N10538512EA0128401264008012024223225
B0626332127463N10538509EA0128501264012012024228239
B0626342127461N10538506EA0128601265008012022240243
B0626352127459N10538503EA0128601265008011022254243
B0626362127459N10538500EA0128701265008011020267250
B0626372127459N10538496EA0128701265012013020268248
B0626382127458N10538492EA0128701265012014024269259
B0626392127459N10538489EA0128701265008013026280261
B0626402127460N10538484EA0128701265008013027282265
B0626412127460N10538480EA0128701265012014026285270
B0626422127462N10538476EA0128701265012014027287297
B0626432127463N10538472EA0128701265008013027294307
B0626442127465N10538468EA0128701266008012034299308
B0626452127468N10538463EA0128601266012014036304321
B0626462127471N10538459EA0128601266012014034311322
B0626472127475N10538455EA0128501266012015034330324
B0626482127479N10538453EA0128401266012016032346332
B0626492127484N10538453EA0128401266012016034353339
B0626502127489N10538452EA0128301267012015034356348
B0626512127494N10538452EA0128301267012014034000355
B0626522127499N10538453EA0128301267012013033005358
B0626532127503N10538454EA0128301267008011030017000
B0626542127508N10538456EA0128301267012011032027010
B0626552127512N10538459EA0128301266008011037030021
B0626562127517N10538462EA0128301266008011036033026
B0626572127521N10538466EA0128301266012012037037028
B0626582127525N10538470EA0128201266012011036042033
B0626592127529N10538474EA0128101266008011037044039
B0627002127534N10538478EA0128001266008014041049040
B0627012127538N10538483EA0128001266008014041051048
B0627022127541N10538489EA0127901266008013041055051
B0627032127544N10538494EA0127801266008011039060056
B0627042127547N10538499EA0127601266008011038065062
B0627052127549N10538505EA0127501265008010038069070
B0627062127551N10538511EA0127401265008011038076075
B0627072127552N10538517EA0127301266008010038084086
B0627082127552N10538523EA0127201266008012038086098
B0627092127553N10538530EA0127101265008013037089100
B0627102127553N10538536EA0127101265012015037089103
B0627112127552N10538541EA0127201265012013034088105
B0627122127552N10538546EA0127201264008012031087114
B0627132127552N10538552EA0127301264008011031089120
B0627142127552N10538557EA0127401263008012032099123
B0627152127551N10538562EA0127401263008011033113131
B0627162127549N10538567EA0127301262008010033114144
B0627172127547N10538572EA0127301262008010033118148
B0627182127544N10538577EA0127201262008009033123156
B0627192127541N10538581EA0127201261008009032135158
B0627202127538N10538585EA0127101261008009032143166
B0627212127534N10538587EA0127101260008010032160176
B0627222127529N10538589EA0127001260008011032160180
B0627232127524N10538591EA0126901259008011034155184
B0627242127520N10538594EA0126901259008011034154190
B0627252127515N10538596EA0126901259012013034159186
B0627262127510N10538597EA0127001260012013031161184
B0627272127506N10538599EA0127201260012013031162186
B0627282127502N10538600EA0127301259012013030157179
B0627292127497N10538602EA0127501259008012032155180
B0627302127493N10538605EA0127601259008012036153183
B0627312127488N10538608EA0127701259008012034157188
B0627322127483N10538610EA0127701259008013034160189
B0627332127479N10538612EA0127701260008012033159191
B0627342127475N10538614EA0127701260008012027151195
B0627352127471N10538617EA0127701260012013029151193
B0627362127467N10538619EA0127701259008012029157193
B0627372127463N10538621EA0127601259008012030159192
B0627382127458N10538623EA0127401260008011032166191
B0627392127453N10538625EA0127201260012012028176192
B0627402127450N10538624EA0126901259012013028179193
B0627412127446N10538624EA0126701259012014022179192
B0627422127444N10538625EA0126501259012015017177200
B0627432127441N10538625EA0126301258008014017179204
B0627442127438N10538625EA0126101258008014024183205
B0627452127435N10538624EA0125801257016017026199206
B0627462127431N10538623EA0125101257012017024209215
B0627472127429N10538620EA0124701257012016023231220
B0627482127427N10538617EA0124401256016018022231239
B0627492127425N10538614EA0124001256016018021237242
B0627502127423N10538611EA0123701256016021024248248
B0627512127423N10538607EA0123401255016022024258256
B0627522127423N10538603EA0123201255016022024261260
B0627532127423N10538600EA0123001254016021023270261
B0627542127423N10538598EA0122801254016021013281270
B0627552127423N10538595EA0122601253016020015285276
B0627562127424N10538592EA0122501252012019015280280
B0627572127424N10538589EA0122401251012018019284280
B0627582127425N10538586EA0122301250024021022289294
B0627592127426N10538582EA0122101249024023022292292
B0628002127428N10538579EA0121901248016022027291286
B0628012127430N10538575EA0121601247016022027291289
B0628022127431N10538570EA0121401247016023027291287
B0628032127432N10538566EA0121201246016022027288286
B0628042127434N10538562EA0121001245016022025289285
B0628052127434N10538558EA0120701245016022025287280
B0628062127435N10538555EA0120601244016022022285279
B0628072127435N10538551EA0120601243016022022285283
B0628082127436N10538547EA0120601242016021022283287
B0628092127437N10538543EA0120601241024029027282285
B0628102127438N10538538EA0120601239024031028282288
B0628112127439N10538533EA0120601238024028028281285
B0628122127439N10538528EA0120701238016026028278284
B0628132127439N10538524EA0120801237016023028277282
B0628142127439N10538520EA0121001237016021023274285
B0628152127439N10538516EA0121201236012020023274288
B0628162127439N10538513EA0121501234012019023278297
B0628172127439N10538508EA0121701233012018023290294
B0628182127440N10538504EA0121801232012019026300307
B0628192127442N10538500EA0122001232016018026307312
B0628202127444N10538496EA0122101231016018027307318
B0628212127446N10538492EA0122101230016016026309317
B0628222127448N10538489EA0122201230012017027317312
B0628232127451N10538485EA0122201230012016027326319
B0628242127455N10538483EA0122301229012015028335327
B0628252127458N10538481EA0122501229012015028325332
B0628262127461N10538478EA0122701229012016027314329
B0628272127464N10538474EA0122901228012016026318332
B0628282127466N10538471EA0123101228012016026328329
B0628292127470N10538469EA0123201228012015030342337
B0628302127475N10538467EA0123301227012015033349344
B0628312127480N10538466EA0123401227012014033000350
B0628322127485N10538467EA0123401227012014034010000
B0628332127490N10538468EA0123301227012013035019011
B0628342127496N10538470EA0123201227012015036023021
B0628352127500N10538472EA0123201226012015036033026
B0628362127505N10538475EA0123101226012015035036037
B0628372127509N10538479EA0123001225008013033047040
B0628382127511N10538483EA0123001225008013032076050
B0628392127512N10538488EA0122901225012013032095084
B0628402127511N10538493EA0122901225008012032101109
B0628412127510N10538498EA0122801224008011030106119
B0628422127509N10538503EA0122801224012012030109130
B0628432127507N10538508EA0122701223008011032116134
B0628442127505N10538512EA0122501223008010030124138
B0628452127502N10538516EA0122301222008010034135143
B0628462127498N10538520EA0122201222012011034146155
B0628472127493N10538523EA0122101222012012034148166
B0628482127488N10538526EA0122001222012012035145167
B0628492127484N10538528EA0121901222008011029152172
B0628502127480N10538530EA0121901221008010030156179
B0628512127475N10538532EA0122001221016014030159182
B0628522127471N10538533EA0122001220016016030162186
B0628532127466N10538534EA0122101220012015029160192
B0628542127462N10538536EA0122101219012014032163197
B0628552127457N10538537EA0122101219012013032167190
B0628562127452N10538538EA0122001219008013032168194
B0628572127448N10538539EA0122001219012013031172191
B0628582127444N10538539EA0122101219012013025173195
B0628592127441N10538539EA0122201219012013020171199
B0629002127437N10538539EA0122301219008011022179204
B0629012127434N10538539EA0122501218008012022189209
B0629022127430N10538538EA0122601218008014023201212
B0629032127426N10538536EA0122601217008014028200210
B0629042127422N10538534EA0122401217016016024201218
B0629052127418N10538533EA0122401217016017024194221
B0629062127415N10538532EA0122301217016017019203228
B0629072127413N10538530EA0122301216012016019213228
B0629082127410N10538527EA0122301216012015023211228
B0629092127406N10538524EA0122301215012014027210236
B0629102127402N10538522EA0122201215008012028216234
B0629112127399N10538519EA0122101215012013028223239
B0629122127396N10538516EA0121901215008012028228238
B0629132127394N10538512EA0121801215008011028230241
B0629142127391N10538509EA0121601215008011028227239
B0629152127388N10538505EA0121501215008010028227240
B0629162127385N10538502EA0121401215012011027229244
B0629172127384N10538499EA0121301215008010025230246
B0629182127382N10538496EA0121201214008010022231240
B0629192127381N10538493EA0121101214008010016231234
B0629202127379N10538491EA0121001214008010017229239
B0629212127377N10538489EA0120901213012013017227245
B0629222127374N10538487EA0120501213012013020231261
B0629232127372N10538484EA0120101212012013023249258
B0629242127370N10538480EA0119801212012015026258263
B0629252127369N10538476EA0119501212012016026260270
B0629262127368N10538473EA0119201212012017023257258
B0629272127367N10538470EA0119001211012017022260271
B0629282127367N10538466EA0118901211012018022269277
B0629292127367N10538462EA0118701210012018027276283
B0629302127368N10538458EA0118501210012020031285285
B0629312127370N10538453EA0118301209012021029292290
B0629322127372N10538449EA0118001209016021029291300
B0629332127374N10538444EA0117801208016023029290307
B0629342127375N10538440EA0117601208016023027301294
B0629352127377N10538436EA0117401207016023032303314
B0629362127380N10538432EA0117301207016023032305305
B0629372127383N10538428EA0117301207016022032302310
B0629382127385N10538423EA0117301206012020032299306
B0629392127387N10538419EA0117501206012019027301306
B0629402127389N10538415EA0117601205012017028308306
B0629412127392N10538411EA0117901204012017028311314
B0629422127395N10538407EA0118301204016017030310311
B0629432127398N10538403EA0118501203016017030306312
B0629442127400N10538398EA0118701203016017031306317
B0629452127403N10538394EA0118901203016017031307320
B0629462127405N10538390EA0119201203012017030320326
B0629472127409N10538387EA0119401202012017030324325
B0629482127413N10538384EA0119701202012016032326333
B0629492127417N10538381EA0119901202012016033332348
B0629502127422N10538379EA0120101202016021033337355
B0629512127426N10538377EA0120201201016020032344356
B0629522127431N10538376EA0120301201008017031351358
B0629532127436N10538376EA0120401201008015031359358
B0629542127440N10538376EA0120501200008013032004004
B0629552127445N10538376EA0120601200008012033005009
B0629562127450N10538377EA0120601200008011033018010
B0629572127455N10538380EA0120601200012011033022021
B0629582127460N10538382EA0120601199008011034028023
B0629592127464N10538385EA0120601199008010037033029
B0630002127469N10538389EA0120601199008010037040034
B0630012127473N10538393EA0120601199008009036046041
B0630022127476N10538397EA0120601199008010035057048
B0630032127479N10538402EA0120701199008011035060059
B0630042127481N10538407EA0120801199008011035066062
B0630052127482N10538412EA0120901199008012035081069
B0630062127482N10538417EA0120901198012011031082090
B0630072127482N10538422EA0121001197008012030093092
B0630082127482N10538426EA0121001197012013028112103
B0630092127480N10538431EA0121001196012015028119128
B0630102127477N10538435EA0121001196012015032121134
B0630112127475N10538440EA0121001196012014030120138
B0630122127473N10538444EA0121001195012015030116144
B0630132127471N10538447EA0121001195012014026118142
B0630142127469N10538451EA0121101195012014024128148
B0630152127466N10538454EA0121201194012013026131151
B0630162127463N10538457EA0121301194012013026132159
B0630172127460N10538461EA0121501194008011029131161
B0630182127457N10538465EA0121501194008012030139170
B0630192127454N10538468EA0121601194012012031144173
B0630202127450N10538471EA0121701194008011031152177
B0630212127445N10538473EA0121901194012014030152174
B0630222127442N10538475EA0122101195012015029175175
B0630232127439N10538475EA0122301195012016019189192
B0630242127437N10538475EA0122601196012016012194200
B0630252127435N10538474EA0122901197012017012163201
B0630262127433N10538475EA0123201197012018012160183
B0630272127431N10538475EA0123401197016020014180195
B0630282127428N10538475EA0123601197016021019193203
B0630292127425N10538474EA0123701197016021024197213
B0630302127421N10538474EA0123801197012019024191192
B0630312127417N10538473EA0123901198012017024184206
B0630322127414N10538473EA0124001199012018022191212
B0630332127411N10538472EA0124001200012019022198228
B0630342127407N10538472EA0124001201016020025210211
B0630352127403N10538470EA0123901202016020025226284
B0630362127400N10538467EA0123801203008018025250284
B0630372127397N10538462EA0123601204008017027268293
B0630382127397N10538458EA0123501204008014027272295
B0630392127396N10538454EA0123401205008013025263289
B0630402127395N10538449EA0123301206008013030258277
B0630412127394N10538445EA0123401206008012030268272
B0630422127393N10538439EA0123501207008013030277278
B0630432127394N10538434EA0123601208008013034283282
B0630442127395N10538428EA0123601208012015034287285
B0630452127397N10538423EA0123801209012017034289288
B0630462127399N10538418EA0123901209012017034296288
B0630472127400N10538413EA0124101210012017034304292
B0630482127403N10538408EA0124301211016020035313300
B0630492127407N10538404EA0124501211016021036313307
B0630502127411N10538400EA0124701212016021036312307
B0630512127414N10538396EA0124901213016020035320306
B0630522127418N10538393EA0125101213012019032332313
B0630532127423N10538391EA0125301214012019032350324
B0630542127429N10538390EA0125501214012018044341342
B0630552127436N10538389EA0125601215012017044341335
B0630562127441N10538387EA0125701216016017043344335
B0630572127446N10538387EA0125901217016017036352338
B0630582127451N10538386EA0126001217016020031354346
B0630592127455N10538386EA0126501218016018026004347
B0631002127459N10538386EA0126701219012016028010356
B0631012127464N10538387EA0126901219012015028011005
B0631022127469N10538388EA0126901220008014034013006
B0631032127474N10538390EA0126901220008012035019010
B0631042127479N10538391EA0126801221008011035027017
B0631052127483N10538394EA0126801221008010035031026
B0631062127487N10538397EA0126701221008010031038032
B0631072127490N10538400EA0126701221008010029057041
B0631082127492N10538405EA0126701221008010029064064
B0631092127493N10538410EA0126601222008011035067072
B0631102127496N10538416EA0126601222008010038085074
B0631112127496N10538422EA0126501223008010036092094
B0631122127496N10538428EA0126501224008012036098102
B0631132127495N10538433EA0126501225008012032099108
B0631142127494N10538438EA0126501226012012028103111
B0631152127493N10538443EA0126501227012013028106116
B0631162127491N10538447EA0126601228008012028111119
B0631172127489N10538451EA0126601228008013030121124
B0631182127487N10538455EA0126701229008013030133133
B0631192127483N10538459EA0126801230008012032138143
B0631202127479N10538462EA0126901231008011032145147
B0631212127475N10538465EA0127101231012013032160154
B0631222127472N10538466EA0127201232012013026171167
B0631232127468N10538467EA0127401233012015025174177
B0631242127463N10538467EA0127601234012016030176180
B0631252127459N10538467EA0127801235016018031179180
B0631262127454N10538468EA0128001236016018030182183
B0631272127451N10538468EA0128201237012019025185181
B0631282127448N10538467EA0128401237012019024194178
B0631292127443N10538466EA0128601238012018028195185
B0631302127439N10538465EA0128801239012017028202185
B0631312127436N10538463EA0129001240012018027210194
B0631322127433N10538462EA0129201240012018023214202
B0631332127431N10538459EA0129501241012018020221205
B0631342127428N10538457EA0129801242012017021226203
B0631352127427N10538454EA0130101243016017021252232
B0631362127427N10538450EA0130401244016021021282249
B0631372127428N10538445EA0130701246016022028296273
B0631382127429N10538440EA0131201247016022028300288
B0631392127431N10538437EA0131501248016024021317291
B0631402127433N10538434EA0131801248016027025323303
B0631412127437N10538433EA0132001249016026025333312
B0631422127442N10538431EA0132201250016026031340322
B0631432127448N10538428EA0132401250012025037346333
B0631442127454N10538427EA0132401251016023043353341
B0631452127460N10538425EA0132401252016021044006350
B0631462127467N10538426EA0132401253016019043015004
B0631472127473N10538428EA0132401253016019042016014
B0631482127478N10538430EA0132501254012017040025016
B0631492127483N10538432EA0132601255012018032038027
B0631502127487N10538436EA0132801256012018032042042
B0631512127491N10538438EA0133001257012017032045047
B0631522127493N10538443EA0133101258012018032060051
B0631532127494N10538448EA0133101259012018032079069
B0631542127493N10538453EA0133201260012018034087089
B0631552127493N10538459EA0133201261012019034090097
B0631562127493N10538464EA0133201262012020034089100
B0631572127493N10538470EA0133201263012019034088099
B0631582127492N10538476EA0133201264012019036096098
B0631592127491N10538482EA0133201265012019036107105
B0632002127489N10538487EA0133201267012017036115117
B0632012127487N10538493EA0133201268012016036111125
B0632022127485N10538498EA0133201269012016035102121
B0632032127484N10538503EA0133201270012016034094112
B0632042127484N10538509EA0133301272008015030091104
B0632052127484N10538513EA0133401273008013030101102
B0632062127483N10538518EA0133601274008012028110113
B0632072127482N10538522EA0133801275012013027107123
B0632082127481N10538526EA0134001276012013027101120
B0632092127479N10538530EA0134201277012014023099114
B0632102127479N10538533EA0134401278012015023109115
B0632112127477N10538537EA0134601278016016023114124
B0632122127476N10538540EA0134701279016016022130130
B0632132127473N10538543EA0134701280012015023166144
B0632142127469N10538543EA0134701281012015028163174
B0632152127465N10538545EA0134501281012015037159171
B0632162127459N10538547EA0134301281012016037162165
B0632172127453N10538548EA0134101282012014037173168
B0632182127449N10538549EA0133901283008013035180178
B0632192127445N10538549EA0133801284008013023184184
B0632202127441N10538550EA0133801285012016023188188
B0632212127438N10538549EA0133901285012015018188192
B0632222127435N10538549EA0134001286012014018186192
B0632232127431N10538549EA0134101286012014027190191
B0632242127427N10538548EA0134201287012014034198193
B0632252127422N10538546EA0134201288012016034203200
B0632262127417N10538544EA0134201289012018034201204
B0632272127414N10538543EA0134301290016020018192202
B0632282127411N10538543EA0134401290016020018159195
B0632292127409N10538544EA0134501291008018018140170
B0632302127406N10538546EA0134601291016017023148155
B0632312127403N10538548EA0134701291012017018163159
B0632322127401N10538549EA0134701291012015020165173
B0632332127397N10538550EA0134401292012020020195174
B0632342127393N10538548EA0134201292012021022182198
B0632352127389N10538548EA0133801291016019020170187
B0632362127387N10538548EA0133801291016019020191178
B0632372127384N10538547EA0133901290016017020188194
B0632382127381N10538546EA0134001289012016020195192
B0632392127377N10538545EA0134001289016018023194197
B0632402127374N10538544EA0133901289016020023182196
B0632412127372N10538544EA0133801289016021016175187
B0632422127369N10538543EA0133701289016020015177182
B0632432127367N10538543EA0133501289016020013162185
B0632442127365N10538544EA0133401289016022014178175
B0632452127363N10538544EA0133301289012023016184186
B0632462127360N10538543EA0133001289012019016198189
B0632472127357N10538541EA0132801289012019022200199
B0632482127354N10538540EA0132501289012019022204200
B0632492127351N10538538EA0132201289012018019220196
B0632502127349N10538536EA0132001289012019019226208
B0632512127347N10538534EA0131901289012019019232199
B0632522127346N10538531EA0131801289024023018242202
B0632532127345N10538529EA0131601289024024017251253
B0632542127344N10538526EA0131401289024024016260253
B0632552127343N10538523EA0131201289024025022278258
B0632562127343N10538519EA0131001289016023022294273
B0632572127344N10538516EA0130801288016022023309285
B0632582127346N10538513EA0130601287016022023314299
B0632592127348N10538510EA0130401287016021024316303
B0633002127351N10538508EA0130101286016020026315304
B0633012127354N10538505EA0129801285016018026321305
B0633022127357N10538501EA0129601284016018033322310
B0633032127361N10538497EA0129301284016019038324313
B0633042127366N10538493EA0129001283016019034322316
B0633052127369N10538489EA0128701282016018034321314
B0633062127372N10538486EA0128601280016017031325312
B0633072127376N10538482EA0128401278016016031337315
B0633082127380N10538480EA0128401276016016033340327
B0633092127385N10538478EA0128301274016015039339331
B0633102127390N10538475EA0128101273016014039338332
B0633112127396N10538473EA0127901271016013036343331
B0633122127401N10538471EA0127601269016013035350335
B0633132127407N10538470EA0127401268016013035354343
B0633142127412N10538470EA0127301267016012037350347
B0633152127417N10538469EA0127201265016013037343343
B0633162127421N10538468EA0127101264016012034345335
B0633172127426N10538466EA0127001263016012034354337
B0633182127431N10538466EA0126801262016012035359347
B0633192127436N10538466EA0126701261016011037358353
B0633202127441N10538466EA0126501260016012037355352
B0633212127445N10538465EA0126401259016012036351349
B0633222127449N10538464EA0126401259016012033352344
B0633232127454N10538464EA0126301258016012033359344
B0633242127460N10538464EA0126301257016011038358352
B0633252127466N10538464EA0126301256016011038356352
B0633262127471N10538464EA0126301255016011038357350
B0633272127477N10538464EA0126301254016011035358351
B0633282127482N10538464EA0126301254016011034358351
B0633292127487N10538464EA0126301253016011034357351
B0633302127492N10538463EA0126501252016011034351350
B0633312127497N10538462EA0126601252016011033351343
B0633322127501N10538462EA0126601251016011033354343
B0633332127507N10538461EA0126701250012012034355346
B0633342127513N10538460EA0126701250012012036352348
B0633352127518N10538459EA0126701249012011036352344
B0633362127523N10538459EA0126801249012011034353344
B0633372127528N10538458EA0126801249008011032005345
B0633382127533N10538459EA0126801248008010032016359
B0633392127538N10538461EA0126801248008010036017013
B0633402127543N10538464EA0126801248008010036021015
B0633412127548N10538467EA0126701248008010036023020
B0633422127552N10538469EA0126701248008009033030022
B0633432127556N10538473EA0126601248008010033033031
B0633442127560N10538476EA0126601248008010037046035
B0633452127564N10538481EA0126501248008010039048051
B0633462127568N10538486EA0126501248008010038051052
B0633472127571N10538491EA0126401247008010038061057
B0633482127573N10538496EA0126301248008010035075068
B0633492127574N10538501EA0126201248012010032085086
B0633502127573N10538507EA0126201248008010035092097
B0633512127573N10538512EA0126201248008011035097104
B0633522127571N10538517EA0126101248008011035103110
B0633532127569N10538522EA0126001248008011034116116
B0633542127567N10538527EA0126001247008010031133128
B0633552127563N10538530EA0125901247008012031136145
B0633562127560N10538533EA0125901247008011030155148
B0633572127556N10538535EA0125801246012013028163165
B0633582127552N10538536EA0125801246012013023167172
B0633592127549N10538536EA0125801246012014023175176
B0634002127545N10538536EA0125701246012014023196183
B0634012127542N10538535EA0125701246016015023208199
B0634022127539N10538534EA0125601246012016022219208
B0634032127536N10538532EA0125501245012014021230216
B0634042127534N10538529EA0125401245008013018248224
B0634052127533N10538526EA0125401245012013019257237
B0634062127532N10538523EA0125301245012012019258244
B0634072127531N10538519EA0125301245008012020268244
B0634082127531N10538515EA0125401245008013026280253
B0634092127532N10538510EA0125401246016015026292266
B0634102127534N10538506EA0125401245008014027304277
B0634112127536N10538503EA0125401245016016027305288
B0634122127538N10538499EA0125501244016016027305289
B0634132127540N10538495EA0125501244016016028309290
B0634142127543N10538491EA0125401243012015028327293
B0634152127547N10538489EA0125401243012015032342311
B0634162127552N10538487EA0125301242008013032352330
B0634172127557N10538486EA0125201242012013035359342
B0634182127563N10538486EA0125001241012013037003351
B0634192127569N10538487EA0124901241012014038006356
B0634202127574N10538488EA0124801240012012038009000
B0634212127580N10538488EA0124601240008011036008003
B0634222127585N10538489EA0124501239008010036009002
B0634232127590N10538490EA0124501239012011036017003
B0634242127596N10538492EA0124401238012012039019013
B0634252127602N10538494EA0124301237008011041019015
B0634262127607N10538496EA0124101237008011039019017
B0634272127613N10538498EA0124101236008010038019015
B0634282127617N10538501EA0124001236008011036022015
B0634292127622N10538503EA0124001235008011038027019
B0634302127628N10538506EA0123901235012012040031025
B0634312127633N10538509EA0123901235012012039034030
B0634322127638N10538513EA0123801234012012039039034
B0634332127642N10538517EA0123801234012011037039040
B0634342127646N10538521EA0123701234008011039040041
B0634352127651N10538525EA0123701234008011040042041
B0634362127655N10538530EA0123601234008010040045044
B0634372127659N10538535EA0123601234008009040055047
B0634382127662N10538540EA0123601234012012040070060
B0634392127664N10538546EA0123501234012012039073078
B0634402127666N10538552EA0123501234012012039078081
B0634412127667N10538558EA0123501234008011037083088
B0634422127667N10538564EA0123501234008010037091093
B0634432127666N10538570EA0123501233008010037098103
B0634442127665N10538577EA0123401233008009041107110
B0634452127663N10538583EA0123301234008009041118118
B0634462127660N10538588EA0123301234008010038129129
B0634472127657N10538592EA0123201233008010037135141
B0634482127653N10538596EA0123201233008011035137147
B0634492127650N10538599EA0123201233008011027142149
B0634502127647N10538601EA0123201233008010027145157
B0634512127644N10538603EA0123301232008011024147159
B0634522127641N10538605EA0123401232008013023152163
B0634532127637N10538607EA0123601233012015023163168
B0634542127633N10538608EA0123701233012014024173176
B0634552127630N10538608EA0123801233012014024180184
B0634562127627N10538608EA0123901233012013019192189
B0634572127625N10538607EA0123901233008012015215199
B0634582127624N10538605EA0124001234008011014219216
B0634592127623N10538603EA0124001234012011013228219
B0635002127622N10538601EA0124001234012013014257224
B0635012127622N10538598EA0124001233012013014287243
B0635022127623N10538595EA0124001233012014020305262
B0635032127625N10538592EA0123801233008012021317283
B0635042127628N10538589EA0123701232016015027327295
B0635052127632N10538586EA0123501231016017031340309
B0635062127636N10538584EA0123401231016016031355324
B0635072127642N10538583EA0123301230016017036001341
B0635082127648N10538583EA0123201229012016038009351
B0635092127653N10538584EA0123101228012015040012000
B0635102127659N10538585EA0122901227012014041017005
B0635112127665N10538587EA0122801227012015041032011
B0635122127671N10538591EA0122701226012014042034029
B0635132127676N10538595EA0122701226012015042039032
B0635142127680N10538599EA0122601225012015038041038
B0635152127685N10538603EA0122601225016017039040040
B0635162127690N10538606EA0122601225008015039036039
B0635172127694N10538610EA0122601224012014040036034
B0635182127699N10538614EA0122601224008012040036034
B0635192127704N10538618EA0122601224012013038035034
B0635202127708N10538621EA0122601223012013038033033
B0635212127713N10538624EA0122601223012013037032030
B0635222127718N10538627EA0122501222012012037033028
B0635232127723N10538630EA0122501222008011039033029
B0635242127727N10538633EA0122501222008011037030029
B0635252127732N10538636EA0122501222012012037028026
B0635262127737N10538638EA0122401221012011037027023
B0635272127743N10538641EA0122401221008010037022022
B0635282127748N10538644EA0122301220008011039022015
B0635292127754N10538646EA0122201220008010039021015
B0635302127759N10538648EA0122201219008010039016014
B0635312127765N10538649EA0122201219008010038011008
B0635322127770N10538650EA0122201219008010038009002
B0635332127776N10538651EA0122201218008010039017359
B0635342127782N10538653EA0122301217008009036019008
B0635352127787N10538654EA0122301217012013036014010
B0635362127792N10538655EA0122401217012015034007004
B0635372127797N10538655EA0122501216012017034009355
B0635382127802N10538656EA0122501215012016034009355
B0635392127807N10538656EA0122501215012016035006347
B0635402127812N10538657EA0122401214012015035005344
B0635412127817N10538657EA0122401214008013034006345
B0635422127822N10538657EA0122401214008012033005347
B0635432127827N10538657EA0122401213008012032001346
B0635442127832N10538657EA0122401213008011033003344
B0635452127836N10538658EA0122401213012014033003344
B0635462127841N10538658EA0122401212012014033000345
B0635472127846N10538658EA0122401212012013032355341
B0635482127850N10538657EA0122301212012013032356336
B0635492127855N10538657EA0122301212012013027354337
B0635502127859N10538656EA0122301212012012027346333
B0635512127863N10538655EA0122301212012012027347324
B0635522127867N10538654EA0122301212012013029349325
B0635532127871N10538654EA0122301212008012029350328
B0635542127876N10538653EA0122401212008012027345331
B0635552127880N10538651EA0122401212012013029341324
B0635562127884N10538649EA0122501212012013029341321
B0635572127888N10538648EA0122601212012013030340321
B0635582127892N10538646EA0122701212012012030337320
B0635592127896N10538644EA0122801212008012028335318
B0636002127900N10538643EA0122901212008012028331315
B0636012127903N10538641EA0123001212008013027324311
B0636022127906N10538639EA0123001212016015022310304
B0636032127908N10538636EA0122901212016017019291287
B0636042127909N10538633EA0122901212008016021284271
B0636052127909N10538630EA0122801212016017021285267
B0636062127910N10538627EA0122701212012016018283268
B0636072127910N10538624EA0122501212012017018264265
B0636082127910N10538621EA0122301212012016019256251
B0636092127909N10538618EA0122201212012014014256246
B0636102127909N10538616EA0122101211012016014253245
B0636112127909N10538613EA0122001211008014014251243
B0636122127908N10538610EA0121901211008013016248242
B0636132127906N10538608EA0121801210012014018237241
B0636142127905N10538605EA0121801210012014019225234
B0636152127903N10538603EA0121701210008012019213226
B0636162127900N10538602EA0121701209008012019206218
B0636172127896N10538601EA0121601209008011021213213
B0636182127893N10538598EA0121501209008011026220217
B0636192127890N10538596EA0121301209008010026220222
B0636202127887N10538593EA0121301210008011026213222
B0636212127884N10538591EA0121301210012012025205217
B0636222127881N10538589EA0121301210012011024204211
B0636232127878N10538588EA0121401210012012020209211
B0636242127876N10538586EA0121401210012014019214215
B0636252127873N10538585EA0121501210012014022211219
B0636262127870N10538583EA0121601210012013022195216
B0636272127866N10538581EA0121601210012012026199205
B0636282127862N10538579EA0121601210012011027213206
B0636292127858N10538577EA0121501210012012025216216
B0636302127855N10538575EA0121501210012011025208219
B0636312127852N10538573EA0121601210012010025197213
B0636322127848N10538572EA0121701211012010025189205
B0636332127844N10538571EA0121801211008009026194200
B0636342127841N10538570EA0121901211008009022194203
B0636352127838N10538569EA0122101211008009022189205
B0636362127835N10538568EA0122201211008010018183201
B0636372127832N10538568EA0122301212016012018183199
B0636382127829N10538567EA0122401212012012020188199
B0636392127825N10538567EA0122401212012013027188201
B0636402127821N10538566EA0122401212012013027186198
B0636412127816N10538566EA0122401212012012027189197
B0636422127812N10538565EA0122401212008011030193200
B0636432127806N10538563EA0122301213012012034196202
B0636442127802N10538562EA0122301213012012027197203
B0636452127798N10538561EA0122401213012012027200206
B0636462127795N10538560EA0122501214012011023200207
B0636472127791N10538559EA0122601214012012023199209
B0636482127788N10538558EA0122801214012013023186208
B0636492127783N10538557EA0122901214012013028170198
B0636502127779N10538557EA0123001214008012028165185
B0636512127775N10538558EA0123001214012012025164181
B0636522127771N10538559EA0123001215012012025171181
B0636532127768N10538560EA0123001215012012024180186
B0636542127764N10538559EA0122901215012012025182195
B0636552127760N10538559EA0122801215012012027179196
B0636562127756N10538559EA0122601215008011027176192
B0636572127752N10538559EA0122601215012011027176190
B0636582127747N10538560EA0122501215012011027175190
B0636592127743N10538560EA0122401215012011029170189
B0637002127739N10538560EA0122401215012013029161185
B0637012127735N10538562EA0122401215012014028154178
B0637022127732N10538563EA0122401215012016025153171
B0637032127728N10538565EA0122501215016018023151173
B0637042127725N10538566EA0122501214012016026147172
B0637052127721N10538569EA0122401214012016030149166
B0637062127717N10538571EA0122401214012014030158167
B0637072127712N10538574EA0122301214012013035159174
B0637082127707N10538575EA0122101214012013035167173
B0637092127703N10538576EA0122001215012013028162180
B0637102127698N10538577EA0122001215012013029161179
B0637112127694N10538578EA0122001215008011028163177
B0637122127690N10538580EA0122001215008011028168179
B0637132127686N10538581EA0122101215008010028174183
B0637142127681N10538581EA0122101215012011032174188
B0637152127676N10538581EA0122101215012010034170187
B0637162127670N10538582EA0121901215012011034167182
B0637172127665N10538583EA0121801214012010038168180
B0637182127659N10538584EA0121601214012010038171180
B0637192127654N10538584EA0121601214012011028173182
B0637202127650N10538584EA0121501213012010028171187
B0637212127646N10538585EA0121501213012010028169185
B0637222127641N10538586EA0121601213012011028168183
B0637232127637N10538587EA0121601213012011028171184
B0637242127633N10538588EA0121601213012010027172186
B0637252127629N10538588EA0121601214012011027177187
B0637262127624N10538588EA0121601214012010027179191
B0637272127620N10538588EA0121601214012010028189192
B0637282127616N10538587EA0121701214008009028190200
B0637292127613N10538587EA0121801214012011015192201
B0637302127611N10538586EA0121901215012011017198208
B0637312127608N10538585EA0122101215012012017207211
B0637322127605N10538584EA0122201215016013022216217
B0637332127603N10538582EA0122301215016013022229221
B0637342127602N10538579EA0122501215012012014229230
B0637352127600N10538577EA0122601216012012016218231
B0637362127598N10538576EA0122701216012011016217224
B0637372127596N10538574EA0122901216012011019224223
B0637382127594N10538571EA0123001217012011019249227
B0637392127593N10538568EA0123101217012011021258244
B0637402127593N10538565EA0123201217012011021268250
B0637412127593N10538561EA0123301217012012021291257
B0637422127595N10538556EA0123301217008011026309274
B0637432127599N10538552EA0123301218012015033324290
B0637442127603N10538548EA0123401218012014039339307
B0637452127609N10538545EA0123401218012014039349325
B0637462127615N10538544EA0123401217012014039002334
B0637472127621N10538544EA0123401217008012037013347
B0637482127626N10538545EA0123401217008012036020359
B0637492127631N10538547EA0123401216012012035026008
B0637502127636N10538550EA0123501216012012035032013
B0637512127639N10538554EA0123501216012012035040021
B0637522127642N10538558EA0123501216012012033045032
B0637532127645N10538561EA0123501216008012032072043
B0637542127646N10538566EA0123501216008012025087073
B0637552127645N10538570EA0123501216012012025106095
B0637562127644N10538574EA0123501216012013025114117
B0637572127641N10538577EA0123601216016019028128124
B0637582127638N10538581EA0123601216016021028140137
B0637592127635N10538585EA0123601216016023026153149
B0638002127632N10538586EA0123601216016022026152158
B0638012127629N10538587EA0123701216016022021151158
B0638022127626N10538589EA0123701216012019017142160
B0638032127624N10538591EA0123801216012017017147156
B0638042127621N10538592EA0124001216012017020159162
B0638052127618N10538594EA0124001215012017028164169
B0638062127613N10538595EA0124001216012017028175170
B0638072127609N10538596EA0123901216012015028184179
B0638082127604N10538596EA0123801216012014028195187
B0638092127600N10538595EA0123701217008012019204195
B0638102127598N10538594EA0123701217008012019214203
B0638112127596N10538593EA0123801217008012013215210
B0638122127594N10538593EA0123901217012012012214210
B0638132127593N10538592EA0124001218012011012221209
B0638142127591N10538590EA0124001218012011014230214
B0638152127590N10538588EA0124001218008011023268221
B0638162127589N10538584EA0123801218008010023271254
B0638172127590N10538579EA0123701218008010027280256
B0638182127590N10538575EA0123501218008011027284266
B0638192127591N10538571EA0123401218012012024290270
B0638202127592N10538568EA0123301218012011024291274
B0638212127593N10538565EA0123301218012014024308275
B0638222127597N10538561EA0123301217012014025321291
B0638232127600N10538558EA0123301217012014032326305
B0638242127605N10538556EA0123301217012014030335314
B0638252127609N10538555EA0123301217008013030340323
B0638262127613N10538553EA0123301217008012030357329
B0638272127618N10538552EA0123301217012013031359350
B0638282127624N10538553EA0123401217012013035001352
B0638292127630N10538553EA0123401217012013038002356
B0638302127636N10538553EA0123501217012012038010356
B0638312127641N10538555EA0123501217012012038017011
B0638322127646N10538557EA0123501216012012037023017
B0638332127651N10538559EA0123501216012012037031025
B0638342127656N10538563EA0123601216012012035034035
B0638352127659N10538567EA0123601216012012035038047
B0638362127663N10538571EA0123501216008011035044054
B0638372127667N10538575EA0123501216008011036057066
B0638382127669N10538580EA0123401216008012036070077
B0638392127670N10538586EA0123301216012012034077093
B0638402127671N10538591EA0123201216012012034090103
B0638412127671N10538596EA0123101216012011034102113
B0638422127670N10538602EA0123101215008010034114135
B0638432127667N10538607EA0123001215008010034122148
B0638442127664N10538612EA0122901215008010036129165
B0638452127661N10538616EA0122801215008010036148171
B0638462127657N10538618EA0122701215008010032169181
B0638472127653N10538618EA0122701215008009025186191
B0638482127649N10538618EA0122701215008009024190190
B0638492127646N10538617EA0122801215008009022190187
B0638502127642N10538616EA0122901215008010022183192
B0638512127639N10538616EA0123001214008009022177186
B0638522127635N10538616EA0123201214008010022180208
B0638532127632N10538616EA0123301214008010020194214
B0638542127629N10538615EA0123401213012011020224220
B0638552127627N10538613EA0123401213012012020231219
B0638562127624N10538609EA0123401213012012025239228
B0638572127622N10538605EA0123301213012012030234232
B0638582127619N10538601EA0123301214008011025233228
B0638592127618N10538598EA0123301215012013025235233
B0639002127617N10538597EA0123401215012012013233240
B0639012127616N10538596EA0123501215012013012244245
B0639022127616N10538592EA0123801216012012012252252
B0639032127615N10538587EA0124001217008011033258258
B0639042127615N10538582EA0124101218008011033274267
B0639052127615N10538577EA0124101218008010031289271
B0639062127617N10538572EA0124101219008011029308277
B0639072127619N10538569EA0124201220008011028306274
B0639082127621N10538566EA0124301220008012022302270
B0639092127623N10538563EA0124501221008012026296268
B0639102127625N10538559EA0124701221012013026298273
B0639112127627N10538554EA0124901221012014029296278
B0639122127630N10538549EA0125001222012015033297291
B0639132127632N10538545EA0125101222012016028301283
B0639142127634N10538541EA0125301222012017028307295
B0639152127637N10538538EA0125401223012018028316291
B0639162127640N10538535EA0125501223012017028318300
B0639172127644N10538532EA0125601223012017030316302
B0639182127648N10538528EA0125601224008015035325309
B0639192127653N10538525EA0125601224012015035337298
B0639202127658N10538523EA0125501224012013035351303
B0639212127663N10538523EA0125501224012013035353341
B0639222127669N10538523EA0125601224012012035002348
B0639232127674N10538523EA0125601224008011037012001
B0639242127679N10538524EA0125701224008011037024013
B0639252127685N10538527EA0125701224012012037030022
B0639262127689N10538530EA0125701223012013039046035
B0639272127693N10538535EA0125701223012014039058052
B0639282127695N10538541EA0125701222016016035064067
B0639292127697N10538546EA0125801222016016035074077
B0639302127698N10538551EA0125801222016016032084090
B0639312127698N10538556EA0125901222016017032097102
B0639322127697N10538562EA0125901222016017035110109
B0639332127695N10538567EA0126001222016018035116127
B0639342127693N10538572EA0126001222012016033123137
B0639352127690N10538576EA0126001222012015032131146
B0639362127687N10538580EA0126001222012015030144164
B0639372127683N10538583EA0126001222012013033151175
B0639382127678N10538585EA0126001222008012030156182
B0639392127675N10538586EA0126001223012012027165186
B0639402127671N10538587EA0126001223008011021177203
B0639422127668N10538588EA0126001224012012021191199
B0639432127665N10538587EA0126001224012013019196208
B0639442127662N10538586EA0126101224012014019219212
B0639452127660N10538584EA0126201225012014018228219
B0639462127658N10538582EA0126301225012015019232224
B0639472127656N10538579EA0126401226012015019238229
B0639482127655N10538577EA0126501227008013019248244
B0639492127654N10538574EA0126601227008012018271250
B0639502127654N10538571EA0126601228008012019297261
B0639512127656N10538568EA0126701229008012019316263
B0639522127659N10538565EA0126701229012013025320273
B0639532127662N10538563EA0126701229012015026325286
B0639542127665N10538560EA0126701229012015028329296
B0639552127669N10538558EA0126701229012016028340306
B0639562127674N10538556EA0126601229016017032349319
B0639572127679N10538555EA0126601228012016041003334
B0639582127686N10538556EA0126501228012017041008353
B0639592127692N10538558EA0126401227016018041017004
B0640002127697N10538560EA0126301227016018041022014
B0640012127703N10538563EA0126301227016018041031027
B0640022127708N10538568EA0126201227016017041036044
B0640032127712N10538572EA0126101227016018041044060
B0640042127715N10538577EA0126101227016021039053070
B0640052127717N10538583EA0126101228016023039072078
B0640062127717N10538588EA0126101228016024033092073
B0640072127716N10538593EA0126101228024025033094078
B0640082127715N10538599EA0126201228016024033104091
B0640092127713N10538604EA0126201228016023033110102
B0640102127710N10538609EA0126301227016022033117119
B0640112127708N10538614EA0126301227016021035129131
B0640122127704N10538619EA0126201226016019034143142
B0640132127699N10538622EA0126101225016017034155152
B0640142127694N10538624EA0126001225016017034160154
B0640152127688N10538625EA0125901225016017034163162
B0640162127683N10538627EA0125801225016018032162159
B0640172127679N10538629EA0125701225016018028156174
B0640182127675N10538631EA0125701225016018029156192
B0640192127671N10538632EA0125701225016017028166195
B0640202127668N10538632EA0125701225016017022177189
B0640212127665N10538632EA0125701225012015021187195
B0640222127661N10538632EA0125801225012014019192188
B0640232127658N10538631EA0125801225012013021198193
B0640242127655N10538630EA0125901225012012021204196
B0640252127652N10538629EA0125901225012012022205195
B0640262127649N10538627EA0126001225012012022208198
B0640272127647N10538625EA0126101226012012018208199
B0640282127645N10538624EA0126301226012012018207196
B0640292127642N10538622EA0126501226008011018214189
B0640302127640N10538619EA0126701227008010021217196
B0640312127637N10538617EA0126801227008010021218201
B0640322127635N10538616EA0127001228008010016214197
B0640332127633N10538614EA0127201228012011016213209
B0640342127631N10538613EA0127301228012012016218214
B0640352127629N10538611EA0127401228012011015223223
B0640362127627N10538609EA0127401229012011015245234
B0640372127626N10538607EA0127401229008011019272239
B0640382127627N10538603EA0127401230008011023282249
B0640392127628N10538600EA0127301231012012023288262
B0640402127629N10538596EA0127101232012015023296271
B0640412127631N10538592EA0127101232016018025316278
B0640422127635N10538589EA0127001233016018029326285
B0640432127638N10538586EA0127001233008016030335292
B0640442127643N10538584EA0126901234008014030347294
B0640452127648N10538582EA0126901234012014032357311
B0640462127653N10538581EA0126901235012016034003353
B0640472127659N10538582EA0126801235012015041010022
B0640482127666N10538583EA0126801236012015042016030
B0640492127672N10538585EA0126701236012015041021037
B0640502127682N10538590EA0126601236016017038034046
B0640512127686N10538594EA0126501236016017036057051
B0640522127688N10538599EA0126501236012016037069073
B0640532127690N10538605EA0126501236012015037083084
B0640542127690N10538611EA0126501236016017037092100
B0640552127690N10538617EA0126501236016017037098109
B0640562127689N10538623EA0126501237016017031106114
B0640572127687N10538627EA0126601237016016031113125
B0640582127685N10538632EA0126601237012015028125132
B0640592127682N10538636EA0126601238012014028138146
B0641002127679N10538639EA0126601238012014031150157
B0641012127675N10538641EA0126601239016015025170166
B0641022127671N10538641EA0126601239016015025176188
B0641032127668N10538641EA0126601240008014022178198
B0641042127665N10538641EA0126701240012013019174198
B0641052127662N10538641EA0126901240012014018169203
B0641062127660N10538642EA0127001239012013014180208
B0641072127658N10538642EA0127101239012014014197218
B0641082127656N10538641EA0127201239012013014224232
B0641092127654N10538639EA0127201239012013015246246
B0641102127653N10538637EA0127101238012012016267257
B0641112127653N10538634EA0127101238012012018282271
B0641122127653N10538631EA0127101238016015020288280
B0641132127654N10538627EA0127001238016021020290286
B0641142127655N10538623EA0126901238016019026300296
B0641152127658N10538618EA0126601239008017032308308
B0641162127661N10538614EA0126401239012017032313310
B0641172127664N10538611EA0126201240012016032324314
B0641182127668N10538608EA0126101240012016031325319
B0641192127672N10538606EA0126001240012016031327319
B0641202127677N10538603EA0125801240012015032333335
B0641212127682N10538601EA0125701240008014036335320
B0641222127687N10538599EA0125601240008013037342315
B0641232127692N10538597EA0125501240008012037350333
B0641242127698N10538596EA0125401240012013039352008
B0641252127704N10538595EA0125301240012012041006006
B0641262127710N10538596EA0125201240012012038013017
B0641272127715N10538598EA0125201240012012038021020
B0641282127720N10538601EA0125201240012013038026022
B0641292127724N10538604EA0125201239012014038026022
B0641302127729N10538608EA0125201239012013040028024
B0641312127734N10538611EA0125201239008012037031023
B0641322127739N10538614EA0125301239008012037035025
B0641332127743N10538618EA0125401238012012036038027
B0641342127747N10538622EA0125401238016014036042030
B0641352127751N10538627EA0125401238016013039043039
B0641362127755N10538631EA0125401238012013039043032
B0641372127759N10538636EA0125301238012013040042028
B0641382127763N10538640EA0125201238012012039038068
B0641392127768N10538644EA0125201238012012038036087
B0641402127772N10538647EA0125101238008011038034085
B0641412127777N10538651EA0125101237012011036034070
B0641422127781N10538654EA0125001237012012036031061
B0641432127786N10538658EA0125001237012013036023052
B0641442127791N10538661EA0125001236012014038017037
B0641452127797N10538663EA0124901236012014039016028
B0641462127803N10538665EA0124801236012013040019023
B0641472127808N10538667EA0124801235008011040020024
B0641482127814N10538668EA0124701235012011038019022
B0641492127819N10538670EA0124701235008010037016018
B0641502127824N10538672EA0124601235012011037015013
B0641512127830N10538674EA0124601235012011035013011
B0641522127835N10538675EA0124601234012013035013009
B0641532127839N10538676EA0124701234008011032012007
B0641542127844N10538677EA0124701234008011032003005
B0641552127849N10538677EA0124601233008010035000342
B0641562127855N10538676EA0124501233012012035354350
B0641572127860N10538675EA0124401233012012035348344
B0641582127864N10538674EA0124301232012014033346330
B0641592127869N10538672EA0124201232012014031340326
B0642002127873N10538671EA0124201232008013031338320
B0642012127878N10538669EA0124101231008013032336318
B0642022127882N10538666EA0124101231012015032333316
B0642032127886N10538663EA0124101231012017031329317
B0642042127889N10538660EA0124001230012017028309312
B0642052127891N10538656EA0124001230012017026294292
B0642062127893N10538653EA0123901230012017021287276
B0642072127894N10538650EA0123901229012017021280268
B0642082127896N10538647EA0123801229012018019261264
B0642092127896N10538644EA0123601228012018018242250
B0642102127895N10538642EA0123501228012017018228237
B0642112127893N10538639EA0123501227012017016216227
B0642122127891N10538638EA0123401228012015016210220
B0642132127889N10538636EA0123401228008013014207216
B0642142127887N10538635EA0123401228012013014196215
B0642152127884N10538635EA0123401228012012017188208
B0642162127881N10538634EA0123401228012011026182202
B0642172127877N10538635EA0123301228012011026178194
B0642182127874N10538635EA0123301228008011026176191
B0642192127871N10538635EA0123201228012012021175189
B0642202127868N10538636EA0123201228012011021172191
B0642212127864N10538636EA0123201228012014023170189
B0642222127861N10538636EA0123201228012016025172186
B0642232127857N10538637EA0123201228008014024179186
B0642242127853N10538637EA0123101228012015024181192
B0642252127850N10538636EA0123101228016018024183194
B0642262127847N10538636EA0123001228016017025182196
B0642272127842N10538635EA0122901227012017029181195
B0642282127838N10538635EA0122801227012018025192192
B0642292127835N10538634EA0122701226012018025198202
B0642302127832N10538632EA0122501226012017021213206
B0642312127829N10538630EA0122401225016017023203218
B0642322127826N10538629EA0122301225012017023197211
B0642332127823N10538627EA0122201224012016023206206
B0642342127821N10538626EA0122101224012015019214212
B0642352127819N10538624EA0122101224012014018219219
B0642362127817N10538622EA0122001224016016020216222
B0642372127814N10538621EA0121901223016017021215220
B0642382127812N10538619EA0121701223016019020213219
B0642392127809N10538617EA0121601222012017020212218
B0642402127806N10538617EA0121501222016018019210218
B0642412127803N10538616EA0121401221016019020201216
B0642422127799N10538614EA0121301221016020022193210
B0642432127796N10538614EA0121201221016020022195204
B0642442127793N10538613EA0121101220012019022200205
B0642452127790N10538612EA0121101220016021022198209
B0642462127787N10538611EA0120901220012019022193208
B0642472127783N10538611EA0120801220012017027188204
B0642482127779N10538610EA0120701220012017027191199
B0642492127775N10538609EA0120601220012018027198201
B0642502127771N10538608EA0120401220012018028198206
B0642512127767N10538606EA0120301219012019029193206
B0642522127762N10538606EA0120201219016021029193202
B0642532127758N10538604EA0120001218016022028194202
B0642542127755N10538603EA0119901218016022026196203
B0642552127751N10538602EA0119701217016022026197205
B0642562127747N10538600EA0119601217016024029196205
B0642572127743N10538599EA0119501216016024029193204
B0642582127739N10538598EA0119401215016022029192202
B0642592127734N10538597EA0119301214016019030191201
B0643002127730N10538596EA0119201214016018030188200
B0643012127725N10538595EA0119201213016017025185198
B0643022127722N10538594EA0119201213016017025188197
B0643032127720N10538594EA0119301212016019018190199
B0643042127717N10538593EA0119501211016018018189203
B0643052127713N10538592EA0119501210016019022188203
B0643062127709N10538591EA0119401210016018027187201
B0643072127704N10538590EA0119401209016018027186198
B0643082127701N10538589EA0119301208016016024183197
B0643092127697N10538589EA0119301207016015021183196
B0643102127693N10538588EA0119401206016015021185197
B0643112127689N10538587EA0119401205016014027186198
B0643122127684N10538587EA0119401203016015029186197
B0643132127679N10538586EA0119401202016014028186197
B0643142127674N10538586EA0119401200016013028186197
B0643152127670N10538585EA0119401199016013027185197
B0643162127666N10538584EA0119401199016012030182196
B0643172127661N10538584EA0119401199016012030182193
B0643182127656N10538584EA0119501199016012030187193
B0643192127652N10538583EA0119501199016012028194197
B0643202127648N10538582EA0119601199016012025197203
B0643212127645N10538580EA0119801199016012024196206
B0643222127641N10538579EA0120001199016012024194206
B0643232127637N10538578EA0120101198016012024194204
B0643242127633N10538578EA0120201198016012025194204
B0643252127629N10538577EA0120301198016012025195204
B0643262127625N10538576EA0120301197016012021196205
B0643272127622N10538575EA0120401197016012021197206
B0643282127619N10538574EA0120401196016012019198207
B0643292127616N10538573EA0120401196016012018200208
B0643302127615N10538572EA0120401196016012018204210
B0643312127613N10538571EA0120401195016013017212213
B0643322127611N10538569EA0120401195016012017249218
B0643332127612N10538565EA0120301195012014016274241
B0643342127613N10538562EA0120301195012013015281256
B0643352127613N10538559EA0120201195012013016287260
B0643362127615N10538555EA0120101195012013019293265
B0643372127617N10538552EA0120101194012013023311272
B0643382127619N10538549EA0120001193012013023326289
B0643392127622N10538547EA0119901193012013023323301
B0643402127625N10538544EA0119801192012014023309299
B0643412127627N10538541EA0119701192012014026287287
B0643422127629N10538537EA0119601192012015027280271
B0643432127629N10538533EA0119601192012016026276267
B0643442127630N10538529EA0119501192012015025262263
B0643452127630N10538525EA0119501192016017025254252
B0643462127629N10538521EA0119401192016019025241246
B0643472127627N10538517EA0119301192016019027225238
B0643482127623N10538515EA0119301192016020026213226
B0643492127619N10538513EA0119201192016019026211217
B0643502127615N10538511EA0119101192016019026207216
B0643512127611N10538510EA0119101192016018027205213
B0643522127607N10538508EA0119001192016017028198211
B0643532127602N10538508EA0119001191016017028190206
B0643542127598N10538507EA0119001191012016028193200
B0643552127594N10538506EA0119001191012016027193202
B0643562127590N10538505EA0118901191012014028193203
B0643572127586N10538505EA0118901191012014032185202
B0643582127581N10538505EA0118901191016015032185195
B0643592127576N10538505EA0119001191016015032186195
B0644002127572N10538504EA0119001191008013028190196
B0644012127568N10538503EA0119001191008012026200200
B0644022127564N10538502EA0119101192008011026199208
B0644032127561N10538500EA0119101192012011026189207
B0644042127556N10538500EA0119101192012011027184199
B0644052127552N10538499EA0119201192012011027187196
B0644062127548N10538498EA0119201192012011028189198
B0644072127544N10538497EA0119201193012012029185199
B0644082127539N10538497EA0119201193012012029178196
B0644092127535N10538497EA0119201193012012029178191
B0644102127531N10538497EA0119201193012013027183190
B0644112127527N10538497EA0119201193012013026185195
B0644122127523N10538497EA0119201193012013030181196
B0644132127518N10538497EA0119301193012014030180193
B0644142127513N10538497EA0119301193012012031180192
B0644152127508N10538497EA0119301194016014031183191
B0644162127504N10538496EA0119401194012013025191194
B0644172127500N10538495EA0119401194012013027194201
B0644182127496N10538494EA0119401194012013027192203
B0644192127491N10538493EA0119501195012014029190202
B0644202127487N10538492EA0119501195012014029190199
B0644212127482N10538492EA0119501195012013028193199
B0644222127478N10538491EA0119501195012012028201202
B0644232127474N10538489EA0119501195012012028204208
B0644242127470N10538487EA0119501195016014028202210
B0644252127466N10538486EA0119501195016014028201209
B0644262127462N10538484EA0119501195012013027203208
B0644272127459N10538482EA0119601194008011029204210
B0644282127455N10538480EA0119601194008011029204210
B0644292127451N10538478EA0119601194012012029203210
B0644302127447N10538475EA0119701194012011029203209
B0644312127443N10538474EA0119801194008010026205210
B0644322127440N10538471EA0119801194008010027212211
B0644332127437N10538469EA0119901193008010027217217
B0644342127433N10538466EA0119901193008009028220220
B0644352127431N10538462EA0120001193012011028226222
B0644362127430N10538458EA0120001193012012025239226
B0644372127428N10538455EA0120001192008011025253236
B0644382127427N10538451EA0120101192008010025258246
B0644392127427N10538447EA0120101192008012027260250
B0644402127426N10538442EA0120301192008011027265251
B0644412127427N10538438EA0120401192008012025272255
B0644422127427N10538434EA0120501192008012025280260
B0644432127428N10538430EA0120701192008012025297266
B0644442127430N10538427EA0120801191016018025310279
B0644452127433N10538423EA0120901191012017026322290
B0644462127436N10538420EA0120901190012017032327301
B0644472127440N10538417EA0120901190008015032342309
B0644482127445N10538416EA0121001190008014032357324
B0644492127450N10538416EA0121001190008013032009340
B0644502127454N10538417EA0121101191012012032015354
B0644512127459N10538418EA0121101191012012035019002
B0644522127464N10538421EA0121101192012012035027008
B0644532127468N10538423EA0121201192012012034035018
B0644542127472N10538427EA0121201192012013033045027
B0644552127475N10538431EA0121201191012014031060040
B0644562127477N10538435EA0121201191012014032065061
B0644572127479N10538440EA0121201191012014032081067
B0644582127479N10538445EA0121301190016014031088088
B0644592127478N10538450EA0121301190016017031102097
B0645002127476N10538456EA0121401190016018033109113
B0645012127474N10538461EA0121501190016017035113120
B0645022127472N10538466EA0121601190016019035117122
B0645032127469N10538470EA0121701191016020031128127
B0645042127465N10538474EA0121701191016020031141139
B0645052127461N10538477EA0121801190016018033150152
B0645062127456N10538480EA0121901191012017033163159
B0645072127451N10538481EA0121901191012016033169172
B0645082127447N10538482EA0121901191012015031183177
B0645092127443N10538482EA0121901191012015026211191
B0645102127440N10538480EA0121901192012014023210217
B0645112127437N10538478EA0122001192012014016222218
B0645122127436N10538476EA0122101192012014017229230
B0645132127434N10538473EA0122201192012014017234235
B0645142127433N10538471EA0122301192012016018246239
B0645152127431N10538467EA0122401192012016021272249
B0645162127431N10538463EA0122401192008014027281270
B0645172127432N10538458EA0122401192008013028296278
B0645182127434N10538455EA0122501192008012028312291
B0645192127437N10538451EA0122501192008012028316305
B0645202127440N10538448EA0122501192008012030329309
B0645212127444N10538445EA0122501192008011031339321
B0645222127448N10538443EA0122501193008012031336331
B0645232127452N10538442EA0122501193008011030344328
B0645242127456N10538441EA0122501193008011028347335
B0645252127460N10538440EA0122401194008011027353337
B0645262127464N10538441EA0122401194012012026358343
B0645272127468N10538442EA0122401194012014034021348
B0645282127473N10538445EA0122401194012016031049013
B0645292127476N10538449EA0122501193016021032071044
B0645302127477N10538454EA0122601192016019032075069
B0645312127478N10538460EA0122601191016020033092075
B0645322127477N10538465EA0122701191016023035100093
B0645332127476N10538471EA0122701190016023034110103
B0645342127474N10538477EA0122701190016024034123115
B0645352127472N10538482EA0122701190016024033130129
B0645362127469N10538486EA0122801190016022029127136
B0645372127466N10538490EA0122801190016021029123135
B0645382127464N10538494EA0122901190016022029126130
B0645392127461N10538498EA0123001189016020029132134
B0645402127457N10538503EA0123101189016019030147140
B0645412127452N10538506EA0123101189016018036156156
B0645422127447N10538508EA0123101190016018036160164
B0645432127443N10538510EA0123101190016017032158168
B0645442127439N10538513EA0123401191016018031158166
B0645452127434N10538515EA0123501191016017031166166
B0645462127430N10538517EA0123701191012016034172175
B0645472127425N10538518EA0123901191012015034183180
B0645482127420N10538517EA0124201192012015030188190
B0645492127416N10538517EA0124401192012015028189196
B0645502127412N10538516EA0124701193012014024191198
B0645512127409N10538516EA0125001193012014022194201
B0645522127405N10538516EA0125301193016016025198205
B0645532127401N10538515EA0125501194016016024209207
B0645542127398N10538513EA0125701194016017024218217
B0645552127395N10538511EA0125901195016017021230224
B0645562127394N10538508EA0126001196012017021240235
B0645572127392N10538505EA0126201197012016021252244
B0645582127391N10538502EA0126401197012017019261253
B0645592127391N10538499EA0126601199012018019270260
B0646002127391N10538495EA0126801201012018021281268
B0646012127392N10538492EA0127201202012019021296277
B0646022127393N10538489EA0127401203012021023313290
B0646032127396N10538486EA0127601204012021023324304
B0646042127399N10538483EA0127701205012019028332314
B0646052127403N10538480EA0127801206012018031337323
B0646062127408N10538479EA0127901207012017027344331
B0646072127412N10538479EA0128001209016021031350339
B0646082127417N10538478EA0128101210016019031012345
B0646092127423N10538480EA0128301212016020035017005
B0646102127428N10538482EA0128401214016021038026012
B0646112127433N10538486EA0128601215024021036031021
B0646122127438N10538489EA0128801217024023036039026
B0646132127442N10538492EA0129001219024025035043034
B0646142127444N10538496EA0129201221024025030048039
B0646152127445N10538500EA0129401221024026030069043
B0646162127445N10538506EA0129401222024025034072068
B0646172127446N10538512EA0129401223024026034098072
B0646182127446N10538518EA0129301224024025034121102
B0646192127443N10538524EA0129201225024025040128130
B0646202127439N10538530EA0129201225016024040134141
B0646212127436N10538535EA0129201226016024037138150
B0646222127432N10538539EA0129301228016022038147153
B0646232127427N10538543EA0129401229016020037154164
B0646242127423N10538546EA0129501231016019036166168
B0646252127418N10538547EA0129701232016019034174186
B0646262127413N10538548EA0129901233016019033170195
B0646272127408N10538549EA0130101235016019033165192
B0646282127404N10538550EA0130401236016019027158189
B0646292127400N10538552EA0130601237016018024157192
B0646302127397N10538554EA0130901239016018024159193
B0646312127393N10538555EA0131101240016018027163197
B0646322127389N10538556EA0131401241016019027169203
B0646332127386N10538557EA0131601242016019023178205
B0646342127382N10538557EA0131701243016018023181208
B0646352127379N10538557EA0131801244016017019191208
B0646362127376N10538557EA0131801245012016019211218
B0646372127375N10538555EA0131701246012015016243233
B0646382127374N10538552EA0131501246012017016264254
B0646392127374N10538548EA0131301247012018027283271
B0646402127375N10538544EA0131101249012018028289285
B0646412127376N10538540EA0130901250012018027289292
B0646422127378N10538536EA0130701251012019026291295
B0646432127379N10538532EA0130401252012018028295302
B0646442127382N10538528EA0130201252016019032301301
B0646452127384N10538523EA0130001253016021032310305
B0646462127388N10538519EA0129701254016022036316309
B0646472127392N10538515EA0129501255016022032324306
B0646482127396N10538512EA0129301256008019032328317
B0646492127400N10538510EA0129201256012019027327321
B0646502127403N10538508EA0129101256012018027331325
B0646512127408N10538507EA0129101256012017032335322
B0646522127412N10538505EA0129101257012015036338336
B0646532127417N10538504EA0129001257012014036347321
B0646542127423N10538503EA0128901257012015037350309
B0646552127429N10538503EA0128801257008013038350317
B0646562127434N10538502EA0128701258008012038353321
B0646572127440N10538501EA0128701258008011038356327
B0646582127446N10538501EA0128801258008010038359333
B0646592127452N10538501EA0128801258008010048000350
B0647002127459N10538501EA0128801258008010048358018
B0647012127466N10538501EA0128801259008010046359015
B0647022127471N10538501EA0128801260012011040359014
B0647032127477N10538501EA0128901261012011034001015
B0647042127482N10538501EA0129001261012011034007012
B0647052127487N10538502EA0129201262012011034016016
B0647062127492N10538504EA0129401262012012035031022
B0647072127496N10538507EA0129601262012013038043035
B0647082127499N10538511EA0129701262012014038042047
B0647092127502N10538516EA0129801262012014034048045
B0647102127505N10538520EA0129901261012014034062050
B0647112127506N10538524EA0130001261012014029067066
B0647122127507N10538529EA0130101260012014030077071
B0647132127506N10538534EA0130301260012016029082084
B0647142127506N10538538EA0130301259024020029101089
B0647152127504N10538541EA0130301259016020024112113
B0647162127502N10538544EA0130301258012018021121127
B0647172127499N10538547EA0130401259016018022145140
B0647182127495N10538549EA0130501260012017022150164
B0647192127492N10538551EA0130701260012015025167169
B0647202127488N10538552EA0130801261012015029175182
B0647212127483N10538552EA0130901261012015029182187
B0647222127478N10538552EA0131101262012016028193194
B0647232127474N10538552EA0131201262012014024203203
B0647242127471N10538550EA0131401263012017019208212
B0647252127468N10538550EA0131601263016018019213218
B0647262127466N10538549EA0131801263016018014215222
B0647272127464N10538547EA0132001264012016014223225
B0647282127462N10538547EA0132201264012018012238230
B0647292127461N10538544EA0132301264012016019258240
B0647302127460N10538541EA0132401264012017019278254
B0647312127461N10538537EA0132401265012017023292269
B0647322127462N10538533EA0132301266012018027304281
B0647332127464N10538529EA0132301266012018026303293
B0647342127466N10538525EA0132401267012019026303291
B0647352127468N10538522EA0132401267008018026311291
B0647362127472N10538518EA0132401267008016031320298
B0647372127476N10538513EA0132401268008015038331308
B0647382127482N10538510EA0132401268012015043335320
B0647392127488N10538507EA0132301269012015043340326
B0647402127494N10538505EA0132301270012014043342330
B0647412127500N10538502EA0132301270012014043348333
B0647422127507N10538501EA0132401271012014047348337
B0647432127514N10538499EA0132501272008013047349335
B0647442127520N10538498EA0132601272008012047350338
B0647452127527N10538497EA0132701272008012042353358
B0647462127533N10538497EA0132801273012013042000011
B0647472127539N10538498EA0132901273012016044007023
B0647482127546N10538499EA0133001274016016043013029
B0647492127552N10538501EA0133001274016018043016029
B0647502127557N10538503EA0133001274016020042029033
B0647512127561N10538507EA0133101274016021037039042
B0647522127564N10538510EA0133101274012019033042051
B0647532127567N10538514EA0133101274012018032052052
B0647542127569N10538518EA0133101274012018032077062
B0647552127569N10538522EA0133101274016018026100091
B0647562127567N10538526EA0133101274016018026130119
B0647572127565N10538529EA0133001274016018025126149
B0647582127562N10538532EA0133001275012016024127146
B0647592127560N10538536EA0132901275012016024136148
B0648002127558N10538538EA0132901275012017022155155
B0648012127555N10538540EA0132801275012015022175173
B0648022127551N10538540EA0132801275024024023195190
B0648032127548N10538540EA0132701276016024021206204
B0648042127544N10538538EA0132601277016024021210216
B0648052127542N10538537EA0132601277016021017221218
B0648062127539N10538536EA0132701278016019015223229
B0648072127537N10538535EA0132801279012018015232229
B0648082127536N10538533EA0132901279016018016240234
B0648092127534N10538531EA0133001280016017016240239
B0648102127533N10538530EA0133001281012016014244238
B0648112127532N10538528EA0133101282012015014250239
B0648122127531N10538525EA0133101282012014016254248
B0648132127530N10538522EA0133101283012014022252253
B0648142127529N10538519EA0133101283016015022255256
B0648152127528N10538515EA0133101284012014022257258
B0648162127527N10538512EA0133101285012015022254260
B0648172127525N10538508EA0133101285012016024245255
B0648182127524N10538505EA0133201286012015029237259
B0648192127521N10538501EA0133201286012015029237254
B0648202127519N10538497EA0133301287012015028239257
B0648212127518N10538494EA0133301288012014023256254
B0648222127518N10538492EA0133401289012015017259256
B0648232127517N10538489EA0133701289016015017252252
B0648242127517N10538486EA0133801289016016019247240
B0648252127515N10538483EA0133801290016017019237234
B0648262127513N10538481EA0133701290016017020234222
B0648272127511N10538478EA0133601290012016021221213
B0648282127509N10538475EA0133501291012016020209211
B0648292127506N10538474EA0133401291012018020182212
B0648302127503N10538474EA0133401292012017020172215
B0648312127499N10538474EA0133501292012016023178213
B0648322127495N10538474EA0133601292012018025180204
B0648332127491N10538473EA0133701293012019026165202
B0648342127487N10538475EA0133901294024022027160200
B0648352127483N10538476EA0134001294012020027158196
B0648362127479N10538477EA0134101295016020027156192
B0648372127476N10538479EA0134201295016020024156186
B0648382127473N10538480EA0134301295016021025153185
B0648392127469N10538482EA0134401296016020027148184
B0648402127466N10538485EA0134601296016020025137185
B0648412127463N10538487EA0134801296016021026133174
B0648422127460N10538490EA0134901297016021026133170
B0648432127458N10538494EA0134901297012018023134163
B0648442127455N10538497EA0135001298012017024133162
B0648452127453N10538499EA0135101299016018023123162
B0648462127450N10538502EA0135201300016018024123162
B0648472127447N10538506EA0135201301008016025119163
B0648482127445N10538509EA0135301302012017027116156
B0648492127443N10538513EA0135401302012017027115150
B0648502127442N10538518EA0135501303012017027115153
B0648512127439N10538522EA0135601304016018029116155
B0648522127437N10538528EA0135701306016019032116150
B0648532127434N10538533EA0135801307016020035109147
B0648542127432N10538538EA0135901308016020035098139
B0648552127431N10538543EA0136001309012018031096131
B0648562127430N10538548EA0136201310016018030090126
B0648572127430N10538553EA0136401311016018031089119
B0648582127431N10538559EA0136601312016020033087116
B0648592127431N10538565EA0136901312016021037084110
B0649002127432N10538572EA0137001313016020037080102
B0649012127433N10538579EA0137001314016017040072097
B0649022127435N10538585EA0137001315016015040065086
B0649032127438N10538592EA0136901316016015042053076
B0649042127443N10538598EA0136901317016014046050062
B0649052127448N10538604EA0136901318016014046051056
B0649062127453N10538611EA0136801319016016047047058
B0649072127458N10538616EA0136801320016016047044052
B0649082127463N10538621EA0136901320016016041038048
B0649092127467N10538624EA0136901321016015041024043
B0649102127473N10538626EA0137001322016015039017047
B0649112127478N10538628EA0137101322016015038008031
B0649122127484N10538628EA0137101322016015038000024
B0649132127490N10538628EA0137101322016017039350011
B0649142127496N10538626EA0137101322016018042340358
B0649152127502N10538623EA0137101323016017040330343
B0649162127508N10538619EA0137101324016016041330331
B0649172127513N10538616EA0137201325016018040329328
B0649182127519N10538612EA0137201326016017038323324
B0649192127524N10538608EA0137301327016019038317316
B0649202127528N10538603EA0137401329016019037311308
B0649212127532N10538598EA0137501331016018037310302
B0649222127536N10538593EA0137601333016019036309299
B0649232127539N10538589EA0137701334016018032307296
B0649242127542N10538585EA0137801335016017032298293
B0649252127544N10538581EA0137901336016016030292285
B0649262127545N10538576EA0138001337016017028298278
B0649272127548N10538571EA0138101339016017028305282
B0649282127551N10538567EA0138201339016017028293287
B0649292127554N10538563EA0138401339016016028273277
B0649302127554N10538558EA0138401339016017028274260
B0649312127555N10538553EA0138401339016015029261261
B0649322127555N10538548EA0138401339016014029268251
B0649332127555N10538543EA0138401340012014023267256
B0649342127555N10538540EA0138401340016016023265253
B0649352127555N10538537EA0138501341016016016256251
B0649362127554N10538535EA0138701341016015016256241
B0649372127553N10538532EA0138801342012014018263242
B0649382127553N10538529EA0138901343012013023263247
B0649392127552N10538525EA0138901343012016024257250
B0649402127552N10538522EA0138901343012017023251245
B0649412127551N10538519EA0138901344012017021240241
B0649422127549N10538516EA0138901344012017021240233
B0649432127548N10538514EA0138901345012017017242232
B0649442127546N10538511EA0139001345012015017241232
B0649452127545N10538509EA0139101346012015017236232
B0649462127543N10538507EA0139101347012015017225229
B0649472127541N10538505EA0139201347012014017218222
B0649482127539N10538503EA0139201348012014017215217
B0649492127537N10538501EA0139201349012015019204215
B0649502127535N10538500EA0139201350012015019196208
B0649512127532N10538499EA0139001350012016019182203
B0649522127529N10538499EA0139001351012017019181194
B0649532127525N10538498EA0138901352012017024181192
B0649542127521N10538498EA0138801352012018024179191
B0649552127518N10538498EA0138801352012020024159189
B0649562127515N10538499EA0138901352012019024151175
B0649572127512N10538501EA0138901353012017022157169
B0649582127508N10538501EA0139001353012015024167174
B0649592127505N10538502EA0139101353012015024174181
B0650002127501N10538502EA0139201354012015024170186
B0650012127497N10538502EA0139301354012015024154183
B0650022127492N10538504EA0139301354012015030146171
B0650032127487N10538507EA0139401355012015030148162
B0650042127484N10538509EA0139501356012013030154164
B0650052127480N10538510EA0139601356012013026157169
B0650062127477N10538511EA0139701357016015022154173
B0650072127473N10538513EA0139801357016019022153173
B0650082127470N10538515EA0139901358016019027147172
B0650092127466N10538517EA0139901358016020027148164
B0650102127463N10538519EA0139901359016019023150165
B0650112127460N10538520EA0139801359016019021149169
B0650122127456N10538522EA0139801359016016021150169
B0650132127453N10538524EA0139701359016014028140170
B0650142127449N10538527EA0139601359016016029130158
B0650152127446N10538530EA0139401360016017029121149
B0650162127444N10538534EA0139301360016017029118142
B0650172127442N10538538EA0139101360016016028111138
B0650182127441N10538542EA0138901360012016028106133
B0650192127440N10538547EA0138701360012015028101127
B0650202127439N10538551EA0138501360012014026090122
B0650212127440N10538556EA0138401360012013026078113
B0650222127441N10538562EA0138201360016015034076098
B0650232127443N10538568EA0138101360012015039071091
B0650242127445N10538574EA0137901360012016039068082
B0650252127448N10538580EA0137801360016019039065078
B0650262127450N10538586EA0137601360012017039061075
B0650272127453N10538592EA0137401360012015039057069
B0650282127455N10538597EA0137201360012015039054065
B0650292127459N10538603EA0137001360012013042049060
B0650302127463N10538607EA0136901360012013041044053
B0650312127468N10538612EA0136701360016015041038047
B0650322127473N10538616EA0136501359016017041035039
B0650332127478N10538620EA0136301359012015049031035
B0650342127485N10538624EA0136001358016017050028030
B0650352127491N10538628EA0135801358012016049025026
B0650362127498N10538632EA0135501357016016049018022
B0650372127504N10538634EA0135301357012015044015014
B0650382127510N10538635EA0135201357016016038016010
B0650392127515N10538637EA0135201356016016039018010
B0650402127522N10538639EA0135201356016016039018013
B0650412127528N10538641EA0135201356016017044015012
B0650422127535N10538642EA0135201355016017044014010
B0650432127541N10538644EA0135201355016017041014008
B0650442127547N10538646EA0135201354016019041016008
B0650452127553N10538648EA0135301352016016040016010
B0650462127558N10538650EA0135401351016016040014010
B0650472127565N10538651EA0135501351016015040010007
B0650482127572N10538652EA0135601350016015040015002
B0650492127578N10538654EA0135701349016014041019009
B0650502127584N10538656EA0135901348016013041022014
B0650512127590N10538659EA0136001348016012041021018
B0650522127596N10538661EA0136101348016012041017017
B0650532127603N10538664EA0136201347016013045016012
B0650542127610N10538667EA0136301347016013047017011
B0650552127617N10538669EA0136501347016012045024012
B0650562127623N10538672EA0136601348016012043025021
B0650572127628N10538675EA0136801348016012035018022
B0650582127633N10538677EA0136901348016012035014011
B0650592127639N10538678EA0137101348016011039016006
B0651002127645N10538680EA0137201348016012039020010
B0651012127652N10538683EA0137301349016013043022015
B0651022127658N10538686EA0137401349012013043022018
B0651032127663N10538688EA0137601349012012038013018
B0651042127669N10538690EA0137701349012012038004006
B0651052127674N10538690EA0137801350012012037006355
B0651062127678N10538691EA0137901350012011032009356
B0651072127682N10538692EA0138001351012011028010358
B0651082127687N10538692EA0138001351012011031005358
B0651092127692N10538692EA0138001351012011036350352
B0651102127697N10538691EA0138001351008011036342336
B0651112127703N10538689EA0137901352012012036334328
B0651122127708N10538686EA0137701352012012038332318
B0651132127713N10538683EA0137601352012013038332317
B0651142127718N10538680EA0137401352012014038332317
B0651152127722N10538677EA0137301352008014037328318
B0651162127727N10538674EA0137101352016015036320312
B0651172127730N10538670EA0137001353016017035317304
B0651182127734N10538666EA0136901353012017032311300
B0651192127737N10538663EA0136801353012019032303293
B0651202127738N10538659EA0136701353012019029308286
B0651212127741N10538655EA0136601353016022027311288
B0651222127743N10538652EA0136601353012019027303290
B0651232127746N10538648EA0136601353012017030294283
B0651242127747N10538643EA0136501352012016030289276
B0651252127748N10538639EA0136401352012017030286273
B0651262127750N10538634EA0136301352008016028280270
B0651272127750N10538629EA0136201352012018028277264
B0651282127750N10538625EA0136201351012016025276262
B0651292127750N10538621EA0136101351012016025272260
B0651302127750N10538617EA0136101350012018025267257
B0651312127750N10538612EA0136001350016022028265253
B0651322127749N10538606EA0135901350016023033262253
B0651332127748N10538601EA0135801349016022031252251
B0651342127746N10538597EA0135601349016021031248243
B0651352127745N10538593EA0135501349016022027228240
B0651362127742N10538591EA0135401349008018022228225
B0651372127740N10538588EA0135301349008016021231224
B0651382127737N10538586EA0135201348008014022227226
B0651392127734N10538584EA0135101348008013023214223
B0651402127731N10538582EA0134901348008012022202214
B0651412127728N10538581EA0134801347008011023183206
B0651422127724N10538581EA0134601347008011024177192
B0651432127720N10538581EA0134501347012013024169187
B0651442127717N10538582EA0134401347012013026150182
B0651452127713N10538584EA0134201347012013026141165
B0651462127709N10538587EA0134101347012013029136158
B0651472127706N10538591EA0133901347012013032130152
B0651482127703N10538595EA0133801347012012029125146
B0651492127700N10538599EA0133701347012012029116142
B0651502127698N10538603EA0133601347012012029115134
B0651512127696N10538608EA0133601347008011030118133
B0651522127693N10538613EA0133601346008011035122136
B0651532127690N10538618EA0133701346008011034125137
B0651542127688N10538623EA0133701346012012034125139
B0651552127684N10538627EA0133701345012013032115139
B0651562127682N10538631EA0133701345012013031121131
B0651572127679N10538635EA0133701344008012032126137
B0651582127676N10538639EA0133801344008011031125141
B0651592127673N10538643EA0133801343008010031122140
B0652002127670N10538648EA0133901343008010031122138
B0652012127667N10538652EA0133901343012011035128138
B0652022127663N10538657EA0133901343012012035131141
B0652032127659N10538661EA0133901343012012033136145
B0652042127656N10538664EA0133901342012013033135149
B0652052127653N10538667EA0133901342012013031129148
B0652062127649N10538671EA0134001341012013031134144
B0652072127646N10538675EA0134101341012012031138148
B0652082127642N10538678EA0134201342012013036150152
B0652092127637N10538681EA0134401342012013036151160
B0652102127633N10538682EA0134501342012014032145161
B0652112127629N10538685EA0134701342012013030140157
B0652122127626N10538688EA0134901341012013030140153
B0652132127622N10538691EA0135201341012013033142154
B0652142127618N10538694EA0135401341012014033139154
B0652152127615N10538698EA0135501342012015032128152
B0652162127612N10538701EA0135701341012015028124143
B0652172127609N10538705EA0135801342012014028128140
B0652182127607N10538709EA0135901342012014032136144
B0652192127603N10538713EA0136001342012014036143149
B0652202127599N10538717EA0136001342016015034144154
B0652212127595N10538720EA0135901342016015035152156
B0652222127590N10538722EA0135801342016014034157162
B0652232127587N10538724EA0135701341016014022169167
B0652242127584N10538724EA0135701341016016022176180
B0652252127580N10538724EA0135701341016017021176185
B0652262127577N10538724EA0135801341016016021175186
B0652272127573N10538724EA0135901341012014024178185
B0652282127569N10538724EA0136101340012014026177186
B0652292127565N10538724EA0136201341012014026178185
B0652302127561N10538725EA0136401341012013023173185
B0652312127558N10538725EA0136501341012012021174183
B0652322127555N10538725EA0136701341012011021174184
B0652332127552N10538725EA0136901341012013023175184
B0652342127548N10538725EA0137001342012014023175184
B0652352127545N10538725EA0137201342012015022174184
B0652362127542N10538725EA0137301342012016022173184
B0652372127539N10538725EA0137401343012017020171183
B0652382127537N10538724EA0137501343016019015169182
B0652392127534N10538723EA0137701344016021017169184
B0652402127532N10538723EA0137801344016022017171183
B0652412127528N10538723EA0137801344016020022166183
B0652422127525N10538724EA0137901345012018023150178
B0652432127522N10538726EA0137901346012017027144165
B0652442127519N10538729EA0137901347012016027145155
B0652452127516N10538731EA0137901347012015026144157
B0652462127514N10538734EA0138001347012015023143152
B0652472127512N10538736EA0138101348012016019144153
B0652482127511N10538737EA0138001348012015016151158
B0652492127508N10538739EA0137901347012014018163167
B0652502127506N10538739EA0137701347012014018177172
B0652512127503N10538739EA0137401347012013018190182
B0652522127501N10538739EA0137101348012012016205191
B0652532127500N10538738EA0136901348012013009208201
B0652542127499N10538736EA0136701348012012011221202
B0652552127498N10538734EA0136501348012012011231206
B0652562127496N10538732EA0136401348008011017233210
B0652572127495N10538729EA0136201348008012017240216
B0652582127494N10538727EA0136001347012012014242220
B0652592127494N10538725EA0135801347012011014259220
B0653002127493N10538723EA0135601346008011014264229
B0653012127493N10538720EA0135401345008010016269231
B0653022127493N10538717EA0135201344008010019273238
B0653032127493N10538714EA0135001344008011020274244
B0653042127494N10538710EA0134801343012012020277246
B0653052127494N10538707EA0134601343012012020277249
B0653062127494N10538704EA0134201343012012019275249
B0653072127495N10538701EA0134001342012012019272247
B0653082127494N10538697EA0133801342012014026262240
B0653092127493N10538693EA0133601342012017032240233
B0653102127490N10538688EA0133301342012017030237221
B0653112127488N10538685EA0133101343012016030240220
B0653122127486N10538683EA0132901343016016022243222
B0653132127485N10538680EA0132701343016016018235221
B0653142127483N10538678EA0132601343012015022225215
B0653152127480N10538676EA0132401343008013022209210
B0653162127476N10538674EA0132201343012013025207200
B0653172127472N10538673EA0132001343012013025203200
B0653182127469N10538672EA0131801343012013023199198
B0653192127465N10538671EA0131601343012013024192195
B0653202127462N10538670EA0131501343012013024188191
B0653212127458N10538670EA0131401343012012024184188
B0653222127455N10538670EA0131301343012012024181185
B0653232127451N10538670EA0131201342012012023180183
B0653242127448N10538670EA0131001342012012025181183
B0653252127444N10538670EA0130901341012012025182184
B0653262127440N10538670EA0130801340012013026182185
B0653272127436N10538670EA0130801340012013026179184
B0653282127433N10538671EA0130801339012014022179183
B0653292127430N10538671EA0130801339012013022189183
B0653302127427N10538671EA0130801338012013021194190
B0653312127424N10538670EA0130801338012012021198193
B0653322127421N10538669EA0130801337008011021198196
B0653332127418N10538668EA0130701336012012018200196
B0653342127416N10538667EA0130701336012013019199197
B0653352127413N10538666EA0130601335016015019199196
B0653362127410N10538665EA0130501334012015021200196
B0653372127407N10538664EA0130401333012015021200197
B0653382127404N10538663EA0130401332012015019200197
B0653392127401N10538662EA0130301332012015019199197
B0653402127398N10538661EA0130301331012017019199197
B0653412127395N10538660EA0130201331012018019200196
B0653422127392N10538659EA0130201331012019023198197
B0653432127389N10538658EA0130201330012019023198196
B0653442127386N10538657EA0130201330012018020198196
B0653452127384N10538657EA0130101329012017015199196
B0653462127382N10538656EA0130101329012017014199196
B0653472127380N10538656EA0130101328012016017202196
B0653482127377N10538654EA0130001328012016017201198
B0653492127375N10538653EA0129901327012015019201198
B0653502127372N10538652EA0129801327012014018199198
B0653512127369N10538651EA0129701326012013018180196
B0653522127366N10538652EA0129601326012013018191184
B0653532127364N10538651EA0129501325012014017212191
B0653542127362N10538649EA0129501324012015017220204
B0653552127360N10538647EA0129501323012014020227209
B0653562127357N10538645EA0129501322012013023226215
B0653572127355N10538642EA0129401322008012022216215
B0653582127353N10538639EA0129201321016014022215208
B0653592127350N10538637EA0129101320016014020214208
B0654002127348N10538635EA0129101319012015020215206
B0654012127346N10538633EA0129001318012016020215207
B0654022127343N10538632EA0128901317012016020213207
B0654032127340N10538630EA0128801316012017023210206
B0654042127337N10538629EA0128701316016018023210204
B0654052127334N10538627EA0128501316012016022212204
B0654062127332N10538625EA0128401315012016020209206
B0654072127329N10538623EA0128301314012016018200203
B0654082127327N10538622EA0128101313012015018202197
B0654092127325N10538621EA0128001312016015018213198
B0654102127322N10538619EA0127801311012014022220206
B0654112127320N10538616EA0127601311012014022227211
B0654122127318N10538614EA0127401311012015012225216
B0654132127317N10538613EA0127301310012015012216210
B0654142127315N10538611EA0127101310012014012215204
B0654152127313N10538609EA0127001309012014016220204
B0654162127310N10538607EA0126701308012015022226209
B0654172127307N10538604EA0126601308016015022228215
B0654182127305N10538602EA0126401307016016022221216
B0654192127303N10538601EA0126301307016017019209211
B0654202127300N10538599EA0126201306016017019214202
B0654212127298N10538597EA0126101305016017019221206
B0654222127295N10538595EA0126001304016018020229211
B0654232127293N10538593EA0125801304016019021226216
B0654242127290N10538591EA0125601304016020021214215
B0654252127287N10538589EA0125401303016019024210206
B0654262127284N10538586EA0125101303016019025213204
B0654272127281N10538584EA0124801302016020024217207
B0654282127279N10538581EA0124601302024021024209209
B0654292127275N10538579EA0124401301024021024201204
B0654302127272N10538578EA0124101301024022026197198
B0654312127268N10538576EA0123901300016020028193195
B0654322127263N10538576EA0123701300016020029193193
B0654332127259N10538575EA0123401300016020029184193
B0654342127255N10538575EA0123301300016021028165186
B0654352127250N10538577EA0123201300016023028153172
B0654362127246N10538579EA0123101299016022033157163
B0654372127242N10538581EA0123101299016021028160165
B0654382127239N10538583EA0123101298016023028150169
B0654392127236N10538585EA0123101297016023026135161
B0654402127233N10538588EA0123101296016023026131151
B0654412127229N10538592EA0123101295016023033135147
B0654422127226N10538595EA0123101294016023033142148
B0654432127222N10538598EA0123001293016023032143154
B0654442127218N10538601EA0122901292016024031140155
B0654452127215N10538605EA0122801291016023031131152
B0654462127212N10538609EA0122701290016023030131145
B0654472127209N10538612EA0122601289016021030142145
B0654482127206N10538614EA0122501288016021026149154
B0654492127202N10538617EA0122501286016021026146161
B0654502127199N10538619EA0122301285016021027142159
B0654512127195N10538622EA0122201284024021031146155
B0654522127191N10538625EA0122101282024021032151157
B0654532127187N10538627EA0122001281024020032150161
B0654542127183N10538630EA0121901279024021033143160
B0654552127178N10538633EA0121801277024025035142154
B0654562127174N10538636EA0121701275024026034145153
B0654572127169N10538639EA0121601272024025034148156
B0654582127164N10538641EA0121501270024028034144158
B0654592127161N10538643EA0121501268024027032135155
B0655002127157N10538646EA0121401266024024032130148
B0655012127155N10538651EA0121301263024022036131144
B0655022127151N10538655EA0121201261024021036130144
B0655032127148N10538659EA0121001259016020035124143
B0655042127145N10538664EA0120901257016018035118138
B0655052127143N10538669EA0120701254016019035119133
B0655062127140N10538674EA0120501252016018038123134
B0655072127137N10538679EA0120401250016018038121136
B0655082127134N10538684EA0120001248016017038119134
B0655092127132N10538689EA0119801246016018036118133
B0655102127129N10538694EA0119601243016019036118132
B0655112127127N10538699EA0119401241016018041117133
B0655122127124N10538704EA0119201238016020044117130
B0655132127121N10538710EA0119001235016022041118129
B0655142127118N10538715EA0118701233016023039118131
B0655152127116N10538720EA0118601230016020037118131
B0655162127114N10538725EA0118401228016018035115132
B0655172127112N10538729EA0118301225016017036115131
B0655182127110N10538734EA0118201223016017036116130
B0655192127107N10538739EA0118101221016017036118131
B0655202127105N10538743EA0117901219016017033117132
B0655212127103N10538747EA0117801217016018033117134
B0655222127101N10538752EA0117701215016016034115133
B0655232127098N10538756EA0117601212016015033114131
B0655242127096N10538761EA0117501209016014033111130
B0655252127095N10538766EA0117301207016015032110128
B0655262127094N10538770EA0117201205016015032112128
B0655272127092N10538775EA0117101203016016032117129
B0655282127090N10538779EA0117101201016015032121133
B0655292127088N10538784EA0117001200016014031121137
B0655302127086N10538788EA0116901198016013030119137
B0655312127084N10538792EA0116901197016012030119136
B0655322127082N10538796EA0116801196016012031120136
B0655332127080N10538800EA0116701194016013031129136
B0655342127077N10538804EA0116601193016013031132143
B0655352127074N10538808EA0116501192016013031134146
B0655362127071N10538811EA0116401191016013032133147
B0655372127068N10538815EA0116301190016012032136147
B0655382127065N10538818EA0116201188016013030138149
B0655392127061N10538821EA0116201187016013029144151
B0655402127057N10538824EA0116101186016014029141156
B0655412127054N10538827EA0116001185016015032141154
B0655422127049N10538830EA0115701184016015033144153
B0655432127045N10538833EA0115601183016015032145155
B0655442127042N10538836EA0115401181016016032147157
B0655452127038N10538839EA0115301179016016032147158
B0655462127033N10538842EA0115101178016015033147157
B0655472127028N10538845EA0115001176016016033160158
B0655482127023N10538847EA0114801175016018032167168
B0655492127017N10538848EA0114701173016017032166173
B0655502127011N10538849EA0114601172016018033154173
B0655512127007N10538852EA0114501170016017027146163
B0655522127003N10538854EA0114501168016018027154158
B0655532126999N10538856EA0114501166016018023165164
B0655542126995N10538857EA0114401164016018023171174
B0655552126990N10538858EA0114401162016018031168177
B0655562126985N10538859EA0114301161016016032166174
B0655572126981N10538861EA0114201159016015032163172
B0655582126976N10538862EA0114001158016016030161170
B0655592126972N10538864EA0113901156016015027160169
B0656002126968N10538865EA0113801155016015027155169
B0656012126964N10538867EA0113801153016018029155165
B0656022126959N10538869EA0113801151016018031156165
B0656032126955N10538871EA0113801150016017029157165
B0656042126950N10538873EA0113701149016017029150166
B0656052126947N10538875EA0113601147016016029145161
B0656062126944N10538878EA0113501145016016031144157
B0656072126940N10538881EA0113401143016016031145156
B0656082126936N10538883EA0113301142016016031147156
B0656092126932N10538886EA0113101141016015031153158
B0656102126928N10538888EA0113001140016015031152163
B0656112126924N10538891EA0112801139016016031148162
B0656122126920N10538894EA0112701139016016031141159
B0656132126916N10538897EA0112501138016015031145153
B0656142126912N10538900EA0112401137016014030152156
B0656152126908N10538902EA0112301135016014030158162
B0656162126905N10538903EA0112201134016013024158167
B0656172126901N10538905EA0112001133016013025157168
B0656182126897N10538906EA0111901131016014025166167
B0656192126892N10538907EA0111801130016014029173173
B0656202126887N10538908EA0111701129016014032176178
B0656212126882N10538907EA0111501127016014029179180
B0656222126877N10538907EA0111501126016014029177183
B0656232126873N10538907EA0111401125016014028174181
B0656242126869N10538907EA0111401123016013027178179
B0656252126866N10538907EA0111401122016014026182182
B0656262126862N10538907EA0111401121016013028190184
B0656272126857N10538906EA0111401120016015031188191
B0656282126852N10538905EA0111401119016015031187189
B0656292126847N10538905EA0111401118016015031187188
B0656302126842N10538904EA0111301117016016030183188
B0656312126837N10538904EA0111301116012014031184185
B0656322126833N10538903EA0111301115012013033183186
B0656332126828N10538903EA0111301114012013031184185
B0656342126825N10538902EA0111301113012012028185186
B0656352126820N10538902EA0111201113012012028186187
B0656362126816N10538901EA0111101112012012030188188
B0656372126811N10538900EA0111101111012013035187189
B0656382126806N10538899EA0111001111012012032183188
B0656392126802N10538899EA0111001111012012032182185
B0656402126798N10538899EA0111101111012012028182184
B0656412126795N10538899EA0111301110012013024183185
B0656422126791N10538899EA0111501110012013028182186
B0656432126787N10538898EA0111601110012013026182185
B0656442126783N10538898EA0111801109012013026185185
B0656452126780N10538898EA0111901109012013021186187
B0656462126778N10538897EA0111901109012013018188188
B0656472126776N10538896EA0112001109012013019189189
B0656482126773N10538895EA0112001108012012019189190
B0656492126770N10538895EA0112001108016014020189190
B0656502126766N10538894EA0112001107012013023189190
B0656512126761N10538894EA0111901107012015030189190
B0656522126757N10538893EA0111701107012014030197190
B0656532126753N10538892EA0111601107012014028199195
B0656542126750N10538890EA0111601107016015026189197
B0656552126746N10538890EA0111701107016016024184190
B0656562126743N10538890EA0111801107016015021185186
B0656572126740N10538890EA0112001107012014023186187
B0656582126737N10538889EA0112101107012015023191188
B0656592126733N10538888EA0112201106016016025196191
B0657002126729N10538886EA0112301106016016026194195
B0657012126726N10538885EA0112301106016016027195193
B0657022126722N10538884EA0112301107012014027197194
B0657032126718N10538882EA0112301107012013025200196
B0657042126715N10538880EA0112401107012015025201197
B0657052126712N10538879EA0112501107016016025198198
B0657062126708N10538877EA0112701108016015025198196
B0657072126705N10538875EA0112801108012015025198196
B0657082126701N10538874EA0113001108012014025198196
B0657092126698N10538872EA0113401108012014026199196
B0657102126694N10538871EA0113601109012015026202197
B0657112126690N10538869EA0113701109008013025206199
B0657122126687N10538867EA0113901109008013025207202
B0657132126683N10538866EA0114101109016015025207202
B0657142126680N10538864EA0114201110016016025207202
B0657152126677N10538862EA0114401110016016025210203
B0657162126674N10538860EA0114501111012016021216204
B0657172126672N10538857EA0114701111016018021215208
B0657182126669N10538855EA0114801112016018021210207
B0657192126666N10538853EA0115001112016018024206204
B0657202126663N10538851EA0115101113016021025209202
B0657212126659N10538849EA0115101114012021023213204
B0657222126657N10538847EA0115201114012021023216206
B0657232126654N10538845EA0115301115016020021224209
B0657242126652N10538842EA0115301116016018021223213
B0657252126650N10538839EA0115501117016018022214213
B0657262126647N10538836EA0115601117016017027215207
B0657272126644N10538833EA0115601118016017027216209
B0657282126641N10538830EA0115701119016016026217209
B0657292126638N10538828EA0115701119016016022217210
B0657302126636N10538826EA0115701120016016022210209
B0657312126632N10538825EA0115701121016016028206204
B0657322126628N10538823EA0115701122012014035204202
B0657332126623N10538820EA0115701122016015034204201
B0657342126619N10538818EA0115701123016016034206201
B0657352126615N10538816EA0115701124012015030207202
B0657362126612N10538814EA0115701125012014022209203
B0657372126609N10538811EA0115701125016015027207203
B0657382126605N10538809EA0115701126008014027205202
B0657392126601N10538807EA0115601126008013032203201
B0657402126596N10538805EA0115501127012012032201200
B0657412126592N10538804EA0115301127012012030198199
B0657422126588N10538802EA0115101127012011030196196
B0657432126584N10538802EA0114801128012011028193195
B0657442126580N10538801EA0114801128012011028188192
B0657452126575N10538800EA0114701129012011030185189
B0657462126570N10538800EA0114601129012011035180186
B0657472126565N10538800EA0114601129012012035175183
B0657482126560N10538801EA0114501129012012034172179
B0657492126555N10538801EA0114401129012012032171177
B0657502126551N10538802EA0114301129012012029170176
B0657512126546N10538803EA0114201129012013027170176
B0657522126542N10538804EA0114201129008012029170176
B0657532126537N10538805EA0114101129016014029170176
B0657542126532N10538806EA0114101129016015033172176
B0657552126527N10538807EA0114001129016015034180176
B0657562126522N10538807EA0113901129012014031190183
B0657572126517N10538806EA0113801129012014031197190
B0657582126513N10538805EA0113801129012014028197196
B0657592126510N10538803EA0113801129016015026195195
B0658002126506N10538802EA0113801129016014026191194
B0658012126501N10538801EA0113901129016014034192191
B0658022126496N10538800EA0113901129012014035192192
B0658032126490N10538799EA0113901129012013035190192
B0658042126484N10538798EA0113901130012013036189191
B0658052126479N10538798EA0113901130012013036186189
B0658062126474N10538797EA0114101131012012034186188
B0658072126468N10538796EA0114201131012013034188187
B0658082126463N10538795EA0114401131012012034189189
B0658092126458N10538794EA0114601131012013035188189
B0658102126453N10538793EA0114801131012013035188189
B0658112126448N10538793EA0115001131012013031187189
B0658122126444N10538792EA0115201131012012031188189
B0658132126439N10538791EA0115401131012012031189189
B0658142126435N10538790EA0115601131012012032190190
B0658152126430N10538789EA0115901131012012032200188
B0658162126426N10538787EA0116101132012012026209192
B0658172126424N10538785EA0116501132012013026213193
B0658182126421N10538783EA0116701132016014024220199
B0658192126420N10538780EA0116901133016017021224209
B0658202126419N10538778EA0117001134016023019246224
B0658212126419N10538775EA0117101135016024021280227
B0658222126421N10538772EA0117201136016024021296244
B0658232126423N10538769EA0117301137016024020288255
B0658242126425N10538767EA0117501138016023019314246
B0658252126427N10538765EA0117701140016023018340269
B0658262126431N10538765EA0117901142016024018358271
B0658272126434N10538765EA0118201145016026023013284
B0658282126438N10538765EA0118401146016025023022297
B0658292126442N10538767EA0118701148016027027037304
B0658302126446N10538769EA0118901149016024028044336
B0658312126450N10538772EA0119101151024024029046359
B0658322126453N10538776EA0119301152016022029057009
B0658332126456N10538780EA0119901154016021029073029
B0658342126457N10538784EA0120101156016020029072058
B0658352126458N10538788EA0120401157016018029078060
B0658362126459N10538793EA0120701158016018032086070
B0658372126460N10538799EA0120901159016017033086082
B0658382126460N10538804EA0121001161016017033106082
B0658392126458N10538810EA0121201162016017039108112
B0658402126456N10538816EA0121401163016018040117111
B0658412126453N10538822EA0121501164016021039121122
B0658422126449N10538827EA0121801165016021041124126
B0658432126446N10538832EA0122001165016020039127129
B0658442126442N10538837EA0122201166016021041132133
B0658452126438N10538842EA0122301166016020041134139
B0658462126433N10538846EA0122401167016019043135142
B0658472126428N10538851EA0122401167016018044141142
B0658482126423N10538855EA0122501167012017044150148
B0658492126417N10538859EA0122601168016018044157160
B0658502126411N10538862EA0122701168016020041162168
B0658512126406N10538863EA0123001169016020033171175
B0658522126401N10538863EA0123101169016021033187189
B0658532126397N10538862EA0123101168016022029202207
B0658542126393N10538860EA0123001168016021027205224
B0658552126389N10538858EA0122801168016019027204230
B0658562126385N10538856EA0122601168012017034197229
B0658572126380N10538853EA0122401169012016034201217
B0658582126376N10538851EA0122101169012014031210221
B0658592126372N10538849EA0121901169012013028211232
B0659002126369N10538847EA0121701169012013026216235
B0659012126367N10538844EA0121501169016020019226241
B0659022126366N10538842EA0121301170016021019248256
B0659032126365N10538839EA0121201170016023018254272
B0659042126365N10538835EA0121001171016024018258277
B0659052126364N10538832EA0120901171012023020263280
B0659062126364N10538829EA0120801171012021019266281
B0659072126364N10538826EA0120601171012021021278284
B0659082126365N10538822EA0120301171012019021286291
B0659092126366N10538818EA0120101172012020021284297
B0659102126367N10538813EA0119801173012022027294295
B0659112126370N10538809EA0119601172012022028301300
B0659122126372N10538805EA0119401172016024028304305
B0659132126374N10538802EA0119301172016028024297308
B0659142126375N10538798EA0119101172016027024283303
B0659152126376N10538794EA0119001172016026024280293
B0659162126377N10538788EA0118801172016025037281292
B0659172126378N10538782EA0118501172012022040292290
B0659182126380N10538776EA0118301172016026037302298
B0659192126383N10538772EA0118101172016026034314307
B0659202126386N10538769EA0117901172016028027313317
B0659212126388N10538766EA0117801171016027021313317
B0659222126390N10538763EA0117701171012026026319318
B0659232126393N10538760EA0117601170012024026329322
B0659242126398N10538757EA0117501169012021030335329
B0659252126403N10538754EA0117301169012019034346334
B0659262126408N10538753EA0116701168012020037347343
B0659272126414N10538752EA0116501167012019037347345
B0659282126419N10538751EA0116201166012019034347344
B0659292126424N10538749EA0116101165012018034348344
B0659302126428N10538748EA0115901164016020033352345
B0659312126433N10538747EA0115901164016019027350348
B0659322126437N10538746EA0115801163012017027350346
B0659332126441N10538746EA0115701162012017027356346
B0659342126446N10538745EA0115601162012016028001351
B0659352126451N10538745EA0115401161012017033002355
B0659362126456N10538745EA0115201161012016029006357
B0659372126460N10538745EA0115101161012014029005359
B0659382126464N10538745EA0115101160012014027001359
B0659392126468N10538745EA0115101159012014027005355
B0659402126473N10538745EA0115101159012013030006358
B0659412126479N10538746EA0115201158012013035006359
B0659422126484N10538746EA0115201157012014035009000
B0659432126489N10538747EA0115301156012014032009003
B0659442126493N10538748EA0115301155012014026009002
B0659452126496N10538748EA0115501154012013026012001
B0659462126501N10538749EA0115601153012013031017003
B0659472126505N10538751EA0115701152012012033022009
B0659482126510N10538754EA0115801152012012033028013
B0659492126515N10538756EA0115901151008011037027018
B0659502126521N10538759EA0115901151008011039029019
B0659512126526N10538762EA0116001151012011038030021
B0659522126531N10538765EA0116201151012011038031021
B0659532126535N10538768EA0116301151008010035032023
B0659542126538N10538772EA0116501151008010032036023
B0659552126542N10538775EA0116701151008011032040025
B0659562126545N10538779EA0116801150008012032044030
B0659572126548N10538783EA0116901150012013032053033
B0659582126551N10538787EA0116901150012012032059041
B0659592126554N10538791EA0116901151008011031055047
B0700002126556N10538795EA0116901151008011030053043
B0700012126559N10538799EA0116801151008010032053041
B0700022126562N10538803EA0116801151008010035051041
B0700032126565N10538808EA0116701151008009035049041
B0700042126568N10538813EA0116601151012011036046038
B0700052126571N10538817EA0116501151008010036046036
B0700062126575N10538821EA0116401151008010033046036
B0700072126579N10538824EA0116401151008010033046035
B0700082126583N10538828EA0116401151008010033042035
B0700092126587N10538832EA0116301151008009035037031
B0700102126591N10538835EA0116301151008009038032027
B0700112126596N10538839EA0116201151008009033032023
B0700122126600N10538841EA0116101151008009033032022
B0700132126604N10538844EA0116101151008009033032022
B0700142126608N10538848EA0116101152012011033035022
B0700152126612N10538851EA0116101151008010035030024
B0700162126616N10538854EA0116201151008010034022021
B0700172126621N10538856EA0116301151012011034015013
B0700182126626N10538857EA0116501151012010033015006
B0700192126631N10538858EA0116601150012011033019006
B0700202126637N10538860EA0116601150012012037021010
B0700212126642N10538862EA0116701150008011038019013
B0700222126648N10538864EA0116701150008010038019012
B0700232126653N10538866EA0116801150008010036021011
B0700242126657N10538868EA0116801150008010034023013
B0700252126661N10538870EA0116901150012010031018014
B0700262126665N10538872EA0117001150012010027012009
B0700272126669N10538873EA0117201151012011027015002
B0700282126672N10538874EA0117301150012013024022005
B0700292126675N10538876EA0117401150008012024022010
B0700302126679N10538877EA0117501150012013027019010
B0700312126684N10538879EA0117501150008012031019009
B0700322126688N10538881EA0117601150008011031028010
B0700332126691N10538883EA0117601150008010028036018
B0700342126694N10538886EA0117601150008010028038024
B0700352126697N10538889EA0117601150012010028033026
B0700362126701N10538892EA0117601150012010031031021
B0700372126705N10538894EA0117601151012010033033020
B0700382126709N10538898EA0117601151008010033041023
B0700392126713N10538901EA0117601150008010034039031
B0700402126717N10538905EA0117601150008010034029029
B0700412126722N10538907EA0117501150008010035024019
B0700422126727N10538910EA0117501150012011035024015
B0700432126731N10538913EA0117401150012011036030015
B0700442126736N10538915EA0117401150012010036031021
B0700452126741N10538918EA0117301150012012032029021
B0700472126746N10538919EA0117301150012013032026019
B0700482126751N10538922EA0117301150012012032026016
B0700492126755N10538924EA0117201150012013033027016
B0700502126760N10538927EA0117201150012012036022018
B0700512126764N10538929EA0117101150008011036016014
B0700522126769N10538931EA0117001150008010033008008
B0700532126774N10538931EA0117001149008010032007000
B0700542126779N10538932EA0116901149008009037010359
B0700552126785N10538933EA0116901149008009038012003
B0700562126790N10538934EA0116901150008009037011004
B0700572126795N10538935EA0117001150008009034012003
B0700582126799N10538936EA0117101150008010027017004
B0700592126803N10538937EA0117301150008010031018006
B0701002126807N10538939EA0117501150008009031017009
B0701012126812N10538940EA0117601150008009032015008
B0701022126817N10538942EA0117701150008009032010006
B0701032126822N10538943EA0117801150008009032014002
B0701042126826N10538944EA0117801150008009032017005
B0701052126831N10538946EA0117901150008009032018008
B0701062126835N10538948EA0118001150008010030016009
B0701072126840N10538949EA0118101150012010030013007
B0701082126844N10538949EA0118201150012010027013004
B0701092126848N10538950EA0118301150012011027016003
B0701102126852N10538952EA0118401150012010028017006
B0701112126857N10538953EA0118401150008010035015007
B0701122126862N10538955EA0118401150008010035014007
B0701132126866N10538956EA0118301150008010035014006
B0701142126871N10538957EA0118301150008009029015006
B0701152126875N10538958EA0118401150012010027018005
B0701162126879N10538959EA0118401150012013031018008
B0701172126884N10538960EA0118501150008012033016008
B0701182126889N10538962EA0118501150008012033013007
B0701192126894N10538963EA0118501150012012037004005
B0701202126900N10538964EA0118501150012013037002358
B0701212126904N10538965EA0118401150012014026357356
B0701222126909N10538964EA0118301150012014032349350
B0701232126914N10538964EA0118201150008013032351344
B0701242126919N10538963EA0118101150008012035353345
B0701252126925N10538962EA0118101150008011037354348
B0701262126930N10538961EA0118001150008010036355349
B0701272126936N10538961EA0117901150008009036356349
B0701282126941N10538961EA0117901150008009034000350
B0701292126945N10538961EA0117901150008008033002353
B0701302126950N10538961EA0117901151008010033008355
B0701312126956N10538961EA0117901151012011037006000
B0701322126961N10538962EA0117801151008010037000359
B0701332126966N10538962EA0117801151008010034349354
B0701342126971N10538961EA0117701151008012032346344
B0701352126975N10538959EA0117601151008011032353342
B0701362126980N10538959EA0117601151008011035358347
B0701372126986N10538959EA0117601151008012035354352
B0701382126990N10538958EA0117601151008012032343348
B0701392126994N10538956EA0117601151008012030336339
B0701402126999N10538955EA0117701151012013030341333
B0701412127003N10538953EA0117701151012014032352336
B0701422127007N10538952EA0117801151012015032356347
B0701432127012N10538952EA0117801151012015030356350
B0701442127015N10538952EA0117801151008014026348349
B0701452127019N10538951EA0117901151008013026345342
B0701462127023N10538950EA0117901151008012032355340
B0701472127028N10538950EA0117901151008012033000349
B0701482127033N10538950EA0118001152012013033356354
B0701492127038N10538949EA0118001152012013033354350
B0701502127043N10538949EA0118101152012013033357348
B0701512127048N10538949EA0118301152012014034357351
B0701522127053N10538949EA0118501152012014034000351
B0701532127058N10538949EA0118601152012014032004353
B0701542127063N10538950EA0118801152012015032005357
B0701552127067N10538950EA0118901152012015032006358
B0701562127072N10538951EA0118901152012015027001358
B0701572127076N10538951EA0119001152008014027351353
B0701582127080N10538950EA0119001153008013027350345
B0701592127085N10538949EA0118901153008013031353344
B0702002127090N10538948EA0118801153012014037352347
B0702012127096N10538947EA0118601153012015038341347
B0702022127101N10538945EA0118501153012016038338338
B0702032127105N10538942EA0118501154012017034328335
B0702042127109N10538940EA0118501155012016029330326
B0702052127112N10538938EA0118701155012018025330328
B0702062127116N10538936EA0118801156012017029321328
B0702072127119N10538933EA0118801156012017030316320
B0702082127123N10538930EA0118701156008016030306316
B0702092127125N10538926EA0118701157008015031304308
B0702102127128N10538922EA0118501157008015031312306
B0702112127130N10538919EA0118401157008017025317313
B0702122127133N10538917EA0118401158012017025317317
B0702132127136N10538914EA0118301158008016025310317
B0702142127139N10538910EA0118201158008017026301312
B0702152127141N10538906EA0118001159012018029293304
B0702162127143N10538901EA0117901159012017029302297
B0702172127146N10538898EA0117701160012017029315305
B0702182127149N10538896EA0117701159012018024311316
B0702192127151N10538893EA0117701159012019024303312
B0702202127153N10538889EA0117901158012018024300306
B0702212127155N10538885EA0118001158012020031305304
B0702222127159N10538881EA0118101158012020032310307
B0702232127162N10538877EA0118101158016024032309311
B0702242127164N10538872EA0117901158016024032300311
B0702252127167N10538868EA0117801158016025032292303
B0702262127168N10538864EA0117601157012023030293296
B0702272127170N10538859EA0117401156012021032294297
B0702282127172N10538854EA0117201156012020032294298
B0702292127174N10538849EA0117001156012018032297298
B0702302127176N10538846EA0116701156008017028296300
B0702312127178N10538842EA0116601155008016025292300
B0702322127179N10538838EA0116401155008016027293297
B0702332127181N10538834EA0116201155008015027293297
B0702342127183N10538830EA0116101154008015028301298
B0702352127185N10538826EA0116001154008017028304304
B0702362127187N10538822EA0115801154012020024295306
B0702372127189N10538818EA0115701153012019024284299
B0702382127190N10538815EA0115601153008017024287291
B0702392127191N10538811EA0115501152008016024297293
B0702402127193N10538807EA0115301152008017024305301
B0702412127195N10538803EA0115101151012019029297307
B0702422127196N10538799EA0114901150012019029290301
B0702432127198N10538795EA0114601149012020028291295
B0702442127199N10538791EA0114401149012020027294296
B0702452127200N10538787EA0114101149012020025295298
B0702462127202N10538783EA0113901148016025026296300
B0702472127204N10538779EA0113801148012025026295300
B0702482127206N10538775EA0113601147012022026291299
B0702492127208N10538770EA0113501147008020031284296
B0702502127209N10538764EA0113401147012021035280290
B0702512127210N10538759EA0113401147012020026281286
B0702522127210N10538755EA0113501147012019026289288
B0702532127211N10538753EA0113701147012018019305294
B0702542127213N10538751EA0113901146012018016313308
B0702552127215N10538749EA0114201145008016016300314
B0702562127217N10538745EA0114501144008016032298305
B0702572127220N10538740EA0114601144008017034300302
B0702582127222N10538736EA0114601143008015033298303
B0702592127224N10538731EA0114501143008015033297301
B0703002127225N10538728EA0114401142008014028297300
B0703012127227N10538724EA0114401142008013026296300
B0703022127228N10538719EA0114401142012017030290300
B0703032127230N10538714EA0114401142008015030283295
B0703042127231N10538709EA0114401142008014033279289
B0703052127231N10538704EA0114401142008014033284284
B0703062127232N10538700EA0114501142012017022299289
B0703072127234N10538697EA0114601141012017022304303
B0703082127235N10538695EA0114801141008016021286307
B0703092127237N10538692EA0114901141008014019277293
B0703102127237N10538689EA0115101141008013019278286
B0703112127238N10538685EA0115101140012014027279287
B0703122127239N10538681EA0115101140008013027276286
B0703132127239N10538677EA0115101139008013024268283
B0703142127239N10538674EA0115001139012013024268278
B0703152127241N10538666EA0114801138008012028289289
B0703162127242N10538662EA0114701137008012028282294
B0703172127243N10538658EA0114601137008014025266288
B0703182127242N10538654EA0114401136012017025267276
B0703192127242N10538649EA0114301135008014026280277
B0703202127243N10538645EA0114101134008015025296287
B0703212127244N10538641EA0113901134008016025299300
B0703222127246N10538638EA0113701133008016025282303
B0703232127247N10538634EA0113501133012018025270289
B0703242127247N10538630EA0113301132012016027275279
B0703252127247N10538626EA0113101131008016023289282
B0703262127248N10538622EA0112901131008016023303295
B0703272127250N10538619EA0112701130008017021297306
B0703282127252N10538617EA0112601129012019020286302
B0703292127252N10538614EA0112501129008020019278293
B0703302127253N10538611EA0112401127012021020285287
B0703312127254N10538608EA0112301127012022025301292
B0703322127257N10538605EA0112101126016025025300305
B0703332127259N10538601EA0111901125016029025293304
B0703342127261N10538598EA0111501125012025025283298
B0703352127261N10538594EA0111301124012026022292290
B0703362127263N10538590EA0111101124016030027301298
B0703372127265N10538586EA0111001124012027027301304
B0703382127267N10538582EA0110801124012025027297304
B0703392127269N10538579EA0110701124016026027293301
B0703402127270N10538575EA0110601124016025021291298
B0703412127271N10538572EA0110501123016025021296297
B0703422127273N10538569EA0110401123012023020301301
B0703432127274N10538566EA0110401122012021020297304
B0703442127276N10538562EA0110301122012021022290302
B0703452127277N10538558EA0110301121012020027292296
B0703462127279N10538554EA0110201121016023027303296
B0703472127281N10538550EA0110001120012022026312306
B0703482127283N10538547EA0109901120012023026309313
B0703492127285N10538544EA0109901120012022025306310
B0703502127288N10538540EA0109801119012020024303308
B0703512127289N10538536EA0109801119012022024303306
B0703522127291N10538533EA0109801119012022023309306
B0703532127293N10538530EA0109801118012021023313311
B0703542127296N10538527EA0109801117012021027313314
B0703552127298N10538523EA0109701116012020025316313
B0703562127300N10538520EA0109701115012021025316316
B0703572127303N10538517EA0109601114012020025317316
B0703582127306N10538514EA0109501113012022025318317
B0703592127309N10538511EA0109401112012022029320317
B0704002127312N10538507EA0109301111016025032319320
B0704012127316N10538504EA0109201110012024032313319
B0704022127319N10538500EA0109101109016027032309314
B0704032127321N10538497EA0108901108016026028311310
B0704042127324N10538494EA0108801107016026028316312
B0704052127327N10538490EA0108701107016027029311316
B0704062127330N10538486EA0108601106012025029301312
B0704072127332N10538482EA0108401105012024029294304
B0704082127333N10538477EA0108301105012025029299298
B0704092127336N10538473EA0108201104012023029308303
B0704102127338N10538470EA0108001104012023027311310
B0704112127341N10538466EA0108001103012023027300312
B0704122127343N10538463EA0108001102012023024300303
B0704132127345N10538459EA0108001101016026024300303
B0704142127347N10538455EA0107901100012023029301304
B0704152127350N10538451EA0107901099012024028293304
B0704162127351N10538446EA0107901098012023028279297
B0704172127351N10538442EA0107801097016025028283285
B0704182127352N10538437EA0107801096012023028292289
B0704192127354N10538433EA0107801096012021028294296
B0704202127356N10538429EA0107801096012019027286298
B0704212127357N10538425EA0107901096012018028279291
B0704222127358N10538421EA0108001095012020027279286
B0704232127359N10538417EA0108101095012022027280286
B0704242127360N10538412EA0108201094012022027281287
B0704252127361N10538408EA0108301094012024026283288
B0704262127362N10538404EA0108401093016025026283290
B0704272127363N10538401EA0108501092016024024278290
B0704282127363N10538397EA0108801091012023024272286
B0704292127364N10538393EA0109001090012022024277281
B0704302127364N10538389EA0109101090012020026281285
B0704312127365N10538385EA0109201089012021028281288
B0704322127366N10538380EA0109201088012021028279287
B0704332127367N10538376EA0109301088012022028280286
B0704342127368N10538372EA0109301087012023028281287
B0704352127369N10538367EA0109301086012023030282288
B0704362127370N10538362EA0109301086016025033281288
B0704372127371N10538357EA0109301086012023031276287
B0704382127371N10538352EA0109301085012024031263282
B0704392127369N10538346EA0109301086012024031260271
B0704402127367N10538341EA0109401087012023026260269
B0704412127366N10538337EA0109601087016025027257270
B0704422127365N10538333EA0109801088016028027252267
B0704432127363N10538328EA0110201088016027027252263
B0704442127361N10538323EA0110501088016028033247263
B0704452127358N10538317EA0110701089016030036245257
B0704462127356N10538313EA0111101090016030036244254
B0704472127354N10538309EA0111301090016028030245253
B0704482127353N10538306EA0111501089016026026248256
B0704492127351N10538302EA0111801089016024026244260
B0704502127350N10538299EA0112001089016024025237257
B0704512127348N10538296EA0112201089008020026232251
B0704522127345N10538292EA0112401090012019026230245
B0704532127342N10538289EA0112501090012018026230244
B0704542127339N10538286EA0112701091016020026237243
B0704552127337N10538283EA0113001092016020022242250
B0704562127335N10538280EA0113201092016019022237256
B0704572127333N10538277EA0113501093016021022230252
B0704582127331N10538275EA0113801094016020022229246
B0704592127329N10538273EA0114101094016021019220245
B0705002127328N10538272EA0114301095016022009192241
B0705012127326N10538272EA0114601095016022013183251
B0705022127324N10538272EA0114801096016022013177239
B0705032127322N10538272EA0115001096016021015192239
B0705042127319N10538273EA0115301096016021015201240
B0705052127317N10538273EA0115301097012019015230244
B0705062127314N10538271EA0115301097012016019266259
B0705072127314N10538268EA0115301098012018019282276
B0705082127315N10538263EA0115201099012018023296285
B0705092127318N10538259EA0115201100008017027307293
B0705102127321N10538255EA0115101102012019034310301
B0705112127324N10538251EA0115001103012019035311304
B0705122127327N10538246EA0115001105012016034309305
B0705132127331N10538242EA0114901106012016034297304
B0705142127333N10538237EA0114901107012017033287297
B0705152127335N10538232EA0114901108012017034282279
B0705162127336N10538227EA0114901109012016034275249
B0705172127336N10538223EA0114901110012019029274248
B0705182127335N10538218EA0114901110016023029261254
B0705192127334N10538214EA0114901111012020025257253
B0705202127333N10538211EA0114901111012018023240253
B0705212127331N10538208EA0115001111012017023244246
B0705222127330N10538205EA0115001111012017021239250
B0705232127328N10538203EA0114901111016027021236249
B0705242127326N10538200EA0114801112016035019231249
B0705252127324N10538199EA0114701112016041020213249
B0705262127320N10538198EA0114501112024052025194238
B0705272127316N10538198EA0114301112024065024192221
B0705282127313N10538197EA0114201113024056024188221
B0705292127310N10538197EA0114001114016047017178219
B0705302127307N10538198EA0113901115016048000359222
B0705312127305N10538200EA0113801116016040018133223
B0705322127304N10538201EA0113801115016038017144205
B0705332127302N10538203EA0113801115016033017152212
B0705342127299N10538205EA0113801115016029023147212
B0705352127296N10538208EA0113801116016027023144195
B0705362127292N10538211EA0113701117024027029142194
B0705372127288N10538214EA0113701117016024029135181
B0705382127286N10538216EA0113601117016023021124174
B0705392127283N10538220EA0113601117016022024121182
B0705402127282N10538223EA0113701117012020021133174
B0705412127279N10538226EA0113801117016018022128186
B0705422127277N10538228EA0113901117016017021116182
B0705432127276N10538232EA0114001117016016021110178
B0705442127274N10538236EA0114101117016018027097177
B0705452127273N10538242EA0114201118016018027105145
B0705462127271N10538248EA0114301119016019032109151
B0705472127268N10538254EA0114401119016019035107145
B0705482127266N10538261EA0114501119016018040101139
B0705492127264N10538268EA0114601119024021040097127
B0705502127263N10538274EA0114801119024020038093122
B0705512127263N10538281EA0114901119024021035089120
B0705522127263N10538288EA0115001119024019035083117
B0705532127264N10538295EA0115001119016018042077109
B0705542127265N10538302EA0115101120016016042073095
B0705552127267N10538308EA0115101121016016042071089
B0705562127269N10538316EA0115201122016016042068087
B0705572127271N10538322EA0115201123016014040064082
B0705582127274N10538328EA0115201124016014040057078
B0705592127278N10538334EA0115201125016013040050067
B0706002127282N10538339EA0115301125016012039039056
B0706012127286N10538343EA0115301125016012039036038
B0706022127291N10538347EA0115201125016012039031034
B0706032127296N10538350EA0115001124016012042029026
B0706042127302N10538352EA0114901124016012042027025
B0706052127307N10538355EA0114701123012012042024022
B0706062127313N10538358EA0114501122012013042020017
B0706072127317N10538360EA0114401122012013039006012
B0706082127322N10538360EA0114401121012012030356351
B0706092127327N10538360EA0114301121012012030354332
B0706102127331N10538359EA0114201121012013030339330
B0706112127336N10538357EA0114201120012013032333314
B0706122127340N10538355EA0114101120012013032324310
B0706132127345N10538351EA0114001121012013033330302
B0706142127349N10538348EA0114001121012012033334309
B0706152127353N10538346EA0114101122012012032336314
B0706162127357N10538344EA0114201122012012030336315
B0706172127361N10538342EA0114401122012011029332314
B0706182127365N10538339EA0114601123012020030317309
B0706192127368N10538334EA0114901123012023036296295
B0706202127370N10538329EA0115101124012024030308280
B0706212127373N10538325EA0115201124012022030310288
B0706222127376N10538323EA0115401123012023029317290
B0706232127378N10538321EA0115501122012023019312296
B0706242127380N10538318EA0115601121012022019302281
B0706252127382N10538314EA0115601121012021019297274
B0706262127384N10538309EA0115501121012023030290270
B0706272127386N10538303EA0115301121016026034282273
B0706282127387N10538298EA0115101120012023030274268
B0706292127388N10538293EA0115001120012022030273261
B0706302127388N10538288EA0114901119012022025278259
B0706312127388N10538283EA0114901119012020025284262
B0706322127389N10538278EA0114901118016024031277266
B0706332127390N10538273EA0114901118016024029270263
B0706342127390N10538268EA0114901117016024029259257
B0706352127389N10538264EA0114901117016023026251249
B0706362127388N10538260EA0114801116016023023254243
B0706372127387N10538256EA0114701115016023023256243
B0706382127386N10538252EA0114601115016025027250245
B0706392127385N10538248EA0114601114016028029247242
B0706402127383N10538243EA0114501114016035028241240
B0706412127381N10538239EA0114501114016030028230235
B0706422127379N10538237EA0114501113012025026229228
B0706432127377N10538234EA0114501112012022021224227
B0706442127374N10538231EA0114601112012021021224223
B0706452127372N10538228EA0114701111012019021216223
B0706462127369N10538226EA0114701111012017024216218
B0706472127366N10538223EA0114801111024020025217218
B0706482127363N10538220EA0114801111024019025217219
B0706492127360N10538217EA0114801111024018027217219
B0706502127356N10538214EA0114801111024020027218218
B0706512127353N10538211EA0114901111016019027224219
B0706522127350N10538207EA0115001112016024025234224
B0706532127347N10538204EA0115101111016024024237231
B0706542127345N10538200EA0115201111016027027233233
B0706552127342N10538197EA0115301110024031027222230
B0706562127338N10538194EA0115401110024028027222222
B0706572127335N10538191EA0115501110024026027228223
B0706582127333N10538187EA0115501111024023024239227
B0706592127330N10538183EA0115601112016022024243235
B0707002127329N10538179EA0115701112016023023242237
B0707012127327N10538175EA0115801113016022020244236
B0707022127326N10538173EA0115801113016023018244237
B0707032127324N10538170EA0115801113016026013233237
B0707042127321N10538167EA0115801113016027014228229
B0707052127320N10538165EA0115701112016026014217226
B0707062127317N10538163EA0115401111016028018213220
B0707072127315N10538160EA0115101109016029021213217
B0707082127311N10538158EA0114801109016025031215216
B0707092127307N10538155EA0114501109016022031222217
B0707102127304N10538152EA0114401109016020029225223
B0707112127301N10538149EA0114401111016019024233225
B0707122127299N10538147EA0114401112016020019217231
B0707132127297N10538145EA0114601113016032020221219
B0707142127294N10538142EA0114801113016029020225222
B0707152127291N10538140EA0115001114016026020229225
B0707162127289N10538137EA0115001114016023021228228
B0707172127286N10538134EA0114901115016022022222227
B0707182127283N10538131EA0114801116016020020222222
B0707192127280N10538129EA0114701117016019020237223
B0707202127279N10538128EA0114701117016018016233233
B0707212127278N10538126EA0114701117016019016229230
B0707222127276N10538124EA0114701117016021016219227
B0707232127273N10538122EA0114601117016019022214221
B0707242127271N10538120EA0114401117016018022216217
B0707252127268N10538118EA0114301117016018022220219
B0707262127266N10538117EA0114101117016017020219222
B0707272127263N10538115EA0114001117016016020211221
B0707282127260N10538113EA0114001117016016018212215
B0707292127257N10538111EA0113901117016017018215217
B0707302127255N10538110EA0113901118016016018222218
B0707312127253N10538107EA0113801118016016018223223
B0707322127250N10538105EA0113601119016016021222223
B0707332127247N10538103EA0113501119016015021220223
B0707342127245N10538100EA0113201119016016021221221
B0707352127243N10538098EA0113101119016016019234222
B0707362127241N10538096EA0113001119016015018243230
B0707372127239N10538093EA0112901119016015018241236
B0707382127238N10538091EA0112801118016015018233235
B0707392127235N10538088EA0112701117016014020225230
B0707402127233N10538086EA0112501117016014020229225
B0707412127231N10538083EA0112401116016014020232227
B0707422127229N10538081EA0112201115016014018234230
B0707432127227N10538079EA0112101115016014016230230
B0707442127225N10538077EA0112001115016014017222228
B0707452127222N10538075EA0112001115016014017224223
B0707462127220N10538073EA0111901113016014017235224
B0707472127218N10538072EA0111801112016013016233231
B0707482127217N10538070EA0111701111016013017224230
B0707492127215N10538067EA0111601110016013020223224
B0707502127212N10538066EA0111401108016013019233223
B0707512127211N10538063EA0111301107016013019236230
B0707532127209N10538060EA0111101105016013018238232
B0707542127208N10538058EA0110701104016013020236233
B0707552127206N10538056EA0110501103016013020234232
B0707562127204N10538054EA0110301103016013021236231
B0707572127203N10538051EA0110201102016013022239232
B0707582127201N10538048EA0110101101016013022238235
B0707592127199N10538045EA0110001101016013022227234
B0708002127196N10538043EA0109901101016013022215226
B0708012127193N10538040EA0109901101016013023215218
B0708022127190N10538038EA0109801100016013023226218
B0708032127188N10538036EA0109801100016016017234226
B0708042127187N10538034EA0109801100016016018231231
B0708052127185N10538032EA0109901100016015018225228
B0708062127183N10538030EA0109901099016015019217225
B0708072127180N10538028EA0109901099016015020217220
B0708082127177N10538027EA0110001098016016018225220
B0708092127175N10538024EA0110101098016015018227225
B0708102127173N10538022EA0110201097016016018226226
B0708112127170N10538020EA0110201096016016020214225
B0708122127167N10538018EA0110201095016016023208217
B0708132127163N10538016EA0110101095016015024204213
B0708142127159N10538014EA0110001095016015024203210
B0708152127156N10538012EA0109801094016015023205209
B0708162127153N10538011EA0109801093016014023198211
B0708172127149N10538010EA0109801093016015024198206
B0708182127146N10538009EA0109801092016015025201206
B0708192127142N10538008EA0109901092016015026206207
B0708202127138N10538006EA0110001092016014025209211
B0708212127135N10538004EA0110101092016014024222213
B0708222127133N10538001EA0110301093016014021233223
B0708232127131N10537999EA0110501093016014020245230
B0708242127130N10537995EA0110701093016014020253238
B0708252127129N10537991EA0110901093016014020253244
B0708262127128N10537988EA0111101094016014022255244
B0708272127128N10537984EA0111301095016015022274246
B0708282127128N10537981EA0111501095016019023290259
B0708292127130N10537977EA0111701095016023026296272
B0708302127132N10537973EA0111801095016023026309279
B0708312127135N10537970EA0112001095016021028321289
B0708322127138N10537967EA0112101095016023032326302
B0708332127142N10537964EA0112201096016020033336309
B0708342127148N10537962EA0112301096016018033348319
B0708352127153N10537960EA0112501098016017033352332
B0708362127159N10537960EA0112601099016016033000336
B0708372127164N10537960EA0112801100016016035007346
B0708382127170N10537961EA0113001101016014034012355
B0708392127174N10537962EA0113201102016013034016000
B0708402127179N10537964EA0113301103016013033026005
B0708412127185N10537965EA0113501105016013033031019
B0708422127190N10537969EA0113501107016013035035026
B0708432127194N10537972EA0113601108016013034045032
B0708442127196N10537976EA0113601110016013034053045
B0708452127199N10537981EA0113601112016014031058056
B0708462127201N10537986EA0113701113016015030059063
B0708472127203N10537991EA0113801113016015030065065
B0708482127204N10537996EA0113901114016014033075073
B0708492127204N10538001EA0113901114016014033085086
B0708502127204N10538006EA0113901115016015028097098
B0708512127203N10538011EA0113901115016015027110113
B0708522127201N10538016EA0113801114016014027106127
B0708532127199N10538022EA0113701114016014036109123
B0708542127197N10538027EA0113501114016015039114122
B0708552127194N10538032EA0113501114016014037111125
B0708562127192N10538038EA0113501114016013037111123
B0708572127190N10538043EA0113701114016013033110122
B0708582127188N10538047EA0113901115016013030113124
B0708592127186N10538051EA0114101115016014030127127
B0709002127183N10538056EA0114201115016017030136141
B0709012127179N10538059EA0114201115016018030149150
B0709022127174N10538061EA0114201115016018028157162
B0709032127170N10538063EA0114201116016018028147169
B0709042127166N10538066EA0114301116016017028145160
B0709052127162N10538068EA0114301115016016026152158
B0709062127158N10538070EA0114501115016016024167166
B0709072127149N10538072EA0114801115016016029170180
B0709082127144N10538072EA0114801114016015029175180
B0709092127139N10538072EA0114901114016014028182184
B0709102127135N10538072EA0115001114016013027194190
B0709112127132N10538071EA0115001115016014027198200
B0709122127128N10538070EA0115101116016013022203204
B0709132127125N10538068EA0115201117016014023204210
B0709142127121N10538066EA0115201118016014023204210
B0709152127118N10538064EA0115201119016015025205209
B0709162127113N10538061EA0115201119016017029207210
B0709172127109N10538058EA0115101120016017034211212
B0709182127105N10538055EA0115001120016016034213214
B0709192127101N10538052EA0115001121016014033213216
B0709202127098N10538049EA0115001122016014032214216
B0709212127094N10538045EA0115001123016014031215217
B0709222127091N10538041EA0115101123016016032215218
B0709232127087N10538038EA0115201124016015033215218
B0709242127084N10538034EA0115301125016014032211218
B0709252127080N10538031EA0115301125016014027212215
B0709262127078N10538029EA0115501126016013021211215
B0709272127076N10538028EA0115601126016014021209216
B0709282127073N10538026EA0115701127016014024203214
B0709292127069N10538024EA0115701127016014024200208
B0709302127066N10538022EA0115701128016013027197206
B0709312127061N10538021EA0115601128016013027198203
B0709322127058N10538019EA0115601128016014022204203
B0709332127055N10538017EA0115601129016013023205210
B0709342127052N10538016EA0115601129016013023201210
B0709352127048N10538015EA0115701129016013025194206
B0709362127044N10538014EA0115701129016013026193200
B0709372127041N10538013EA0115701129016012024195199
B0709382127037N10538012EA0115701129016012024194201
B0709392127034N10538011EA0115601129016012022194200
B0709402127031N10538010EA0115601129016013022197200
B0709412127028N10538009EA0115501128016012022198203
B0709422127024N10538008EA0115501128016012024197204
B0709432127021N10538007EA0115301128016012026197203
B0709442127017N10538006EA0115001128016013026198202
B0709452127013N10538004EA0114801127016012027202203
B0709462127010N10538002EA0114601127016012027209207
B0709472127007N10538000EA0114501127016012023208213
B0709482127004N10537998EA0114301126016012023209213
B0709492127001N10537997EA0114201126016012023207213
B0709502126998N10537995EA0114001125016012024210212
B0709512126995N10537993EA0113801125016012027211214
B0709522126991N10537990EA0113701125016012025212214
B0709532126989N10537989EA0113501125016012025215215
B0709542126987N10537987EA0113401124016012022214218
B0709552126985N10537985EA0113401124016012022214218
B0709562126982N10537984EA0113401123016012021221218
B0709572126979N10537981EA0113401122016012020228224
B0709582126977N10537978EA0113301121016014020242229
B0709592126976N10537975EA0113301120016015019251241
B0710002126975N10537973EA0113201119016015017250248
B0710012126974N10537970EA0113201118016015014247246
B0710022126973N10537967EA0113101117016013020252244
B0710032126972N10537964EA0112901116016013023250249
B0710042126971N10537960EA0112701114016013023250248
B0710052126970N10537956EA0112401113016012025245248
B0710062126968N10537953EA0112201113016012025246244
B0710072126967N10537949EA0112001112016012020261244
B0710082126966N10537945EA0111801111016013022277256
B0710092126967N10537940EA0111701110016014022273270
B0710102126968N10537936EA0111601109016014025263267
B0710112126967N10537932EA0111501108016016026257259
B0710122126966N10537928EA0111401107016019027262254
B0710132126966N10537924EA0111201107016020027277258
B0710142126967N10537920EA0111101106016017024283271
B0710152126968N10537916EA0111001105016015024282276
B0710162126969N10537912EA0110901103016015025270275
B0710172126969N10537907EA0110801102016016027266265
B0710182126970N10537902EA0110701101016015028280262
B0710192126971N10537897EA0110501101016015027292274
B0710202126973N10537894EA0110401100016015027284284
B0710212126974N10537891EA0110101099016018022260277
B0710222126974N10537888EA0109901098016019022245256
B0710232126972N10537885EA0109701097016017024251244
B0710242126971N10537881EA0109501096016016024261249
B0710252126971N10537876EA0109301095012014026266257
B0710262126970N10537872EA0109101094012013026263261
B0710272126970N10537868EA0109001094012013022252259
B0710282126969N10537864EA0108801093012013023248250
B0710292126967N10537860EA0108701092012012023250246
B0710302126966N10537856EA0108601090012012023252248
B0710312126965N10537852EA0108501089012012024250250
B0710322126963N10537849EA0108301088016015022249248
B0710332126962N10537845EA0108201087012013022248247
B0710342126961N10537842EA0108001085016017021249246
B0710352126960N10537839EA0107901084016018021252247
B0710362126959N10537835EA0107801082016017023253249
B0710372126958N10537831EA0107701082012018027251250
B0710382126957N10537826EA0107501081012021029247249
B0710392126955N10537822EA0107301081012020027252246
B0710402126955N10537818EA0106801081012020027257250
B0710412126954N10537814EA0106601081016021027255254
B0710422126953N10537810EA0106501080012018026252252
B0710432126953N10537806EA0106301080012018026253250
B0710442126952N10537803EA0106201080012017023255251
B0710452126952N10537799EA0106101079012016023257252
B0710462126951N10537795EA0105901079012015024250253
B0710472126949N10537791EA0105801079012016026247248
B0710482126948N10537787EA0105601079012019026247246
B0710492126947N10537783EA0105401079016018024245245
B0710502126946N10537779EA0105201079016019022251244
B0710512126945N10537776EA0105101079016023019262249
B0710522126945N10537773EA0105001078016022018260258
B0710532126945N10537771EA0104901078016022022246255
B0710542126943N10537767EA0104701077016022022239245
B0710552126941N10537763EA0104501077016021026247239
B0710562126940N10537759EA0104301076016021026261245
B0710572126940N10537754EA0104101074016021021281258
B0710582126940N10537750EA0103801072016021023266273
B0710592126940N10537745EA0103601070016021023254261
B0711002126939N10537741EA0103501068016022026257251
B0711012126938N10537736EA0103301067016021027268254
B0711022126938N10537730EA0103101066016021032281263
B0711032126938N10537725EA0102901064024029032279275
B0711042126939N10537720EA0102701063024032027267274
B0711052126939N10537716EA0102501062024031027258262
B0711062126938N10537711EA0102301060024028028259255
B0711072126937N10537705EA0102201059016026031264256
B0711082126936N10537699EA0102101058016025031264260
B0711092126936N10537694EA0102001057016023027260261
B0711102126935N10537690EA0101901057016024024248256
B0711112126933N10537686EA0101901056016024024250246
B0711122126932N10537683EA0102001055016026029256248
B0711132126930N10537678EA0102001053016025031256254
B0711142126928N10537673EA0101901052024026031256254
B0711152126926N10537668EA0101801051024025031254254
B0711162126925N10537663EA0101801050024025028256252
B0711172126923N10537659EA0101901048024027023257253
B0711182126922N10537655EA0102001046016025028261254
B0711192126920N10537650EA0102101044016022028263258
B0711202126919N10537644EA0102101041016022031265259
B0711212126919N10537639EA0102101038016023031268261
B0711222126919N10537636EA0102101036016021019270264
B0711232126918N10537633EA0102101033016022019274264
B0711242126918N10537630EA0102101029016023019272266
B0711252126918N10537626EA0102101026016027020267265
B0711262126917N10537621EA0102001023016024024261261
B0711272126916N10537616EA0101801019016021028262257
B0711282126915N10537611EA0101601016016021028267258
B0711292126914N10537607EA0101501013016018025268262
B0711302126914N10537602EA0101301009016024024270264
B0711312126914N10537598EA0101201006016025024263265
B0711322126913N10537594EA0101201004016024026261259
B0711332126912N10537590EA0101101001016022032260257
B0711342126911N10537584EA0101000999016021032256257
B0711352126909N10537578EA0100900997016021032255254
B0711362126907N10537572EA0100800995016019031247252
B0711372126904N10537567EA0100800994016017030245246
B0711382126902N10537562EA0100900993016016031246244
B0711392126900N10537557EA0101000992016014031243245
B0711402126898N10537553EA0101000992016014031236242
B0711412126895N10537548EA0101100992016013031235237
B0711422126892N10537543EA0101100991016013031242236
B0711432126889N10537539EA0101200991016013031247242
B0711442126887N10537534EA0101200990016013028246246
B0711452126886N10537531EA0101300990016013027243245
B0711462126884N10537527EA0101500989016013027240242
B0711472126881N10537522EA0101600989016013029246240
B0711482126880N10537518EA0101700989016014029258245
B0711492126878N10537513EA0101800988016015029259255
B0711502126878N10537510EA0102000988016014027258256
B0711512126877N10537506EA0102200988016014026251255
B0711522126875N10537502EA0102300988016013029255249
B0711532126874N10537498EA0102500988016013029265252
B0711542126874N10537493EA0102600989016013026274261
B0711552126875N10537489EA0102700990016017026285269
B0711562126876N10537485EA0102900991016020026292278
B0711572126878N10537481EA0103000992016019026293284
B0711582126880N10537477EA0103100993016022026312285
B0711592126882N10537474EA0103300994016019026322302
B0712002126886N10537472EA0103300995016018026342311
B0712012126891N10537471EA0103300995016018030352331
B0712022126898N10537470EA0103300995016017038358343
B0712032126904N10537470EA0103300995016016040008350
B0712042126911N10537471EA0103300996016018038016002
B0712052126917N10537472EA0103400996016016036016011
B0712062126922N10537474EA0103400996016015034038010
B0712072126926N10537478EA0103400996016014034053035
B0712082126929N10537483EA0103400996016013035058052
B0712092126932N10537488EA0103400996016013035063058
B0712102126934N10537493EA0103300996016012035066063
B0712112126937N10537498EA0103200997016012035080067
B0712122126938N10537503EA0103200997016012032089084
B0712132126938N10537507EA0103200998016012032098094
B0712142126937N10537511EA0103200999016013028120104
B0712152126936N10537514EA0103400999016013023126130
B0712162126934N10537516EA0103500999016014021125139
B0712172126932N10537518EA0103701000016014024129140
B0712182126930N10537521EA0103901000016013026136142
B0712192126926N10537523EA0104001000016013024150148
B0712202126923N10537525EA0104100999016014024161161
B0712212126919N10537526EA0104100999016014023166172
B0712222126915N10537527EA0104200999016014021171176
B0712232126912N10537528EA0104300998016016023168181
B0712242126908N10537528EA0104300997016016023168178
B0712252126905N10537529EA0104400997016016025173178
B0712262126901N10537529EA0104400997016015027182181
B0712272126896N10537529EA0104500997016014025182188
B0712282126892N10537529EA0104500998016013025182188
B0712292126889N10537528EA0104600999016013023182188
B0712302126885N10537528EA0104701000016013023201189
B0712312126883N10537527EA0104801001012014023209204
B0712322126879N10537525EA0104901002012017021214210
B0712332126877N10537523EA0105001003012017021224214
B0712342126875N10537521EA0105201004012022020231222
B0712352126874N10537519EA0105301005016023019235227
B0712362126873N10537516EA0105401006016021019241229
B0712372126872N10537513EA0105501007016022020249234
B0712382126871N10537510EA0105601007016021025257241
B0712392126870N10537505EA0105701008012020025271248
B0712402126871N10537500EA0105701009016021029286260
B0712412126873N10537495EA0105701010016024032294274
B0712422126875N10537490EA0105701012012022028297282
B0712432126877N10537487EA0105801013012022028303284
B0712442126880N10537483EA0105901014016023026323289
B0712452126884N10537481EA0106201014016022026319307
B0712462126887N10537477EA0106201015016021032313303
B0712472126891N10537473EA0106201016012019033307300
B0712482126894N10537468EA0106101018016019033292294
B0712492126896N10537463EA0106001019016021033293280
B0712502126899N10537458EA0105801020016022034295281
B0712512126901N10537452EA0105701021016022037294283
B0712522126904N10537446EA0105501022012021039289283
B0712532126905N10537441EA0105401022012018039283279
B0712542126906N10537435EA0105401023016023034266273
B0712552126905N10537430EA0105401023008020033275256
B0712562126906N10537424EA0105401023012018033276263
B0712572126906N10537419EA0105501024012016033269264
B0712582126906N10537414EA0105601024012016033263258
B0712592126905N10537408EA0105701025012015033260252
B0713002126904N10537404EA0105801025012019030259249
B0713012126903N10537399EA0105801025012016030255247
B0713022126902N10537394EA0105901026012014032254243
B0713032126900N10537389EA0105901026012014033248243
B0713042126898N10537384EA0105801026012016033247239
B0713052126895N10537380EA0105801027012015033246237
B0713062126893N10537376EA0105801027012014031245236
B0713072126891N10537372EA0105801027012013026246235
B0713082126889N10537368EA0105901027008012026246234
B0713092126888N10537365EA0105901027008011025242234
B0713102126886N10537361EA0105801027008012025229230
B0713112126883N10537357EA0105701027008011028227220
B0713122126880N10537354EA0105601027012012027229219
B0713132126878N10537351EA0105501027012012027238221
B0713142126876N10537348EA0105401027012013023237228
B0713152126873N10537345EA0105301027012012022229226
B0713162126871N10537343EA0105301026012013022225219
B0713172126870N10537341EA0105301026012013015228215
B0713182126869N10537339EA0105301025012012016235214
B0713192126867N10537336EA0105301025012012016238220
B0713202126865N10537332EA0105201025012012021237222
B0713212126863N10537329EA0105001024012011026234225
B0713222126861N10537326EA0104801024012013027235224
B0713232126858N10537322EA0104601024012012027243225
B0713242126856N10537319EA0104401023008012025244231
B0713252126855N10537316EA0104301023008011025232232
B0713262126852N10537312EA0104201023008010025225221
B0713272126848N10537309EA0104201023008010034225216
B0713282126845N10537305EA0104101023012010034236218
B0713292126842N10537301EA0104001022012010033242227
B0713302126840N10537297EA0103901022012010031242232
B0713312126838N10537293EA0103901021012011028242232
B0713322126836N10537289EA0103801021008011027240231
B0713332126834N10537285EA0103801020012014028249230
B0713342126833N10537280EA0103801020012016028252237
B0713352126831N10537275EA0103701020016018030250239
B0713362126830N10537271EA0103601019016017030244238
B0713372126828N10537266EA0103501019012015031240234
B0713382126825N10537262EA0103401018012014032241230
B0713392126823N10537257EA0103101018012014032247231
B0713402126822N10537252EA0102901017012013032247236
B0713412126820N10537247EA0102801017012014032247237
B0713422126818N10537243EA0102601017012015029244237
B0713432126817N10537239EA0102401016008014029250233
B0713442126815N10537235EA0102301016008012026252238
B0713452126814N10537230EA0102201016012013026253239
B0713462126813N10537225EA0102001016012014029250240
B0713472126812N10537220EA0101801016012018036249239
B0713482126810N10537214EA0101601015012017036251240
B0713492126808N10537210EA0101401015012016033258242
B0713502126808N10537204EA0101301014012014033258247
B0713512126806N10537199EA0101101014012014033254247
B0713522126805N10537193EA0101001014008013036251243
B0713532126803N10537188EA0100901013008013036251241
B0713542126802N10537183EA0100801013016016033254241
B0713552126800N10537178EA0100601012016016031258243
B0713562126800N10537173EA0100501011016016031259247
B0713572126799N10537168EA0100201011008014033253247
B0713582126798N10537163EA0100001011012015034243243
B0713592126795N10537158EA0099901011016017033244234
B0714002126793N10537153EA0099701010016017032244234
B0714012126791N10537149EA0099601010016017031246234
B0714022126789N10537144EA0099501009016017030246235
B0714032126788N10537140EA0099501009024021030245236
B0714042126785N10537136EA0099401008024022030243235
B0714052126783N10537132EA0099401007024022030242232
B0714062126781N10537127EA0099301007016020029241232
B0714072126779N10537123EA0099301006016020031241231
B0714082126777N10537118EA0099201006008017033243231
B0714092126775N10537114EA0099201005008015031247234
B0714102126773N10537109EA0099101005016015031256236
B0714112126772N10537105EA0099101005012014029256245
B0714122126771N10537100EA0099001004012014029255244
B0714132126769N10537096EA0099001004012014029252242
B0714142126768N10537092EA0098901003012014029245240
B0714152126766N10537088EA0098801003016016028242234
B0714162126764N10537084EA0098701003012015028241231
B0714172126761N10537080EA0098501002012015032243230
B0714182126759N10537075EA0098401001012016032246233
B0714192126757N10537071EA0098201001012016031247236
B0714202126755N10537067EA0098101000012015029248237
B0714212126754N10537063EA0098001000012015025246237
B0714222126753N10537060EA0097900999012017027238233
B0714232126750N10537055EA0097800999016019032238228
B0714242126748N10537051EA0097600998016020032241229
B0714252126746N10537047EA0097400997016020032245231
B0714262126745N10537042EA0097200996016021029255235
B0714272126744N10537037EA0096900996012021033255243
B0714282126742N10537032EA0096600996012020033252245
B0714292126741N10537027EA0096400995012019032251242
B0714302126740N10537022EA0096200995016019032256241
B0714312126739N10537017EA0095900994016020032260244
B0714322126738N10537012EA0095500994016019033260249
B0714332126737N10537007EA0095300993016019033249249
B0714342126735N10537002EA0095100993016021033244239
B0714352126733N10536997EA0095000993016027032249234
B0714362126732N10536992EA0094800992016033030255239
B0714372126731N10536987EA0094700992024032031256244
B0714382126730N10536982EA0094600991024029032250244
B0714392126728N10536977EA0094500991024027031249239
B0714402126727N10536973EA0094300990024026030251238
B0714412126725N10536970EA0094200989016028027257240
B0714422126725N10536966EA0094100988016030024257244
B0714432126724N10536963EA0094000987016027024256242
B0714442126723N10536960EA0093900986016024020248241
B0714452126722N10536957EA0093800985016023020245233
B0714462126721N10536954EA0093700984016022021244231
B0714472126719N10536950EA0093500983016022024247230
B0714482126718N10536946EA0093300981016023025252234
B0714492126717N10536942EA0093000980024026025253238
B0714502126715N10536938EA0092500978024025027250240
B0714512126714N10536934EA0092200977024025028243238
B0714522126712N10536929EA0092000976024025028243232
B0714532126710N10536925EA0091800975016023028246232
B0714542126709N10536921EA0091600973016023023250235
B0714552126708N10536919EA0091500972016023021252235
B0714562126707N10536916EA0091400970016023020252236
B0714572126707N10536913EA0091300969024023016253236
B0714582126706N10536911EA0091200968024026016249234
B0714592126705N10536908EA0091100967024027015247231
B0715002126705N10536905EA0091000966024027015247229
B0715012126704N10536903EA0090800965016025017256230
B0715022126703N10536899EA0090600963016025021257238
B0715032126702N10536895EA0090400962016025022251242
B0715042126701N10536891EA0090200961016023021249237
B0715052126700N10536888EA0090100960016023021262235
B0715062126700N10536885EA0090000957016025021274245
B0715072126700N10536882EA0089800954016025020263255
B0715082126700N10536879EA0089700952016024020244246
B0715092126699N10536876EA0089600950016025020230230
B0715102126697N10536874EA0089400947016022021235220
B0715112126695N10536871EA0089300945016023021239223
B0715122126694N10536868EA0089100942016023019238227
B0715132126691N10536864EA0089000940024024022231225
B0715142126688N10536861EA0088900938032024022226221
B0715152126685N10536857EA0088700936032024023223217
B0715162126681N10536854EA0088600933032023023220215
B0715172126678N10536852EA0088500931032023021216212
B0715182126675N10536850EA0088400929032022021213209
B0715192126672N10536849EA0088300927032022018205207
B0715202126670N10536847EA0088200924032021018208200
B0715212126667N10536846EA0088100922032022018206203
B0715222126664N10536844EA0088000920032024021199201
B0715232126661N10536843EA0087800918032023021199196
B0715242126657N10536842EA0087700916032023019199196
B0715252126654N10536842EA0087500914032023019185196
B0715262126650N10536842EA0087400913032023021186186
B0715272126647N10536841EA0087200911032022022190186
B0715282126643N10536840EA0087000909032022023193190
B0715292126639N10536839EA0086700907032022023194192
B0715302126635N10536838EA0086500905032024023191192
B0715312126630N10536837EA0086300902032023022192191
B0715322126626N10536836EA0086100900032022024193191
B0715332126622N10536835EA0085900898032021026191192
B0715342126617N10536835EA0085700896032021026183190
B0715352126612N10536835EA0085400895032021026179184
B0715362126607N10536835EA0085200893032021026175181
B0715372126603N10536835EA0085000892032019027175178
B0715382126599N10536835EA0084800890032018027179178
B0715392126594N10536835EA0084700887032018027179181
B0715402126590N10536836EA0084500885032018027172181
B0715412126586N10536836EA0084300882032018027167176
B0715422126581N10536838EA0083900880032020024167172
B0715432126578N10536838EA0083800878032019025169172
B0715442126573N10536839EA0083600876032018025172173
B0715452126568N10536840EA0083300869032019028168176
B0715462126563N10536842EA0083100867032018028161172
B0715472126559N10536843EA0082800865032020029161167
B0715482126555N10536844EA0082600863032018030166167
B0715492126551N10536845EA0082300862032019030170170
B0715502126545N10536846EA0082100860032021030171174
B0715512126541N10536847EA0081900859024023029170174
B0715522126537N10536848EA0081700857024021030169174
B0715532126532N10536849EA0081500855024019033171173
B0715542126527N10536849EA0081400854024018033171174
B0715552126522N10536851EA0081200853016017034169174
B0715562126517N10536852EA0081000851016017034168173
B0715572126513N10536853EA0080900849016017029166171
B0715582126508N10536854EA0080800848016020030168171
B0715592126503N10536855EA0080800847016023030168172
B0716002126499N10536856EA0080600846016024030168172
B0716012126495N10536857EA0080500844016025028167172
B0716022126491N10536857EA0080400843016025027166171
B0716032126487N10536858EA0080300842016024028168171
B0716042126482N10536859EA0080200841016023028169172
B0716052126477N10536860EA0080100840016022031170173
B0716062126472N10536861EA0080000838016021031173173
B0716072126467N10536861EA0079800836016020027180176
B0716082126463N10536861EA0079700835016019027178182
B0716092126459N10536861EA0079600833016018027178180
B0716102126454N10536861EA0079500831016017027179180
B0716112126449N10536862EA0079400829016017029184181
B0716122126444N10536861EA0079200828016016031189184
B0716132126439N10536860EA0079100826016016031193189
B0716142126434N10536858EA0079000824016017028194192
B0716152126430N10536857EA0078900822016018026195193
B0716162126427N10536856EA0078800820016019026192193
B0716172126422N10536855EA0078800818016018031194191
B0716182126417N10536854EA0078700816016017031196193
B0716192126413N10536852EA0078700814016018029198194
B0716202126410N10536852EA0078700812016017023197196
B0716212126406N10536851EA0078800811016017020192195
B0716222126403N10536850EA0078800810016016022192191
B0716232126400N10536849EA0078900808016018025195191
B0716242126396N10536848EA0078900806016018025193194
B0716252126393N10536847EA0078900805016017025190192
B0716262126390N10536846EA0078900803016017023192190
B0716272126388N10536845EA0078900800016017020193191
B0716282126385N10536844EA0079000798016016020192192
B0716292126383N10536843EA0079000795016016020192191
B0716302126381N10536842EA0079100793016018020195191
B0716312126378N10536841EA0079200790016017021196194
B0716322126375N10536841EA0079200788016016024192194
B0716332126371N10536840EA0079300787016015026186191
B0716342126367N10536840EA0079400785016015026183187
B0716352126362N10536839EA0079500784016016028180184
B0716362126357N10536840EA0079600784016019030177182
B0716372126352N10536840EA0079600783016017032174179
B0716382126346N10536841EA0079700783016016034168177
B0716392126341N10536842EA0079800783016015032163172
B0716402126336N10536844EA0079900783016015031157168
B0716412126332N10536846EA0080100783016014031152163
B0716422126327N10536849EA0080300783016015034151159
B0716432126322N10536853EA0080500783016016034144158
B0716442126319N10536856EA0080700783016017032139152
B0716452126316N10536859EA0080900784016017030136147
B0716462126313N10536862EA0081100784016018029133145
B0716472126310N10536865EA0081300784016017026135143
B0716482126307N10536869EA0081400784016015027138146
B0716492126304N10536872EA0081500784016015026138148
B0716502126301N10536874EA0081600784016015026145148
B0716512126297N10536877EA0081600784016015026151153
B0716522126293N10536879EA0081600783016016026166157
B0716532126288N10536880EA0081300783016016030168167
B0716542126284N10536879EA0081200783016018026182172
B0716552126279N10536877EA0081100782016023026237185
B0716562126278N10536872EA0080900782016023025253213
B0716572126277N10536867EA0080800781016023026260229
B0716582126276N10536862EA0080700780016026026263235
B0716592126276N10536856EA0080500779016025026278242
B0717002126277N10536852EA0080300777016024026308257
B0717012126280N10536848EA0080100776016026026310274
B0717022126283N10536845EA0079900776016028025331279
B0717032126288N10536843EA0079700776016027025354301
B0717042126292N10536843EA0079600775024028025009323
B0717052126297N10536844EA0079400775024026025012344
B0717062126302N10536845EA0079300774024024026015352
B0717072126307N10536846EA0079200773024021031021002
B0717082126312N10536848EA0079100772016019034030008
B0717092126316N10536850EA0079000771016019034047024
B0717102126319N10536853EA0078800771016018034061038
B0717112126321N10536858EA0078600771016019034094050
B0717122126320N10536863EA0078600770016020031109084
B0717132126319N10536867EA0078700769016024031110097
B0717142126317N10536872EA0078700768016024031115104
B0717152126314N10536877EA0078700766016025031120110
B0717162126311N10536881EA0078700764024025031127117
B0717172126308N10536885EA0078600763024024032136126
B0717182126304N10536889EA0078500761024023032140136
B0717192126301N10536891EA0078400759024021028150141
B0717202126299N10536893EA0078300756016020025153154
B0717212126295N10536895EA0078300755016019025151159
B0717222126291N10536897EA0078200754016019034151158
B0717232126286N10536900EA0078000753016020035156156
B0717242126282N10536901EA0077800752016020034160161
B0717252126276N10536903EA0077600751016020035157165
B0717262126271N10536905EA0077400750016020034156163
B0717272126266N10536907EA0077200749016021034155163
B0717282126262N10536909EA0076900748016019034160162
B0717292126258N10536910EA0076800748016017034164167
B0717302126253N10536911EA0076700747016016034173171
B0717312126248N10536912EA0076500746016015032173180
B0717322126244N10536912EA0076300745016016032174181
B0717332126239N10536913EA0076200745016018032176182
B0717342126234N10536913EA0076000744016017033175185
B0717352126228N10536914EA0075800744016020035172182
B0717362126223N10536915EA0075700743024021033177180
B0717372126218N10536915EA0075600742024020033173185
B0717382126213N10536915EA0075500741024019031174181
B0717392126208N10536916EA0075400740024018031175182
B0717402126202N10536916EA0075300738016018034177184
B0717412126196N10536916EA0075200737016017037176185
B0717422126191N10536917EA0075000736016017037176183
B0717432126185N10536917EA0074900735016017037178183
B0717442126178N10536917EA0074800735024020038181186
B0717452126171N10536916EA0074700734024018040186188
B0717462126165N10536915EA0074400734024017042191193
B0717472126158N10536914EA0074200733024016042188197
B0717482126152N10536913EA0074100733016016039188195
B0717492126146N10536912EA0073900732016017037189196
B0717502126141N10536911EA0073800732016016036193197
B0717512126135N10536910EA0073700731016016035195200
B0717522126130N10536908EA0073600730016016035191203
B0717532126125N10536907EA0073500729016015034186199
B0717542126121N10536906EA0073300728016016034189194
B0717552126116N10536905EA0073200727016017035191197
B0717562126111N10536905EA0073000726016016038191199
B0717572126105N10536904EA0072900724016016038185198
B0717582126098N10536903EA0072700723016016038181192
B0717592126092N10536903EA0072500722016015042187188
B0718002126085N10536902EA0072400721016015043187193
B0718012126079N10536902EA0072200720016015040186194
B0718022126073N10536901EA0072000719016015040182193
B0718032126067N10536902EA0071900718016015038176188
B0718042126061N10536902EA0071700717016015038178182
B0718052126055N10536902EA0071600715016014038184184
B0718062126049N10536902EA0071500714016014037187191
B0718072126043N10536901EA0071400712016014037185194
B0718082126037N10536900EA0071300710016014036181192
B0718092126032N10536899EA0071200708016015036181188
B0718102126027N10536898EA0071000705016016036182188
B0718112126022N10536897EA0070900703016015036188189
B0718122126017N10536896EA0070700702016014036193196
B0718132126012N10536895EA0070600700016014036197201
E071814PEVBackground
B0718142126007N10536893EA0070400699016020036194205
B0718152126002N10536892EA0070300698016025034193205
B0718162125999N10536891EA0070200697016035033194205
B0718172125994N10536889EA0070100696016037036205205
B0718182125990N10536887EA0070000696016038036204205
B0718192125985N10536884EA0069900695016036037204205
B0718202125980N10536882EA0069800694016032037204205
E071821PEVForeground
B0718212125975N10536880EA0069700694016027034203205
B0718222125971N10536878EA0069600693016026034201211
B0718232125966N10536876EA0069600692016023032205210
B0718242125962N10536874EA0069500691016021031205214
B0718252125957N10536872EA0069300690016019031204214
B0718262125953N10536869EA0069200689016030036201213
B0718272125947N10536867EA0069000689016037036201209
B0718282125942N10536865EA0068800689016032035202209
B0718292125937N10536863EA0068600689016032033203210
B0718302125933N10536861EA0068400689016027032203211
B0718312125929N10536859EA0068300689016024030204212
B0718322125925N10536857EA0068100689016024031206213
B0718332125921N10536855EA0067900689016025031208215
B0718342125916N10536852EA0067700688024028032210218
B0718352125912N10536850EA0067500688024029032212219
B0718362125908N10536847EA0067300687024050031212221
B0718372125905N10536845EA0067100687024045031214221
B0718382125901N10536841EA0066900686016039031218223
B0718392125897N10536838EA0066500685016033032220226
B0718402125894N10536834EA0066300685016028033217228
B0718412125890N10536830EA0066200684016026033214225
B0718422125885N10536827EA0066000683016023034212222
B0718432125879N10536823EA0065900682016022034213220
B0718442125876N10536820EA0065800681016020034216221
B0718452125871N10536816EA0065700679016020034218224
B0718462125867N10536812EA0065500678016019036215226
B0718472125863N10536808EA0065300677016018037216223
B0718482125857N10536804EA0065200676016018037219223
B0718492125853N10536800EA0065000675016018037225226
B0718502125849N10536796EA0064900673016018037226232
B0718512125845N10536792EA0064800672016018035225233
B0718522125841N10536788EA0064700671016018035225232
B0718532125837N10536784EA0064600670016018032225232
B0718542125834N10536780EA0064600668016018030230234
B0718552125831N10536776EA0064500667016018030228238
B0718562125827N10536772EA0064500666016018037224236
B0718572125822N10536768EA0064300665024022040219231
B0718582125817N10536764EA0064200664024022037223226
B0718592125813N10536759EA0064100662024020037229230
B0719002125809N10536754EA0064000661024020036229236
B0719012125806N10536750EA0063900659016020034226237
B0719022125802N10536745EA0063900658016020034226234
B0719032125799N10536741EA0063800655016019033234234
B0719042125796N10536736EA0063700653016022033239241
B0719052125793N10536731EA0063500651024025034239246
B0719062125790N10536726EA0063400650024026034237246
B0719072125787N10536721EA0063300648024027034237244
B0719082125784N10536716EA0063300647024028034238244
B0719092125781N10536711EA0063200645024028034248245
B0719102125779N10536705EA0063200643024028035245254
B0719112125777N10536700EA0063000642024027034239252
B0719122125774N10536695EA0062900641024025034234246
B0719132125770N10536691EA0062700640016027034233241
B0719142125768N10536686EA0062500638016024033239241
B0719152125765N10536682EA0062300637016023034239247
B0719162125762N10536677EA0062100636016024038232246
B0719172125759N10536673EA0062000636016027038230238
B0719182125755N10536668EA0061900635016026038227237
B0719192125751N10536664EA0061800634016026037225234
B0719202125748N10536660EA0061800633016028035227232
B0719212125744N10536656EA0061700631016025036228235
B0719222125740N10536651EA0061700629016022039227235
B0719232125735N10536646EA0061500626016021039225234
B0719242125730N10536640EA0061400623016020041224232
B0719252125725N10536635EA0061200620016019041223230
B0719262125720N10536630EA0061100617016018037223230
B0719272125716N10536625EA0061100615016017037224230
B0719282125712N10536621EA0061000612016018036226231
B0719292125708N10536617EA0061000609016017036227233
B0719302125704N10536613EA0060900607016016036228234
B0719312125701N10536609EA0060800605016016030228235
B0719322125697N10536605EA0060700604016016030224236
B0719332125694N10536602EA0060600603016015030222233
B0719342125691N10536599EA0060500601016015030229231
B0719352125688N10536596EA0060500599016015033231238
B0719362125685N10536591EA0060400598016015032239238
B0719372125683N10536588EA0060300596016015032246246
B0719382125681N10536583EA0060200593016015029279253
B0719392125682N10536580EA0060200590016015027300282
B0719402125684N10536577EA0060100587016017027305300
B0719412125687N10536572EA0060100585016023028309305
B0719422125690N10536569EA0060000583016023030310308
B0719432125693N10536565EA0059900581016022029306309
B0719442125695N10536561EA0059800579016029029302305
B0719452125697N10536557EA0059600578016027029296302
B0719462125699N10536553EA0059500576016026030295297
B0719472125701N10536548EA0059300575016027030301296
B0719482125703N10536545EA0059200574016024029301301
B0719492125705N10536540EA0059100573016023029292301
B0719502125707N10536535EA0058900572016023031284293
B0719512125708N10536530EA0058800571016022028287286
B0719522125710N10536525EA0058700570016021030293289
B0719532125712N10536521EA0058700569016023030296295
B0719542125714N10536516EA0058600567016025030293297
B0719552125715N10536512EA0058500564016027030282294
B0719562125716N10536506EA0058400563016028031277284
B0719572125716N10536501EA0058300561016026031279280
B0719582125717N10536497EA0058200559016024030284282
B0719592125718N10536492EA0058100558016025030278286
B0720002125719N10536487EA0058000556016024030269281
B0720012125719N10536481EA0057900554016023032264274
B0720022125718N10536476EA0057900553016025032269269
B0720032125718N10536471EA0057800551016023030277273
B0720042125719N10536468EA0057800549016021026272280
B0720052125719N10536463EA0057700548016021026262276
B0720062125718N10536459EA0057700546016018030266268
B0720072125717N10536454EA0057600545016018030275271
B0720082125717N10536450EA0057500544016023027288278
B0720092125719N10536446EA0057400544016023027289290
B0720102125720N10536442EA0057400543016022027289291
B0720112125721N10536438EA0057400542016023028289291
B0720122125723N10536434EA0057300540016021028298291
B0720132125725N10536430EA0057300539016022028311298
B0720142125728N10536426EA0057200539016022031315310
B0720152125731N10536423EA0057100538016022031312313
B0720162125734N10536419EA0056900538016020031305310
B0720172125736N10536415EA0056800538016019032305304
B0720182125739N10536411EA0056600537016021032306304
B0720192125742N10536407EA0056500536016019032318305
B0720202125745N10536404EA0056300535016019030325316
B0720212125748N10536402EA0056200534016019027324321
B0720222125751N10536399EA0056000533016019027319320
B0720232125754N10536396EA0055900532016018027321316
B0720242125758N10536393EA0055800530016017030323318
B0720252125762N10536389EA0055600529016018032323320
B0720262125766N10536386EA0055300528016017029322321
B0720272125770N10536383EA0055200526016017029320319
B0720282125773N10536379EA0055000524016015029321317
B0720292125777N10536376EA0054900523016015029321318
B0720302125780N10536374EA0054800521016014029319319
B0720312125783N10536371EA0054600520016013029315317
B0720322125786N10536367EA0054400518016013029315313
B0720332125789N10536364EA0054200517016013029315313
B0720342125792N10536361EA0054100516016013029316313
B0720352125795N10536358EA0053900515016015029315314
B0720362125798N10536355EA0053700513016022029309313
B0720372125801N10536350EA0053500511016024030294308
B0720382125802N10536345EA0053300510016025030283295
B0720392125803N10536339EA0053000508016026033292285
B0720402125805N10536335EA0052800506016027033301293
B0720412125807N10536331EA0052600504016028026301301
B0720422125809N10536327EA0052400502016025026285301
B0720432125810N10536322EA0052200500016023026281287
B0720442125810N10536317EA0051800499016026029288285
B0720452125811N10536312EA0051500498016027030300290
B0720462125814N10536308EA0051300497016024024296300
B0720472125816N10536305EA0051100494016021024277297
B0720482125816N10536302EA0050800492016022024279281
B0720492125816N10536298EA0050700491016022028291283
B0720502125818N10536294EA0050500489016021031308293
B0720512125821N10536290EA0050200487016024031310307
B0720522125823N10536286EA0050000486016022031295309
B0720532125825N10536282EA0049800485016020030282296
B0720542125826N10536277EA0049600484016024030292285
B0720552125828N10536272EA0049400483016026030302294
B0720562125832N10536267EA0049200482016026031310302
B0720572125835N10536264EA0048900480016029031305309
B0720582125837N10536260EA0048700478016026029305305
B0720592125840N10536255EA0048500477016023029316304
B0721002125844N10536252EA0048300475016021032332314
B0721012125849N10536249EA0048100473016020037343328
B0721022125855N10536247EA0047700471016021037340338
B0721032125860N10536245EA0047600469016019035337336
B0721042125865N10536243EA0047400467016020031340332
B0721052125870N10536242EA0047300465016019031349335
B0721062125875N10536241EA0047200462016019034358343
B0721072125881N10536241EA0047000460016021036007352
B0721082125887N10536242EA0046900457016020036009000
B0721092125893N10536242EA0046700455016021036006002
B0721102125899N10536243EA0046500454016020036005359
B0721112125904N10536243EA0046400453016019029004358
B0721122125909N10536244EA0046200453016017029006356
B0721132125914N10536244EA0046100452016016029006358
B0721142125918N10536244EA0046000450016019030004358
B0721152125923N10536244EA0045900449016020032002357
B0721162125928N10536244EA0045800448016020032359355
B0721172125933N10536243EA0045600446016019032357352
B0721182125937N10536243EA0045400445016019032357350
B0721192125942N10536243EA0045300443016020032001351
B0721202125948N10536243EA0045000441016021034002354
B0721212125953N10536243EA0044900439016020036003355
B0721222125959N10536243EA0044800438016019036006357
B0721232125964N10536243EA0044700437016020034009359
B0721242125968N10536244EA0044600436016019032013002
B0721252125972N10536245EA0044600434016020032013005
B0721262125976N10536246EA0044500432016020033012005
B0721272125981N10536247EA0044400431016019035012004
B0721282125985N10536249EA0044300430016019035015004
B0721292125991N10536250EA0044200428016018036021007
B0721302125996N10536252EA0044100427016017036021013
B0721312126001N10536254EA0044000426016017035021013
B0721322126006N10536256EA0043800424016016038019013
B0721332126011N10536258EA0043700423016017038017012
B0721342126017N10536260EA0043600422016017039020010
B0721352126023N10536263EA0043500420016019039020013
B0721362126028N10536265EA0043400419016018035020013
B0721372126033N10536267EA0043300418016016037023012
B0721382126038N10536269EA0043200416016015037025015
B0721392126043N10536272EA0042900414016015040025017
B0721402126049N10536275EA0042700413016018040025018
B0721412126054N10536277EA0042600413016017036028018
B0721422126058N10536280EA0042500412016018038031021
B0721432126064N10536283EA0042400412016018036030024
B0721442126068N10536286EA0042300411016017036025022
B0721452126073N10536289EA0042200411016019035024018
B0721462126078N10536291EA0042200410016018035025017
B0721472126083N10536293EA0042100410016016035024017
B0721482126087N10536295EA0042000410016017032020016
B0721492126091N10536297EA0042000410016016031020011
B0721502126096N10536299EA0041900409016017031016009
B0721512126102N10536301EA0041800408016019036019006
B0721522126106N10536303EA0041600407016019036021007
B0721532126111N10536306EA0041400406016020036021007
B0721542126116N10536308EA0041200406016019034024007
B0721552126120N10536310EA0041100405016020033028012
B0721562126124N10536313EA0041000404016021034027027
B0721572126129N10536315EA0040800404016020036028030
B0721582126134N10536318EA0040700403016020036028022
B0721592126139N10536321EA0040600403016019036025023
B0722002126145N10536323EA0040500402016019037023032
B0722012126150N10536326EA0040300401016018037025031
B0722022126154N10536328EA0040200400016017037027029
B0722032126159N10536331EA0040100399016016037030031
B0722042126164N10536334EA0040000399016015037031028
B0722052126169N10536337EA0039900398016014036031027
B0722062126174N10536340EA0039800397016014036031036
B0722072126179N10536343EA0039600396016016035030038
B0722082126183N10536345EA0039500395016018035029046
B0722092126187N10536347EA0039300394016018038028038
B0722102126192N10536350EA0039100393016016039034042
B0722112126196N10536354EA0038900391016016038036035
B0722122126201N10536358EA0038700390016015038035035
B0722132126205N10536361EA0038600388016015032031066
B0722142126209N10536364EA0038400387016016032032098
B0722152126212N10536367EA0038300385016016032037100
B0722162126216N10536370EA0038000383016017032055091
B0722172126218N10536375EA0037800381016017033063099
B0722182126221N10536380EA0037600379016016035080095
B0722192126221N10536386EA0037500377016016034087106
B0722202126220N10536392EA0037300374016016034093108
B0722212126218N10536399EA0037200372016018037105112
B0722222126216N10536405EA0037100368016019037122122
B0722232126212N10536410EA0036900365016020037140138
B0722242126206N10536414EA0036700361016022036155157
B0722252126200N10536416EA0036600359016022035161171
B0722262126195N10536418EA0036400357016023035164176
B0722272126190N10536419EA0036300355016023031173179
B0722282126186N10536419EA0036300354016022029181188
B0722292126182N10536419EA0036300353024027028191196
B0722302126179N10536418EA0036200352024028028196206
B0722312126175N10536416EA0036200351024028027202211
B0722322126171N10536414EA0036100350024028024206217
B0722332126168N10536412EA0036000349016029020216221
B0722342126165N10536410EA0035900348016028020216232
B0722362126162N10536408EA0035700347016026020215231
B0722372126159N10536406EA0035600346016024022206230
B0722382126156N10536404EA0035400345016022027200221
B0722392126152N10536403EA0035200344016020027190213
B0722402126148N10536402EA0035100342016025026188203
B0722412126144N10536401EA0034900341016030026191201
B0722422126140N10536400EA0034800340016028028192204
B0722432126136N10536399EA0034600339016027031194205
B0722442126132N10536398EA0034500338016025031195206
B0722452126128N10536397EA0034400338016025030196206
B0722462126124N10536395EA0034300336024025026199208
B0722472126118N10536393EA0034200335024028026205212
B0722482126114N10536390EA0034100334024028027209218
B0722492126110N10536388EA0034100333024033029207221
B0722502126106N10536386EA0034000331024033029205218
B0722512126102N10536384EA0033800329024031029205217
B0722522126100N10536382EA0033700327024030028205216
B0722532126097N10536380EA0033600324024030024205217
B0722542126093N10536379EA0033600322016028026209219
B0722552126090N10536376EA0033400319016026026212221
B0722562126087N10536374EA0033400317016027027211224
B0722572126084N10536372EA0033300314016027027209223
B0722582126081N10536370EA0033200312016024023209222
B0722592126078N10536368EA0033100311016024024212223
B0723002126075N10536366EA0032900310016023024218225
B0723012126073N10536364EA0032800308016023024221231
B0723022126071N10536361EA0032700307016022023231234
B0723032126070N10536358EA0032500305016021017240243
B0723042126068N10536355EA0032400303016021019250254
B0723052126067N10536351EA0032200302016022019251260
B0723062126066N10536346EA0032100300016022022259262
B0723072126066N10536341EA0031900298016021024257267
B0723082126065N10536337EA0031800296016021022256265
B0723092126064N10536333EA0031600294016020022256264
B0723102126063N10536329EA0031500293016020022255264
B0723112126062N10536325EA0031400291016019023255263
B0723122126061N10536322EA0031300289016019025256263
B0723132126060N10536317EA0031200287016017025257264
B0723142126059N10536313EA0030900285016016025254264
B0723152126058N10536309EA0030800284016016023253262
B0723162126057N10536305EA0030700282016015023257262
B0723172126056N10536301EA0030600281016014024263265
B0723182126056N10536296EA0030500279016015027263269
B0723192126056N10536292EA0030400277016016028263269
B0723202126055N10536288EA0030200275016016028263268
B0723212126055N10536283EA0030100274016015028264268
B0723222126054N10536279EA0029900273016015025265269
B0723232126054N10536276EA0029800271016015025267271
B0723242126054N10536271EA0029700270016020027267272
B0723252126054N10536266EA0029600269016022027267272
B0723262126054N10536261EA0029400267016021030267272
B0723272126054N10536255EA0029300266016019031269272
B0723282126054N10536251EA0029100265016018027273273
B0723292126054N10536246EA0029000263016018028273276
B0723302126054N10536241EA0028800262016016028266277
B0723312126054N10536236EA0028700260016015030253271
B0723322126052N10536231EA0028500258016015031246260
B0723332126050N10536226EA0028200257016016029253253
B0723342126049N10536221EA0028000255016016029264260
B0723352126049N10536217EA0027800253016014027270269
B0723362126049N10536213EA0027600252016015025264274
B0723372126049N10536209EA0027400251016016025252270
B0723382126048N10536205EA0027300249016019027246260
B0723392126046N10536201EA0027100248016024027248255
B0723402126044N10536197EA0026900247016023026249256
B0723412126043N10536194EA0026700247016022024250257
B0723422126042N10536191EA0026500246016024024251259
B0723432126041N10536187EA0026400245016022026252260
B0723442126040N10536183EA0026300243016025026252260
B0723452126039N10536180EA0026100242016026025245260
B0723462126037N10536177EA0026000242016026022235254
B0723472126035N10536174EA0025800240016024022233248
B0723482126033N10536170EA0025700239016024023234246
B0723492126032N10536167EA0025500238016028023236246
B0723502126030N10536164EA0025400236024031021228248
B0723512126028N10536162EA0025200235024032020206242
B0723522126025N10536160EA0024900234024032020184225
B0723532126022N10536160EA0024800232024027024173210
B0723542126019N10536161EA0024600232016027026169195
B0723552126015N10536161EA0024400231016027026166189
B0723562126011N10536163EA0024200230016029026166186
B0723572126008N10536164EA0024000229016029024165185
B0723582126004N10536165EA0023800228024027023164186
B0723592126000N10536166EA0023600228024030025158186
B0724002125997N10536168EA0023400228024031025154177
B0724012125993N10536170EA0023100227024028028154174
B0724022125989N10536172EA0022900226016025028153172
B0724032125985N10536174EA0022700225016025024152171
B0724042125982N10536176EA0022400224016025024151172
B0724052125978N10536178EA0022200222016025024158171
B0724062125974N10536180EA0022000221016024024161179
B0724072125970N10536182EA0021800219024027028160183
B0724082125965N10536183EA0021600217024028029145178
B0724092125962N10536186EA0021300216024030029131160
B0724102125960N10536190EA0021100215024034029142143
B0724112125957N10536193EA0020800213032037030150157
B0724122125952N10536196EA0020600212024034032148165
B0724132125948N10536199EA0020400211024032031140163
B0724142125944N10536202EA0020300209024032031138154
B0724152125940N10536206EA0020100207024032031138151
B0724162125937N10536209EA0019900204024032031137151
B0724172125933N10536213EA0019700201032037031131149
B0724182125930N10536217EA0019500197032048032127142
B0724192125927N10536222EA0019300193032046032126136
B0724202125924N10536225EA0019100189024042032132135
B0724212125921N10536229EA0018900185024038031137143
B0724222125917N10536233EA0018700181024036031138149
B0724232125913N10536237EA0018400177024034030129151
B0724242125910N10536242EA0018200172024033030124139
B0724252125907N10536246EA0018100168024030030131133
B0724262125902N10536251EA0017900164024029030142142
B0724272125897N10536254EA0017700161032027033148156
B0724282125892N10536257EA0017600158032037033149161
B0724292125887N10536259EA0017400155032039033153163
B0724302125882N10536261EA0017100153032037031157167
B0724312125878N10536262EA0016900151032039030161174
B0724322125874N10536263EA0016800150032034030168179
B0724332125868N10536264EA0016600149032031032174186
B0724342125864N10536264EA0016400149032028032172191
B0724352125860N10536264EA0016300148032025032170188
B0724362125857N10536264EA0016200146032026028169186
B0724372125854N10536264EA0016100144032026027174187
B0724382125850N10536264EA0016100143032027029182193
B0724392125845N10536263EA0016000141032024033186201
B0724402125840N10536262EA0016000140032024030186202
B0724412125836N10536261EA0016000139032023030186204
B0724422125831N10536260EA0015900138032023027186203
B0724432125826N10536259EA0015900136032027028186205
B0724442125821N10536258EA0015900134032027029186204
B0724452125816N10536257EA0015900131032026029185204
B0724462125812N10536257EA0015900129032026029183203
B0724472125808N10536256EA0015900126032030027176201
B0724482125798N10536257EA0015900121032027027173195
B0724492125794N10536257EA0015900120032024026175193
B0724502125789N10536257EA0015900118032025026172195
B0724512125786N10536257EA0015900116032025023169192
B0724522125782N10536257EA0016000113032032020169193
B0724532125778N10536258EA0016000111032028022170196
B0724542125774N10536258EA0016000108032026022169190
B0724552125769N10536259EA0016000106032023025159188
B0724562125765N10536261EA0015900104032020025152175
B0724572125761N10536263EA0015900102032023018149167
B0724582125758N10536265EA0015900101032023018149171
B0724592125756N10536266EA0015900100032022018152171
B0725002125753N10536268EA0015900099032020020147173
B0725012125749N10536270EA0015800099032019022135168
B0725022125746N10536273EA0015800099032019025133154
B0725032125743N10536276EA0015700099032018025131150
B0725042125741N10536278EA0015700100032019021134148
B0725052125739N10536280EA0015600099032020018131153
B0725062125737N10536283EA0015600098032023018115154
B0725072125736N10536287EA0015400096032021027113145
B0725082125735N10536291EA0015300095032020029106132
B0725092125734N10536295EA0015100095032019027108123
B0725102125733N10536298EA0015000095032019025103126
B0725112125733N10536301EA0014900094032019023081122
B0725122125734N10536305EA0014800094032021027075107
B0725132125735N10536310EA0014700094016021030079097
B0725142125736N10536315EA0014600094016019030078099
B0725152125738N10536321EA0014600093016018030079098
B0725162125738N10536325EA0014500093016019028077100
B0725172125739N10536329EA0014500092016018022078099
B0725182125740N10536332EA0014600090016018022076107
B0725192125742N10536337EA0014600089016028022062105
B0725202125745N10536341EA0014500087016034027054094
B0725212125748N10536345EA0014400085024042029038083
B0725222125752N10536348EA0014300084024041034022066
B0725232125757N10536350EA0014100082024035034017043
B0725242125762N10536351EA0014000081024030034017037
B0725252125767N10536353EA0013900079016030034018038
B0725262125771N10536354EA0013800078016029033011038
B0725272125776N10536355EA0013700077016027034003031
B0725282125781N10536355EA0013600077016027034354020
B0725292125787N10536355EA0013600077016027034355009
B0725302125793N10536355EA0013600076016026032356011
B0725312125798N10536354EA0013500076016027032353013
B0725322125804N10536353EA0013500075016025035353009
B0725332125811N10536352EA0013400074016025035356008
B0725342125816N10536352EA0013400073016024033356013
B0725352125821N10536351EA0013300071016027030342014
B0725362125826N10536350EA0013100070016027029329350
B0725372125830N10536347EA0013000069016025030327321
B0725382125835N10536344EA0012800068016027035318318
B0725392125840N10536340EA0012700067016029031318307
B0725402125844N10536337EA0012600067016026031319305
B0725412125847N10536334EA0012500067016026028313307
B0725422125850N10536330EA0012500066016026027309296
B0725432125853N10536327EA0012600065016026028306289
B0725442125855N10536323EA0012600064016025027308287
B0725452125858N10536318EA0012600063016024027309290
B0725462125861N10536315EA0012600062016023027301290
B0725472125863N10536312EA0012500062016023022283281
B0725482125864N10536308EA0012500061016022024279255
B0725492125865N10536304EA0012400061016021024290255
B0725502125866N10536299EA0012300061016021024295266
B0725512125868N10536296EA0012300061016020023275273
B0725522125869N10536292EA0012200060016019024250252
B0725532125868N10536288EA0012100059016018026237231
B0725542125866N10536284EA0012000058016018026241222
B0725552125864N10536280EA0011900058016018026242226
B0725562125862N10536276EA0011900057016017025239227
B0725572125860N10536273EA0011800057016020025231225
B0725582125857N10536270EA0011700057016023025217218
B0725592125854N10536267EA0011700057016025025206208
B0726002125850N10536266EA0011600057024032024178199
B0726012125847N10536267EA0011500057024028023161178
B0726022125843N10536268EA0011400057024027025144164
B0726032125840N10536271EA0011300056024028025145151
B0726042125837N10536273EA0011200056016028023145152
B0726052125834N10536275EA0011100055016030023140152
B0726062125831N10536277EA0010900054016028022140148
B0726072125829N10536278EA0010800054016025012148148
B0726082125827N10536279EA0010700053024027012161159
B0726092125825N10536280EA0010600053024024010152167
B0726102125823N10536281EA0010500054024021009130162
B0726112125823N10536282EA0010500054024020009129148
B0726122125823N10536282EA0010500053016018001126148
B0726132125823N10536282EA0010500053016018001133172
B0726142125823N10536282EA0010500052016018001142183
B0726152125823N10536282EA0010500052016017001144179
B0726162125824N10536282EA0010500051016020001147178
B0726172125824N10536282EA0010500050016022001147173
B0726182125824N10536282EA0010500049016025002146172
B0726192125824N10536282EA0010500048016027001145171
B0726202125824N10536282EA0010500047016027001146172
B0726212125824N10536282EA0010500046016024001147170
B0726222125823N10536282EA0010500045016027001147169
B0726232125823N10536283EA0010500044016023000148168
B0726242125822N10536283EA0010500044016024001143169
B0726252125822N10536283EA0010500043016025001141167
B0726262125822N10536283EA0010500043016024001143165
B0726272125822N10536283EA0010500042016026001145165
B0726282125823N10536284EA0010500042016028000146164
B0726292125823N10536283EA0010500042016032001150165
B0726302125824N10536283EA0010500042016042000149161
B0726312125824N10536283EA0010500042016038001150167
B0726322125824N10536283EA0010500043016032001150178
B0726332125825N10536283EA0010500043016027000149175
B0726342125824N10536283EA0010500043016029000149173
B0726352125824N10536283EA0010500043016025000149171
B0726362125824N10536282EA0010500044016025001149171
B0726372125824N10536282EA0010500044016023000149172
B0726382125825N10536282EA0010500045016022000149173
B0726392125825N10536282EA0010500045016022001149173
B0726402125825N10536283EA0010500046016020000149173
B0726412125825N10536282EA0010500046016018001153173
B0726422125825N10536282EA0010500047016029002152173
G2IbGyNkIllRalht/oT+YjW7qDwGwmpbTjr8IYoj8V1KHxly+3gLFjYlnocQGefRR
G9qejT4gVUiOIsAc6vmrA6MyP5vptZfbR9qw+/1VQI957i+XXrqnAj/VULMi6ES42
GF/8s2+1N0CI8eTuXEew3INJQR0rZfvjhRtbH2WFWIck=
